date,temp_old,q_old,temp_new,q_new,temperature,source,quality,year,doy
1980-01-01,0.2,Y,,,0.2,Hoburg 68550,Y,1980,1
1980-01-02,-1.8,Y,,,-1.8,Hoburg 68550,Y,1980,2
1980-01-03,-2.5,Y,,,-2.5,Hoburg 68550,Y,1980,3
1980-01-04,-1.8,Y,,,-1.8,Hoburg 68550,Y,1980,4
1980-01-05,-2.2,Y,,,-2.2,Hoburg 68550,Y,1980,5
1980-01-06,-2.2,Y,,,-2.2,Hoburg 68550,Y,1980,6
1980-01-07,-1.5,Y,,,-1.5,Hoburg 68550,Y,1980,7
1980-01-08,0,Y,,,0,Hoburg 68550,Y,1980,8
1980-01-09,-0.6,Y,,,-0.6,Hoburg 68550,Y,1980,9
1980-01-10,-2.8,Y,,,-2.8,Hoburg 68550,Y,1980,10
1980-01-11,-3,Y,,,-3,Hoburg 68550,Y,1980,11
1980-01-12,-1.7,Y,,,-1.7,Hoburg 68550,Y,1980,12
1980-01-13,-0.6,Y,,,-0.6,Hoburg 68550,Y,1980,13
1980-01-14,0.1,Y,,,0.1,Hoburg 68550,Y,1980,14
1980-01-15,0.3,Y,,,0.3,Hoburg 68550,Y,1980,15
1980-01-16,-1.8,Y,,,-1.8,Hoburg 68550,Y,1980,16
1980-01-17,0.1,Y,,,0.1,Hoburg 68550,Y,1980,17
1980-01-18,0.7,Y,,,0.7,Hoburg 68550,Y,1980,18
1980-01-19,0.1,Y,,,0.1,Hoburg 68550,Y,1980,19
1980-01-20,0.1,Y,,,0.1,Hoburg 68550,Y,1980,20
1980-01-21,-1.8,Y,,,-1.8,Hoburg 68550,Y,1980,21
1980-01-22,-0.1,Y,,,-0.1,Hoburg 68550,Y,1980,22
1980-01-23,1.1,Y,,,1.1,Hoburg 68550,Y,1980,23
1980-01-24,0.1,Y,,,0.1,Hoburg 68550,Y,1980,24
1980-01-25,-4.7,Y,,,-4.7,Hoburg 68550,Y,1980,25
1980-01-26,-7.6,Y,,,-7.6,Hoburg 68550,Y,1980,26
1980-01-27,-5,Y,,,-5,Hoburg 68550,Y,1980,27
1980-01-28,-6.5,Y,,,-6.5,Hoburg 68550,Y,1980,28
1980-01-29,-3,Y,,,-3,Hoburg 68550,Y,1980,29
1980-01-30,-2.9,Y,,,-2.9,Hoburg 68550,Y,1980,30
1980-01-31,-4.6,Y,,,-4.6,Hoburg 68550,Y,1980,31
1980-02-01,-4.7,Y,,,-4.7,Hoburg 68550,Y,1980,32
1980-02-02,-3.6,Y,,,-3.6,Hoburg 68550,Y,1980,33
1980-02-03,-2.5,Y,,,-2.5,Hoburg 68550,Y,1980,34
1980-02-04,-4.5,Y,,,-4.5,Hoburg 68550,Y,1980,35
1980-02-05,-5,Y,,,-5,Hoburg 68550,Y,1980,36
1980-02-06,-3.9,Y,,,-3.9,Hoburg 68550,Y,1980,37
1980-02-07,-4.3,Y,,,-4.3,Hoburg 68550,Y,1980,38
1980-02-08,-5.8,Y,,,-5.8,Hoburg 68550,Y,1980,39
1980-02-09,-5.6,Y,,,-5.6,Hoburg 68550,Y,1980,40
1980-02-10,-3.6,Y,,,-3.6,Hoburg 68550,Y,1980,41
1980-02-11,-2.9,Y,,,-2.9,Hoburg 68550,Y,1980,42
1980-02-12,-4.6,Y,,,-4.6,Hoburg 68550,Y,1980,43
1980-02-13,-3.8,Y,,,-3.8,Hoburg 68550,Y,1980,44
1980-02-14,-0.3,Y,,,-0.3,Hoburg 68550,Y,1980,45
1980-02-15,0.5,Y,,,0.5,Hoburg 68550,Y,1980,46
1980-02-16,0.4,Y,,,0.4,Hoburg 68550,Y,1980,47
1980-02-17,-1.3,Y,,,-1.3,Hoburg 68550,Y,1980,48
1980-02-18,-2.3,Y,,,-2.3,Hoburg 68550,Y,1980,49
1980-02-19,-0.4,Y,,,-0.4,Hoburg 68550,Y,1980,50
1980-02-20,-1.6,Y,,,-1.6,Hoburg 68550,Y,1980,51
1980-02-21,-3.3,Y,,,-3.3,Hoburg 68550,Y,1980,52
1980-02-22,-2.4,Y,,,-2.4,Hoburg 68550,Y,1980,53
1980-02-23,-1.9,Y,,,-1.9,Hoburg 68550,Y,1980,54
1980-02-24,-2.4,Y,,,-2.4,Hoburg 68550,Y,1980,55
1980-02-25,-3.7,Y,,,-3.7,Hoburg 68550,Y,1980,56
1980-02-26,-2.9,Y,,,-2.9,Hoburg 68550,Y,1980,57
1980-02-27,-2,Y,,,-2,Hoburg 68550,Y,1980,58
1980-02-28,-1.6,Y,,,-1.6,Hoburg 68550,Y,1980,59
1980-02-29,0,Y,,,0,Hoburg 68550,Y,1980,60
1980-03-01,1.6,Y,,,1.6,Hoburg 68550,Y,1980,61
1980-03-02,-0.7,Y,,,-0.7,Hoburg 68550,Y,1980,62
1980-03-03,-3.8,Y,,,-3.8,Hoburg 68550,Y,1980,63
1980-03-04,-4.1,Y,,,-4.1,Hoburg 68550,Y,1980,64
1980-03-05,-1.3,Y,,,-1.3,Hoburg 68550,Y,1980,65
1980-03-06,0,Y,,,0,Hoburg 68550,Y,1980,66
1980-03-07,-0.2,Y,,,-0.2,Hoburg 68550,Y,1980,67
1980-03-08,0.4,Y,,,0.4,Hoburg 68550,Y,1980,68
1980-03-09,-0.9,Y,,,-0.9,Hoburg 68550,Y,1980,69
1980-03-10,-1.3,Y,,,-1.3,Hoburg 68550,Y,1980,70
1980-03-11,-2.2,Y,,,-2.2,Hoburg 68550,Y,1980,71
1980-03-12,-0.2,Y,,,-0.2,Hoburg 68550,Y,1980,72
1980-03-13,-1.5,Y,,,-1.5,Hoburg 68550,Y,1980,73
1980-03-14,-1,Y,,,-1,Hoburg 68550,Y,1980,74
1980-03-15,-0.6,Y,,,-0.6,Hoburg 68550,Y,1980,75
1980-03-16,-0.7,Y,,,-0.7,Hoburg 68550,Y,1980,76
1980-03-17,-2.2,Y,,,-2.2,Hoburg 68550,Y,1980,77
1980-03-18,-4.3,Y,,,-4.3,Hoburg 68550,Y,1980,78
1980-03-19,-4.4,Y,,,-4.4,Hoburg 68550,Y,1980,79
1980-03-20,-5.5,Y,,,-5.5,Hoburg 68550,Y,1980,80
1980-03-21,-5.5,Y,,,-5.5,Hoburg 68550,Y,1980,81
1980-03-22,-4.7,Y,,,-4.7,Hoburg 68550,Y,1980,82
1980-03-23,-3.1,Y,,,-3.1,Hoburg 68550,Y,1980,83
1980-03-24,-1.9,Y,,,-1.9,Hoburg 68550,Y,1980,84
1980-03-25,-1.5,Y,,,-1.5,Hoburg 68550,Y,1980,85
1980-03-26,-2.5,Y,,,-2.5,Hoburg 68550,Y,1980,86
1980-03-27,-1.6,Y,,,-1.6,Hoburg 68550,Y,1980,87
1980-03-28,0.3,Y,,,0.3,Hoburg 68550,Y,1980,88
1980-03-29,0.9,Y,,,0.9,Hoburg 68550,Y,1980,89
1980-03-30,1.3,Y,,,1.3,Hoburg 68550,Y,1980,90
1980-03-31,1,Y,,,1,Hoburg 68550,Y,1980,91
1980-04-01,1.5,Y,,,1.5,Hoburg 68550,Y,1980,92
1980-04-02,0.2,Y,,,0.2,Hoburg 68550,Y,1980,93
1980-04-03,0.5,Y,,,0.5,Hoburg 68550,Y,1980,94
1980-04-04,1.3,Y,,,1.3,Hoburg 68550,Y,1980,95
1980-04-05,2.2,Y,,,2.2,Hoburg 68550,Y,1980,96
1980-04-06,2.4,Y,,,2.4,Hoburg 68550,Y,1980,97
1980-04-07,3.7,Y,,,3.7,Hoburg 68550,Y,1980,98
1980-04-08,2.4,Y,,,2.4,Hoburg 68550,Y,1980,99
1980-04-09,1.5,Y,,,1.5,Hoburg 68550,Y,1980,100
1980-04-10,2.2,Y,,,2.2,Hoburg 68550,Y,1980,101
1980-04-11,3,Y,,,3,Hoburg 68550,Y,1980,102
1980-04-12,4.3,Y,,,4.3,Hoburg 68550,Y,1980,103
1980-04-13,5.2,Y,,,5.2,Hoburg 68550,Y,1980,104
1980-04-14,5.3,Y,,,5.3,Hoburg 68550,Y,1980,105
1980-04-15,4.5,Y,,,4.5,Hoburg 68550,Y,1980,106
1980-04-16,5.4,Y,,,5.4,Hoburg 68550,Y,1980,107
1980-04-17,4.9,Y,,,4.9,Hoburg 68550,Y,1980,108
1980-04-18,4.1,Y,,,4.1,Hoburg 68550,Y,1980,109
1980-04-19,2.1,Y,,,2.1,Hoburg 68550,Y,1980,110
1980-04-20,2,Y,,,2,Hoburg 68550,Y,1980,111
1980-04-21,3.1,Y,,,3.1,Hoburg 68550,Y,1980,112
1980-04-22,4.3,Y,,,4.3,Hoburg 68550,Y,1980,113
1980-04-23,5.9,Y,,,5.9,Hoburg 68550,Y,1980,114
1980-04-24,7.2,Y,,,7.2,Hoburg 68550,Y,1980,115
1980-04-25,6.4,Y,,,6.4,Hoburg 68550,Y,1980,116
1980-04-26,3.1,Y,,,3.1,Hoburg 68550,Y,1980,117
1980-04-27,4.6,Y,,,4.6,Hoburg 68550,Y,1980,118
1980-04-28,7.9,Y,,,7.9,Hoburg 68550,Y,1980,119
1980-04-29,5.3,Y,,,5.3,Hoburg 68550,Y,1980,120
1980-04-30,3.8,Y,,,3.8,Hoburg 68550,Y,1980,121
1980-05-01,6.1,Y,,,6.1,Hoburg 68550,Y,1980,122
1980-05-02,4.5,Y,,,4.5,Hoburg 68550,Y,1980,123
1980-05-03,2.8,Y,,,2.8,Hoburg 68550,Y,1980,124
1980-05-04,2.6,Y,,,2.6,Hoburg 68550,Y,1980,125
1980-05-05,6.5,Y,,,6.5,Hoburg 68550,Y,1980,126
1980-05-06,5.8,Y,,,5.8,Hoburg 68550,Y,1980,127
1980-05-07,6.2,Y,,,6.2,Hoburg 68550,Y,1980,128
1980-05-08,5.9,Y,,,5.9,Hoburg 68550,Y,1980,129
1980-05-09,6.9,Y,,,6.9,Hoburg 68550,Y,1980,130
1980-05-10,6.9,Y,,,6.9,Hoburg 68550,Y,1980,131
1980-05-11,6,Y,,,6,Hoburg 68550,Y,1980,132
1980-05-12,6.2,Y,,,6.2,Hoburg 68550,Y,1980,133
1980-05-13,5.3,Y,,,5.3,Hoburg 68550,Y,1980,134
1980-05-14,5.5,Y,,,5.5,Hoburg 68550,Y,1980,135
1980-05-15,6.2,Y,,,6.2,Hoburg 68550,Y,1980,136
1980-05-16,9.1,Y,,,9.1,Hoburg 68550,Y,1980,137
1980-05-17,11,Y,,,11,Hoburg 68550,Y,1980,138
1980-05-18,10.1,Y,,,10.1,Hoburg 68550,Y,1980,139
1980-05-19,7.8,Y,,,7.8,Hoburg 68550,Y,1980,140
1980-05-20,4.3,Y,,,4.3,Hoburg 68550,Y,1980,141
1980-05-21,4.3,Y,,,4.3,Hoburg 68550,Y,1980,142
1980-05-22,4.5,Y,,,4.5,Hoburg 68550,Y,1980,143
1980-05-23,5.7,Y,,,5.7,Hoburg 68550,Y,1980,144
1980-05-24,6.8,Y,,,6.8,Hoburg 68550,Y,1980,145
1980-05-25,7.1,Y,,,7.1,Hoburg 68550,Y,1980,146
1980-05-26,6.8,Y,,,6.8,Hoburg 68550,Y,1980,147
1980-05-27,8,Y,,,8,Hoburg 68550,Y,1980,148
1980-05-28,11.1,Y,,,11.1,Hoburg 68550,Y,1980,149
1980-05-29,12.9,Y,,,12.9,Hoburg 68550,Y,1980,150
1980-05-30,9,Y,,,9,Hoburg 68550,Y,1980,151
1980-05-31,9.6,Y,,,9.6,Hoburg 68550,Y,1980,152
1980-06-01,8,Y,,,8,Hoburg 68550,Y,1980,153
1980-06-02,12.5,Y,,,12.5,Hoburg 68550,Y,1980,154
1980-06-03,13,Y,,,13,Hoburg 68550,Y,1980,155
1980-06-04,13.9,Y,,,13.9,Hoburg 68550,Y,1980,156
1980-06-05,17.3,Y,,,17.3,Hoburg 68550,Y,1980,157
1980-06-06,15.4,Y,,,15.4,Hoburg 68550,Y,1980,158
1980-06-07,16.8,Y,,,16.8,Hoburg 68550,Y,1980,159
1980-06-08,15.4,Y,,,15.4,Hoburg 68550,Y,1980,160
1980-06-09,17.3,Y,,,17.3,Hoburg 68550,Y,1980,161
1980-06-10,18.6,Y,,,18.6,Hoburg 68550,Y,1980,162
1980-06-11,18.3,Y,,,18.3,Hoburg 68550,Y,1980,163
1980-06-12,13.9,Y,,,13.9,Hoburg 68550,Y,1980,164
1980-06-13,10.8,Y,,,10.8,Hoburg 68550,Y,1980,165
1980-06-14,12.2,Y,,,12.2,Hoburg 68550,Y,1980,166
1980-06-15,15.8,Y,,,15.8,Hoburg 68550,Y,1980,167
1980-06-16,18.1,Y,,,18.1,Hoburg 68550,Y,1980,168
1980-06-17,16.2,Y,,,16.2,Hoburg 68550,Y,1980,169
1980-06-18,14.4,Y,,,14.4,Hoburg 68550,Y,1980,170
1980-06-19,14,Y,,,14,Hoburg 68550,Y,1980,171
1980-06-20,13.3,Y,,,13.3,Hoburg 68550,Y,1980,172
1980-06-21,13,Y,,,13,Hoburg 68550,Y,1980,173
1980-06-22,13.2,Y,,,13.2,Hoburg 68550,Y,1980,174
1980-06-23,12.9,Y,,,12.9,Hoburg 68550,Y,1980,175
1980-06-24,13.6,Y,,,13.6,Hoburg 68550,Y,1980,176
1980-06-25,14.1,Y,,,14.1,Hoburg 68550,Y,1980,177
1980-06-26,13.3,Y,,,13.3,Hoburg 68550,Y,1980,178
1980-06-27,13.7,Y,,,13.7,Hoburg 68550,Y,1980,179
1980-06-28,13.6,Y,,,13.6,Hoburg 68550,Y,1980,180
1980-06-29,13.7,Y,,,13.7,Hoburg 68550,Y,1980,181
1980-06-30,14.4,Y,,,14.4,Hoburg 68550,Y,1980,182
1980-07-01,14.3,Y,,,14.3,Hoburg 68550,Y,1980,183
1980-07-02,15.4,Y,,,15.4,Hoburg 68550,Y,1980,184
1980-07-03,15.6,Y,,,15.6,Hoburg 68550,Y,1980,185
1980-07-04,15.7,Y,,,15.7,Hoburg 68550,Y,1980,186
1980-07-05,15.8,Y,,,15.8,Hoburg 68550,Y,1980,187
1980-07-06,15.7,Y,,,15.7,Hoburg 68550,Y,1980,188
1980-07-07,15.7,Y,,,15.7,Hoburg 68550,Y,1980,189
1980-07-08,16,Y,,,16,Hoburg 68550,Y,1980,190
1980-07-09,16.2,Y,,,16.2,Hoburg 68550,Y,1980,191
1980-07-10,16.4,Y,,,16.4,Hoburg 68550,Y,1980,192
1980-07-11,16.3,Y,,,16.3,Hoburg 68550,Y,1980,193
1980-07-12,15.7,Y,,,15.7,Hoburg 68550,Y,1980,194
1980-07-13,15.3,Y,,,15.3,Hoburg 68550,Y,1980,195
1980-07-14,14,Y,,,14,Hoburg 68550,Y,1980,196
1980-07-15,15.2,Y,,,15.2,Hoburg 68550,Y,1980,197
1980-07-16,14.5,Y,,,14.5,Hoburg 68550,Y,1980,198
1980-07-17,15.2,Y,,,15.2,Hoburg 68550,Y,1980,199
1980-07-18,13.7,Y,,,13.7,Hoburg 68550,Y,1980,200
1980-07-19,14.2,Y,,,14.2,Hoburg 68550,Y,1980,201
1980-07-20,14.3,Y,,,14.3,Hoburg 68550,Y,1980,202
1980-07-21,14.4,Y,,,14.4,Hoburg 68550,Y,1980,203
1980-07-22,15.9,Y,,,15.9,Hoburg 68550,Y,1980,204
1980-07-23,17.6,Y,,,17.6,Hoburg 68550,Y,1980,205
1980-07-24,17,Y,,,17,Hoburg 68550,Y,1980,206
1980-07-25,19.3,Y,,,19.3,Hoburg 68550,Y,1980,207
1980-07-26,19,Y,,,19,Hoburg 68550,Y,1980,208
1980-07-27,19.3,Y,,,19.3,Hoburg 68550,Y,1980,209
1980-07-28,19.2,Y,,,19.2,Hoburg 68550,Y,1980,210
1980-07-29,19.9,Y,,,19.9,Hoburg 68550,Y,1980,211
1980-07-30,20.4,Y,,,20.4,Hoburg 68550,Y,1980,212
1980-07-31,20.5,Y,,,20.5,Hoburg 68550,Y,1980,213
1980-08-01,20.4,Y,,,20.4,Hoburg 68550,Y,1980,214
1980-08-02,19.3,Y,,,19.3,Hoburg 68550,Y,1980,215
1980-08-03,19.7,Y,,,19.7,Hoburg 68550,Y,1980,216
1980-08-04,19.7,Y,,,19.7,Hoburg 68550,Y,1980,217
1980-08-05,19.4,Y,,,19.4,Hoburg 68550,Y,1980,218
1980-08-06,17.5,Y,,,17.5,Hoburg 68550,Y,1980,219
1980-08-07,17.7,Y,,,17.7,Hoburg 68550,Y,1980,220
1980-08-08,15.4,Y,,,15.4,Hoburg 68550,Y,1980,221
1980-08-09,15.6,Y,,,15.6,Hoburg 68550,Y,1980,222
1980-08-10,13.6,Y,,,13.6,Hoburg 68550,Y,1980,223
1980-08-11,13,Y,,,13,Hoburg 68550,Y,1980,224
1980-08-12,15.1,Y,,,15.1,Hoburg 68550,Y,1980,225
1980-08-13,15.1,Y,,,15.1,Hoburg 68550,Y,1980,226
1980-08-14,15.6,Y,,,15.6,Hoburg 68550,Y,1980,227
1980-08-15,17.7,Y,,,17.7,Hoburg 68550,Y,1980,228
1980-08-16,17.6,Y,,,17.6,Hoburg 68550,Y,1980,229
1980-08-17,14.9,Y,,,14.9,Hoburg 68550,Y,1980,230
1980-08-18,15.4,Y,,,15.4,Hoburg 68550,Y,1980,231
1980-08-19,16.1,Y,,,16.1,Hoburg 68550,Y,1980,232
1980-08-20,16.1,Y,,,16.1,Hoburg 68550,Y,1980,233
1980-08-21,13.9,Y,,,13.9,Hoburg 68550,Y,1980,234
1980-08-22,14.3,Y,,,14.3,Hoburg 68550,Y,1980,235
1980-08-23,15.3,Y,,,15.3,Hoburg 68550,Y,1980,236
1980-08-24,13.5,Y,,,13.5,Hoburg 68550,Y,1980,237
1980-08-25,13.8,Y,,,13.8,Hoburg 68550,Y,1980,238
1980-08-26,13.6,Y,,,13.6,Hoburg 68550,Y,1980,239
1980-08-27,13.5,Y,,,13.5,Hoburg 68550,Y,1980,240
1980-08-28,14.7,Y,,,14.7,Hoburg 68550,Y,1980,241
1980-08-29,15.2,Y,,,15.2,Hoburg 68550,Y,1980,242
1980-08-30,13.5,Y,,,13.5,Hoburg 68550,Y,1980,243
1980-08-31,11.6,Y,,,11.6,Hoburg 68550,Y,1980,244
1980-09-01,12.3,Y,,,12.3,Hoburg 68550,Y,1980,245
1980-09-02,13.9,Y,,,13.9,Hoburg 68550,Y,1980,246
1980-09-03,14.3,Y,,,14.3,Hoburg 68550,Y,1980,247
1980-09-04,15.2,Y,,,15.2,Hoburg 68550,Y,1980,248
1980-09-05,14.6,Y,,,14.6,Hoburg 68550,Y,1980,249
1980-09-06,14.8,Y,,,14.8,Hoburg 68550,Y,1980,250
1980-09-07,15.1,Y,,,15.1,Hoburg 68550,Y,1980,251
1980-09-08,15.6,Y,,,15.6,Hoburg 68550,Y,1980,252
1980-09-09,15.6,Y,,,15.6,Hoburg 68550,Y,1980,253
1980-09-10,13.5,Y,,,13.5,Hoburg 68550,Y,1980,254
1980-09-11,12.8,Y,,,12.8,Hoburg 68550,Y,1980,255
1980-09-12,13.4,Y,,,13.4,Hoburg 68550,Y,1980,256
1980-09-13,14.2,Y,,,14.2,Hoburg 68550,Y,1980,257
1980-09-14,13.1,Y,,,13.1,Hoburg 68550,Y,1980,258
1980-09-15,12.7,Y,,,12.7,Hoburg 68550,Y,1980,259
1980-09-16,13.4,Y,,,13.4,Hoburg 68550,Y,1980,260
1980-09-17,12.8,Y,,,12.8,Hoburg 68550,Y,1980,261
1980-09-18,12.3,Y,,,12.3,Hoburg 68550,Y,1980,262
1980-09-19,12.7,Y,,,12.7,Hoburg 68550,Y,1980,263
1980-09-20,13.2,Y,,,13.2,Hoburg 68550,Y,1980,264
1980-09-21,13.9,Y,,,13.9,Hoburg 68550,Y,1980,265
1980-09-22,13.2,Y,,,13.2,Hoburg 68550,Y,1980,266
1980-09-23,13.1,Y,,,13.1,Hoburg 68550,Y,1980,267
1980-09-24,13.7,Y,,,13.7,Hoburg 68550,Y,1980,268
1980-09-25,12.4,Y,,,12.4,Hoburg 68550,Y,1980,269
1980-09-26,11.3,Y,,,11.3,Hoburg 68550,Y,1980,270
1980-09-27,11.2,Y,,,11.2,Hoburg 68550,Y,1980,271
1980-09-28,10.4,Y,,,10.4,Hoburg 68550,Y,1980,272
1980-09-29,11.6,Y,,,11.6,Hoburg 68550,Y,1980,273
1980-09-30,11.8,Y,,,11.8,Hoburg 68550,Y,1980,274
1980-10-01,11.6,Y,,,11.6,Hoburg 68550,Y,1980,275
1980-10-02,11.2,Y,,,11.2,Hoburg 68550,Y,1980,276
1980-10-03,10,Y,,,10,Hoburg 68550,Y,1980,277
1980-10-04,9.5,Y,,,9.5,Hoburg 68550,Y,1980,278
1980-10-05,10.4,Y,,,10.4,Hoburg 68550,Y,1980,279
1980-10-06,9.7,Y,,,9.7,Hoburg 68550,Y,1980,280
1980-10-07,11,Y,,,11,Hoburg 68550,Y,1980,281
1980-10-08,10.5,Y,,,10.5,Hoburg 68550,Y,1980,282
1980-10-09,10.5,Y,,,10.5,Hoburg 68550,Y,1980,283
1980-10-10,10,Y,,,10,Hoburg 68550,Y,1980,284
1980-10-11,8.2,Y,,,8.2,Hoburg 68550,Y,1980,285
1980-10-12,9,Y,,,9,Hoburg 68550,Y,1980,286
1980-10-13,8.9,Y,,,8.9,Hoburg 68550,Y,1980,287
1980-10-14,10,Y,,,10,Hoburg 68550,Y,1980,288
1980-10-15,8.5,Y,,,8.5,Hoburg 68550,Y,1980,289
1980-10-16,6.5,Y,,,6.5,Hoburg 68550,Y,1980,290
1980-10-17,9.2,Y,,,9.2,Hoburg 68550,Y,1980,291
1980-10-18,10.7,Y,,,10.7,Hoburg 68550,Y,1980,292
1980-10-19,8.8,Y,,,8.8,Hoburg 68550,Y,1980,293
1980-10-20,7.6,Y,,,7.6,Hoburg 68550,Y,1980,294
1980-10-21,5.4,Y,,,5.4,Hoburg 68550,Y,1980,295
1980-10-22,4.1,Y,,,4.1,Hoburg 68550,Y,1980,296
1980-10-23,6.1,Y,,,6.1,Hoburg 68550,Y,1980,297
1980-10-24,8.7,Y,,,8.7,Hoburg 68550,Y,1980,298
1980-10-25,7.1,Y,,,7.1,Hoburg 68550,Y,1980,299
1980-10-26,1.9,Y,,,1.9,Hoburg 68550,Y,1980,300
1980-10-27,4.9,Y,,,4.9,Hoburg 68550,Y,1980,301
1980-10-28,8.7,Y,,,8.7,Hoburg 68550,Y,1980,302
1980-10-29,7.9,Y,,,7.9,Hoburg 68550,Y,1980,303
1980-10-30,3.4,Y,,,3.4,Hoburg 68550,Y,1980,304
1980-10-31,1,Y,,,1,Hoburg 68550,Y,1980,305
1980-11-01,1,Y,,,1,Hoburg 68550,Y,1980,306
1980-11-02,-0.1,Y,,,-0.1,Hoburg 68550,Y,1980,307
1980-11-03,-0.1,Y,,,-0.1,Hoburg 68550,Y,1980,308
1980-11-04,0.3,Y,,,0.3,Hoburg 68550,Y,1980,309
1980-11-05,2.8,Y,,,2.8,Hoburg 68550,Y,1980,310
1980-11-06,1.7,Y,,,1.7,Hoburg 68550,Y,1980,311
1980-11-07,3.3,Y,,,3.3,Hoburg 68550,Y,1980,312
1980-11-08,3.7,Y,,,3.7,Hoburg 68550,Y,1980,313
1980-11-09,2.5,Y,,,2.5,Hoburg 68550,Y,1980,314
1980-11-10,-0.6,Y,,,-0.6,Hoburg 68550,Y,1980,315
1980-11-11,1.4,Y,,,1.4,Hoburg 68550,Y,1980,316
1980-11-12,4,Y,,,4,Hoburg 68550,Y,1980,317
1980-11-13,2.5,Y,,,2.5,Hoburg 68550,Y,1980,318
1980-11-14,4.7,Y,,,4.7,Hoburg 68550,Y,1980,319
1980-11-15,4.5,Y,,,4.5,Hoburg 68550,Y,1980,320
1980-11-16,5.8,Y,,,5.8,Hoburg 68550,Y,1980,321
1980-11-17,6.4,Y,,,6.4,Hoburg 68550,Y,1980,322
1980-11-18,7.4,Y,,,7.4,Hoburg 68550,Y,1980,323
1980-11-19,2.6,Y,,,2.6,Hoburg 68550,Y,1980,324
1980-11-20,0.9,Y,,,0.9,Hoburg 68550,Y,1980,325
1980-11-21,6.1,Y,,,6.1,Hoburg 68550,Y,1980,326
1980-11-22,6.6,Y,,,6.6,Hoburg 68550,Y,1980,327
1980-11-23,7,Y,,,7,Hoburg 68550,Y,1980,328
1980-11-24,4.3,Y,,,4.3,Hoburg 68550,Y,1980,329
1980-11-25,-0.5,Y,,,-0.5,Hoburg 68550,Y,1980,330
1980-11-26,-1.2,Y,,,-1.2,Hoburg 68550,Y,1980,331
1980-11-27,-0.8,Y,,,-0.8,Hoburg 68550,Y,1980,332
1980-11-28,2.7,Y,,,2.7,Hoburg 68550,Y,1980,333
1980-11-29,-0.2,Y,,,-0.2,Hoburg 68550,Y,1980,334
1980-11-30,-2.5,Y,,,-2.5,Hoburg 68550,Y,1980,335
1980-12-01,0.8,Y,,,0.8,Hoburg 68550,Y,1980,336
1980-12-02,2.6,Y,,,2.6,Hoburg 68550,Y,1980,337
1980-12-03,-0.4,Y,,,-0.4,Hoburg 68550,Y,1980,338
1980-12-04,-4.6,Y,,,-4.6,Hoburg 68550,Y,1980,339
1980-12-05,-3.8,Y,,,-3.8,Hoburg 68550,Y,1980,340
1980-12-06,-4.8,Y,,,-4.8,Hoburg 68550,Y,1980,341
1980-12-07,-3.1,Y,,,-3.1,Hoburg 68550,Y,1980,342
1980-12-08,-1,Y,,,-1,Hoburg 68550,Y,1980,343
1980-12-09,3.4,Y,,,3.4,Hoburg 68550,Y,1980,344
1980-12-10,4.3,Y,,,4.3,Hoburg 68550,Y,1980,345
1980-12-11,4,Y,,,4,Hoburg 68550,Y,1980,346
1980-12-12,2.1,Y,,,2.1,Hoburg 68550,Y,1980,347
1980-12-13,4.2,Y,,,4.2,Hoburg 68550,Y,1980,348
1980-12-14,4.8,Y,,,4.8,Hoburg 68550,Y,1980,349
1980-12-15,4.6,Y,,,4.6,Hoburg 68550,Y,1980,350
1980-12-16,-0.5,Y,,,-0.5,Hoburg 68550,Y,1980,351
1980-12-17,1,Y,,,1,Hoburg 68550,Y,1980,352
1980-12-18,2,Y,,,2,Hoburg 68550,Y,1980,353
1980-12-19,1.7,Y,,,1.7,Hoburg 68550,Y,1980,354
1980-12-20,1.8,Y,,,1.8,Hoburg 68550,Y,1980,355
1980-12-21,3,Y,,,3,Hoburg 68550,Y,1980,356
1980-12-22,2.2,Y,,,2.2,Hoburg 68550,Y,1980,357
1980-12-23,3.5,Y,,,3.5,Hoburg 68550,Y,1980,358
1980-12-24,3.2,Y,,,3.2,Hoburg 68550,Y,1980,359
1980-12-25,3.8,Y,,,3.8,Hoburg 68550,Y,1980,360
1980-12-26,2.9,Y,,,2.9,Hoburg 68550,Y,1980,361
1980-12-27,1.5,Y,,,1.5,Hoburg 68550,Y,1980,362
1980-12-28,2.1,Y,,,2.1,Hoburg 68550,Y,1980,363
1980-12-29,4,Y,,,4,Hoburg 68550,Y,1980,364
1980-12-30,4.1,Y,,,4.1,Hoburg 68550,Y,1980,365
1980-12-31,4.6,Y,,,4.6,Hoburg 68550,Y,1980,366
1981-01-01,2.2,Y,,,2.2,Hoburg 68550,Y,1981,1
1981-01-02,0.8,Y,,,0.8,Hoburg 68550,Y,1981,2
1981-01-03,0.7,Y,,,0.7,Hoburg 68550,Y,1981,3
1981-01-04,-2.4,Y,,,-2.4,Hoburg 68550,Y,1981,4
1981-01-05,-3.9,Y,,,-3.9,Hoburg 68550,Y,1981,5
1981-01-06,-5.5,Y,,,-5.5,Hoburg 68550,Y,1981,6
1981-01-07,-5.7,Y,,,-5.7,Hoburg 68550,Y,1981,7
1981-01-08,-2.8,Y,,,-2.8,Hoburg 68550,Y,1981,8
1981-01-09,1.7,Y,,,1.7,Hoburg 68550,Y,1981,9
1981-01-10,1.1,Y,,,1.1,Hoburg 68550,Y,1981,10
1981-01-11,-0.6,Y,,,-0.6,Hoburg 68550,Y,1981,11
1981-01-12,0.8,Y,,,0.8,Hoburg 68550,Y,1981,12
1981-01-13,-0.5,Y,,,-0.5,Hoburg 68550,Y,1981,13
1981-01-14,-1,Y,,,-1,Hoburg 68550,Y,1981,14
1981-01-15,0.1,Y,,,0.1,Hoburg 68550,Y,1981,15
1981-01-16,-1,Y,,,-1,Hoburg 68550,Y,1981,16
1981-01-17,-2.6,Y,,,-2.6,Hoburg 68550,Y,1981,17
1981-01-18,-4.5,Y,,,-4.5,Hoburg 68550,Y,1981,18
1981-01-19,-4.1,Y,,,-4.1,Hoburg 68550,Y,1981,19
1981-01-20,-2.8,Y,,,-2.8,Hoburg 68550,Y,1981,20
1981-01-21,-3.7,Y,,,-3.7,Hoburg 68550,Y,1981,21
1981-01-22,-0.7,Y,,,-0.7,Hoburg 68550,Y,1981,22
1981-01-23,0.8,Y,,,0.8,Hoburg 68550,Y,1981,23
1981-01-24,1.7,Y,,,1.7,Hoburg 68550,Y,1981,24
1981-01-25,1.3,Y,,,1.3,Hoburg 68550,Y,1981,25
1981-01-26,-0.8,Y,,,-0.8,Hoburg 68550,Y,1981,26
1981-01-27,-0.5,Y,,,-0.5,Hoburg 68550,Y,1981,27
1981-01-28,0.6,Y,,,0.6,Hoburg 68550,Y,1981,28
1981-01-29,0.6,Y,,,0.6,Hoburg 68550,Y,1981,29
1981-01-30,2.1,Y,,,2.1,Hoburg 68550,Y,1981,30
1981-01-31,3.6,Y,,,3.6,Hoburg 68550,Y,1981,31
1981-02-01,3.5,Y,,,3.5,Hoburg 68550,Y,1981,32
1981-02-02,2.9,Y,,,2.9,Hoburg 68550,Y,1981,33
1981-02-03,1.5,Y,,,1.5,Hoburg 68550,Y,1981,34
1981-02-04,1.3,Y,,,1.3,Hoburg 68550,Y,1981,35
1981-02-05,0.4,Y,,,0.4,Hoburg 68550,Y,1981,36
1981-02-06,-0.1,Y,,,-0.1,Hoburg 68550,Y,1981,37
1981-02-07,2.9,Y,,,2.9,Hoburg 68550,Y,1981,38
1981-02-08,2.4,Y,,,2.4,Hoburg 68550,Y,1981,39
1981-02-09,1.2,Y,,,1.2,Hoburg 68550,Y,1981,40
1981-02-10,-0.3,Y,,,-0.3,Hoburg 68550,Y,1981,41
1981-02-11,0.3,Y,,,0.3,Hoburg 68550,Y,1981,42
1981-02-12,-0.4,Y,,,-0.4,Hoburg 68550,Y,1981,43
1981-02-13,-3.3,Y,,,-3.3,Hoburg 68550,Y,1981,44
1981-02-14,-2.9,Y,,,-2.9,Hoburg 68550,Y,1981,45
1981-02-15,-0.7,Y,,,-0.7,Hoburg 68550,Y,1981,46
1981-02-16,-0.8,Y,,,-0.8,Hoburg 68550,Y,1981,47
1981-02-17,0,Y,,,0,Hoburg 68550,Y,1981,48
1981-02-18,-0.8,Y,,,-0.8,Hoburg 68550,Y,1981,49
1981-02-19,-3.7,Y,,,-3.7,Hoburg 68550,Y,1981,50
1981-02-20,-3.5,Y,,,-3.5,Hoburg 68550,Y,1981,51
1981-02-21,-2.9,Y,,,-2.9,Hoburg 68550,Y,1981,52
1981-02-22,-2.3,Y,,,-2.3,Hoburg 68550,Y,1981,53
1981-02-23,-0.4,Y,,,-0.4,Hoburg 68550,Y,1981,54
1981-02-24,0.2,Y,,,0.2,Hoburg 68550,Y,1981,55
1981-02-25,0.4,Y,,,0.4,Hoburg 68550,Y,1981,56
1981-02-26,-0.8,Y,,,-0.8,Hoburg 68550,Y,1981,57
1981-02-27,-0.7,Y,,,-0.7,Hoburg 68550,Y,1981,58
1981-02-28,-1.4,Y,,,-1.4,Hoburg 68550,Y,1981,59
1981-03-01,-0.9,Y,,,-0.9,Hoburg 68550,Y,1981,60
1981-03-02,-1.4,Y,,,-1.4,Hoburg 68550,Y,1981,61
1981-03-03,-1.5,Y,,,-1.5,Hoburg 68550,Y,1981,62
1981-03-04,-2.3,Y,,,-2.3,Hoburg 68550,Y,1981,63
1981-03-05,-2.1,Y,,,-2.1,Hoburg 68550,Y,1981,64
1981-03-06,-1.7,Y,,,-1.7,Hoburg 68550,Y,1981,65
1981-03-07,-0.2,Y,,,-0.2,Hoburg 68550,Y,1981,66
1981-03-08,2.8,Y,,,2.8,Hoburg 68550,Y,1981,67
1981-03-09,3.1,Y,,,3.1,Hoburg 68550,Y,1981,68
1981-03-10,1.5,Y,,,1.5,Hoburg 68550,Y,1981,69
1981-03-11,-0.6,Y,,,-0.6,Hoburg 68550,Y,1981,70
1981-03-12,-4,Y,,,-4,Hoburg 68550,Y,1981,71
1981-03-13,-1.7,Y,,,-1.7,Hoburg 68550,Y,1981,72
1981-03-14,-3.5,Y,,,-3.5,Hoburg 68550,Y,1981,73
1981-03-15,-4.4,Y,,,-4.4,Hoburg 68550,Y,1981,74
1981-03-16,-3.3,Y,,,-3.3,Hoburg 68550,Y,1981,75
1981-03-17,-0.8,Y,,,-0.8,Hoburg 68550,Y,1981,76
1981-03-18,-1.2,Y,,,-1.2,Hoburg 68550,Y,1981,77
1981-03-19,1.2,Y,,,1.2,Hoburg 68550,Y,1981,78
1981-03-20,2.2,Y,,,2.2,Hoburg 68550,Y,1981,79
1981-03-21,2.2,Y,,,2.2,Hoburg 68550,Y,1981,80
1981-03-22,4.5,Y,,,4.5,Hoburg 68550,Y,1981,81
1981-03-23,3.4,Y,,,3.4,Hoburg 68550,Y,1981,82
1981-03-24,2.8,Y,,,2.8,Hoburg 68550,Y,1981,83
1981-03-25,2.6,Y,,,2.6,Hoburg 68550,Y,1981,84
1981-03-26,3.2,Y,,,3.2,Hoburg 68550,Y,1981,85
1981-03-27,1.2,Y,,,1.2,Hoburg 68550,Y,1981,86
1981-03-28,-1.1,Y,,,-1.1,Hoburg 68550,Y,1981,87
1981-03-29,1.5,Y,,,1.5,Hoburg 68550,Y,1981,88
1981-03-30,2.6,Y,,,2.6,Hoburg 68550,Y,1981,89
1981-03-31,4,Y,,,4,Hoburg 68550,Y,1981,90
1981-04-01,3.1,Y,,,3.1,Hoburg 68550,Y,1981,91
1981-04-02,3.7,Y,,,3.7,Hoburg 68550,Y,1981,92
1981-04-03,3.1,Y,,,3.1,Hoburg 68550,Y,1981,93
1981-04-04,3.4,Y,,,3.4,Hoburg 68550,Y,1981,94
1981-04-05,2.8,Y,,,2.8,Hoburg 68550,Y,1981,95
1981-04-06,4.1,Y,,,4.1,Hoburg 68550,Y,1981,96
1981-04-07,5.4,Y,,,5.4,Hoburg 68550,Y,1981,97
1981-04-08,4.2,Y,,,4.2,Hoburg 68550,Y,1981,98
1981-04-09,5.4,Y,,,5.4,Hoburg 68550,Y,1981,99
1981-04-10,5.8,Y,,,5.8,Hoburg 68550,Y,1981,100
1981-04-11,5.9,Y,,,5.9,Hoburg 68550,Y,1981,101
1981-04-12,5.8,Y,,,5.8,Hoburg 68550,Y,1981,102
1981-04-13,6.4,Y,,,6.4,Hoburg 68550,Y,1981,103
1981-04-14,4.9,Y,,,4.9,Hoburg 68550,Y,1981,104
1981-04-15,4.6,Y,,,4.6,Hoburg 68550,Y,1981,105
1981-04-16,2.2,Y,,,2.2,Hoburg 68550,Y,1981,106
1981-04-17,1.3,Y,,,1.3,Hoburg 68550,Y,1981,107
1981-04-18,1.7,Y,,,1.7,Hoburg 68550,Y,1981,108
1981-04-19,3,Y,,,3,Hoburg 68550,Y,1981,109
1981-04-20,3.1,Y,,,3.1,Hoburg 68550,Y,1981,110
1981-04-21,2.9,Y,,,2.9,Hoburg 68550,Y,1981,111
1981-04-22,-0.3,Y,,,-0.3,Hoburg 68550,Y,1981,112
1981-04-23,0.3,Y,,,0.3,Hoburg 68550,Y,1981,113
1981-04-24,-0.4,Y,,,-0.4,Hoburg 68550,Y,1981,114
1981-04-25,2.9,Y,,,2.9,Hoburg 68550,Y,1981,115
1981-04-26,3.5,Y,,,3.5,Hoburg 68550,Y,1981,116
1981-04-27,4.4,Y,,,4.4,Hoburg 68550,Y,1981,117
1981-04-28,3,Y,,,3,Hoburg 68550,Y,1981,118
1981-04-29,3.4,Y,,,3.4,Hoburg 68550,Y,1981,119
1981-04-30,3.3,Y,,,3.3,Hoburg 68550,Y,1981,120
1981-05-01,4.1,Y,,,4.1,Hoburg 68550,Y,1981,121
1981-05-02,3.4,Y,,,3.4,Hoburg 68550,Y,1981,122
1981-05-03,2.3,Y,,,2.3,Hoburg 68550,Y,1981,123
1981-05-04,4.2,Y,,,4.2,Hoburg 68550,Y,1981,124
1981-05-05,6.2,Y,,,6.2,Hoburg 68550,Y,1981,125
1981-05-06,6.2,Y,,,6.2,Hoburg 68550,Y,1981,126
1981-05-07,2.8,Y,,,2.8,Hoburg 68550,Y,1981,127
1981-05-08,7.7,Y,,,7.7,Hoburg 68550,Y,1981,128
1981-05-09,12.2,Y,,,12.2,Hoburg 68550,Y,1981,129
1981-05-10,14,Y,,,14,Hoburg 68550,Y,1981,130
1981-05-11,15.8,Y,,,15.8,Hoburg 68550,Y,1981,131
1981-05-12,12.3,Y,,,12.3,Hoburg 68550,Y,1981,132
1981-05-13,11.5,Y,,,11.5,Hoburg 68550,Y,1981,133
1981-05-14,10.9,Y,,,10.9,Hoburg 68550,Y,1981,134
1981-05-15,11.6,Y,,,11.6,Hoburg 68550,Y,1981,135
1981-05-16,12.3,Y,,,12.3,Hoburg 68550,Y,1981,136
1981-05-17,13.9,Y,,,13.9,Hoburg 68550,Y,1981,137
1981-05-18,12.5,Y,,,12.5,Hoburg 68550,Y,1981,138
1981-05-19,8.9,Y,,,8.9,Hoburg 68550,Y,1981,139
1981-05-20,10.7,Y,,,10.7,Hoburg 68550,Y,1981,140
1981-05-21,13.1,Y,,,13.1,Hoburg 68550,Y,1981,141
1981-05-22,15.4,Y,,,15.4,Hoburg 68550,Y,1981,142
1981-05-23,16.1,Y,,,16.1,Hoburg 68550,Y,1981,143
1981-05-24,13.8,Y,,,13.8,Hoburg 68550,Y,1981,144
1981-05-25,11.2,Y,,,11.2,Hoburg 68550,Y,1981,145
1981-05-26,11.7,Y,,,11.7,Hoburg 68550,Y,1981,146
1981-05-27,10.6,Y,,,10.6,Hoburg 68550,Y,1981,147
1981-05-28,11.2,Y,,,11.2,Hoburg 68550,Y,1981,148
1981-05-29,12,Y,,,12,Hoburg 68550,Y,1981,149
1981-05-30,11.3,Y,,,11.3,Hoburg 68550,Y,1981,150
1981-05-31,12.7,Y,,,12.7,Hoburg 68550,Y,1981,151
1981-06-01,12.7,Y,,,12.7,Hoburg 68550,Y,1981,152
1981-06-02,13.8,Y,,,13.8,Hoburg 68550,Y,1981,153
1981-06-03,12.7,Y,,,12.7,Hoburg 68550,Y,1981,154
1981-06-04,12.8,Y,,,12.8,Hoburg 68550,Y,1981,155
1981-06-05,12.4,Y,,,12.4,Hoburg 68550,Y,1981,156
1981-06-06,11.8,Y,,,11.8,Hoburg 68550,Y,1981,157
1981-06-07,12.4,Y,,,12.4,Hoburg 68550,Y,1981,158
1981-06-08,13.4,Y,,,13.4,Hoburg 68550,Y,1981,159
1981-06-09,12.7,Y,,,12.7,Hoburg 68550,Y,1981,160
1981-06-10,13.5,Y,,,13.5,Hoburg 68550,Y,1981,161
1981-06-11,11.8,Y,,,11.8,Hoburg 68550,Y,1981,162
1981-06-12,11.7,Y,,,11.7,Hoburg 68550,Y,1981,163
1981-06-13,8.2,Y,,,8.2,Hoburg 68550,Y,1981,164
1981-06-14,9.7,Y,,,9.7,Hoburg 68550,Y,1981,165
1981-06-15,11.2,Y,,,11.2,Hoburg 68550,Y,1981,166
1981-06-16,10.3,Y,,,10.3,Hoburg 68550,Y,1981,167
1981-06-17,10.3,Y,,,10.3,Hoburg 68550,Y,1981,168
1981-06-18,11.1,Y,,,11.1,Hoburg 68550,Y,1981,169
1981-06-19,10.9,Y,,,10.9,Hoburg 68550,Y,1981,170
1981-06-20,10.8,Y,,,10.8,Hoburg 68550,Y,1981,171
1981-06-21,10.8,Y,,,10.8,Hoburg 68550,Y,1981,172
1981-06-22,14.4,Y,,,14.4,Hoburg 68550,Y,1981,173
1981-06-23,13.2,Y,,,13.2,Hoburg 68550,Y,1981,174
1981-06-24,12.7,Y,,,12.7,Hoburg 68550,Y,1981,175
1981-06-25,12,Y,,,12,Hoburg 68550,Y,1981,176
1981-06-26,12.5,Y,,,12.5,Hoburg 68550,Y,1981,177
1981-06-27,14,Y,,,14,Hoburg 68550,Y,1981,178
1981-06-28,14.4,Y,,,14.4,Hoburg 68550,Y,1981,179
1981-06-29,16.9,Y,,,16.9,Hoburg 68550,Y,1981,180
1981-06-30,12.7,Y,,,12.7,Hoburg 68550,Y,1981,181
1981-07-01,12.6,Y,,,12.6,Hoburg 68550,Y,1981,182
1981-07-02,13.6,Y,,,13.6,Hoburg 68550,Y,1981,183
1981-07-03,14.2,Y,,,14.2,Hoburg 68550,Y,1981,184
1981-07-04,13.8,Y,,,13.8,Hoburg 68550,Y,1981,185
1981-07-05,14.6,Y,,,14.6,Hoburg 68550,Y,1981,186
1981-07-06,15.4,Y,,,15.4,Hoburg 68550,Y,1981,187
1981-07-07,15.7,Y,,,15.7,Hoburg 68550,Y,1981,188
1981-07-08,17,Y,,,17,Hoburg 68550,Y,1981,189
1981-07-09,18,Y,,,18,Hoburg 68550,Y,1981,190
1981-07-10,18.8,Y,,,18.8,Hoburg 68550,Y,1981,191
1981-07-11,18.8,Y,,,18.8,Hoburg 68550,Y,1981,192
1981-07-12,18.7,Y,,,18.7,Hoburg 68550,Y,1981,193
1981-07-13,17.2,Y,,,17.2,Hoburg 68550,Y,1981,194
1981-07-14,16.5,Y,,,16.5,Hoburg 68550,Y,1981,195
1981-07-15,15.1,Y,,,15.1,Hoburg 68550,Y,1981,196
1981-07-16,15.3,Y,,,15.3,Hoburg 68550,Y,1981,197
1981-07-17,14.8,Y,,,14.8,Hoburg 68550,Y,1981,198
1981-07-18,14.7,Y,,,14.7,Hoburg 68550,Y,1981,199
1981-07-19,15.5,Y,,,15.5,Hoburg 68550,Y,1981,200
1981-07-20,14.1,Y,,,14.1,Hoburg 68550,Y,1981,201
1981-07-21,14.7,Y,,,14.7,Hoburg 68550,Y,1981,202
1981-07-22,15.8,Y,,,15.8,Hoburg 68550,Y,1981,203
1981-07-23,15.8,Y,,,15.8,Hoburg 68550,Y,1981,204
1981-07-24,16.8,Y,,,16.8,Hoburg 68550,Y,1981,205
1981-07-25,16.7,Y,,,16.7,Hoburg 68550,Y,1981,206
1981-07-26,15.8,Y,,,15.8,Hoburg 68550,Y,1981,207
1981-07-27,15.6,Y,,,15.6,Hoburg 68550,Y,1981,208
1981-07-28,16.3,Y,,,16.3,Hoburg 68550,Y,1981,209
1981-07-29,17.4,Y,,,17.4,Hoburg 68550,Y,1981,210
1981-07-30,16.4,Y,,,16.4,Hoburg 68550,Y,1981,211
1981-07-31,17.4,Y,,,17.4,Hoburg 68550,Y,1981,212
1981-08-01,15.5,Y,,,15.5,Hoburg 68550,Y,1981,213
1981-08-02,16.3,Y,,,16.3,Hoburg 68550,Y,1981,214
1981-08-03,16,Y,,,16,Hoburg 68550,Y,1981,215
1981-08-04,17.2,Y,,,17.2,Hoburg 68550,Y,1981,216
1981-08-05,18.3,Y,,,18.3,Hoburg 68550,Y,1981,217
1981-08-06,19.2,Y,,,19.2,Hoburg 68550,Y,1981,218
1981-08-07,19.9,Y,,,19.9,Hoburg 68550,Y,1981,219
1981-08-08,20.1,Y,,,20.1,Hoburg 68550,Y,1981,220
1981-08-09,16.3,Y,,,16.3,Hoburg 68550,Y,1981,221
1981-08-10,17.1,Y,,,17.1,Hoburg 68550,Y,1981,222
1981-08-11,16.6,Y,,,16.6,Hoburg 68550,Y,1981,223
1981-08-12,18.3,Y,,,18.3,Hoburg 68550,Y,1981,224
1981-08-13,19.7,Y,,,19.7,Hoburg 68550,Y,1981,225
1981-08-14,19.2,Y,,,19.2,Hoburg 68550,Y,1981,226
1981-08-15,19.2,Y,,,19.2,Hoburg 68550,Y,1981,227
1981-08-16,16.1,Y,,,16.1,Hoburg 68550,Y,1981,228
1981-08-17,14.7,Y,,,14.7,Hoburg 68550,Y,1981,229
1981-08-18,15.2,Y,,,15.2,Hoburg 68550,Y,1981,230
1981-08-19,15.4,Y,,,15.4,Hoburg 68550,Y,1981,231
1981-08-20,14.4,Y,,,14.4,Hoburg 68550,Y,1981,232
1981-08-21,13.9,Y,,,13.9,Hoburg 68550,Y,1981,233
1981-08-22,14.9,Y,,,14.9,Hoburg 68550,Y,1981,234
1981-08-23,14.9,Y,,,14.9,Hoburg 68550,Y,1981,235
1981-08-24,13.8,Y,,,13.8,Hoburg 68550,Y,1981,236
1981-08-25,12.6,Y,,,12.6,Hoburg 68550,Y,1981,237
1981-08-26,12.9,Y,,,12.9,Hoburg 68550,Y,1981,238
1981-08-27,11.2,Y,,,11.2,Hoburg 68550,Y,1981,239
1981-08-28,10.8,Y,,,10.8,Hoburg 68550,Y,1981,240
1981-08-29,10.1,Y,,,10.1,Hoburg 68550,Y,1981,241
1981-08-30,11.4,Y,,,11.4,Hoburg 68550,Y,1981,242
1981-08-31,12.2,Y,,,12.2,Hoburg 68550,Y,1981,243
1981-09-01,12.5,Y,,,12.5,Hoburg 68550,Y,1981,244
1981-09-02,12.7,Y,,,12.7,Hoburg 68550,Y,1981,245
1981-09-03,13.4,Y,,,13.4,Hoburg 68550,Y,1981,246
1981-09-04,12.7,Y,,,12.7,Hoburg 68550,Y,1981,247
1981-09-05,13.9,Y,,,13.9,Hoburg 68550,Y,1981,248
1981-09-06,14.9,Y,,,14.9,Hoburg 68550,Y,1981,249
1981-09-07,13.2,Y,,,13.2,Hoburg 68550,Y,1981,250
1981-09-08,14.6,Y,,,14.6,Hoburg 68550,Y,1981,251
1981-09-09,15.1,Y,,,15.1,Hoburg 68550,Y,1981,252
1981-09-10,13.2,Y,,,13.2,Hoburg 68550,Y,1981,253
1981-09-11,13.3,Y,,,13.3,Hoburg 68550,Y,1981,254
1981-09-12,12.3,Y,,,12.3,Hoburg 68550,Y,1981,255
1981-09-13,13.1,Y,,,13.1,Hoburg 68550,Y,1981,256
1981-09-14,11.6,Y,,,11.6,Hoburg 68550,Y,1981,257
1981-09-15,9.8,Y,,,9.8,Hoburg 68550,Y,1981,258
1981-09-16,9.2,Y,,,9.2,Hoburg 68550,Y,1981,259
1981-09-17,9.1,Y,,,9.1,Hoburg 68550,Y,1981,260
1981-09-18,8.6,Y,,,8.6,Hoburg 68550,Y,1981,261
1981-09-19,9.6,Y,,,9.6,Hoburg 68550,Y,1981,262
1981-09-20,11.4,Y,,,11.4,Hoburg 68550,Y,1981,263
1981-09-21,13.3,Y,,,13.3,Hoburg 68550,Y,1981,264
1981-09-22,13.6,Y,,,13.6,Hoburg 68550,Y,1981,265
1981-09-23,13.4,Y,,,13.4,Hoburg 68550,Y,1981,266
1981-09-24,12.6,Y,,,12.6,Hoburg 68550,Y,1981,267
1981-09-25,13.4,Y,,,13.4,Hoburg 68550,Y,1981,268
1981-09-26,13.3,Y,,,13.3,Hoburg 68550,Y,1981,269
1981-09-27,14.3,Y,,,14.3,Hoburg 68550,Y,1981,270
1981-09-28,14.4,Y,,,14.4,Hoburg 68550,Y,1981,271
1981-09-29,14.5,Y,,,14.5,Hoburg 68550,Y,1981,272
1981-09-30,12,Y,,,12,Hoburg 68550,Y,1981,273
1981-10-01,12.5,Y,,,12.5,Hoburg 68550,Y,1981,274
1981-10-02,14,Y,,,14,Hoburg 68550,Y,1981,275
1981-10-03,13,Y,,,13,Hoburg 68550,Y,1981,276
1981-10-04,12.1,Y,,,12.1,Hoburg 68550,Y,1981,277
1981-10-05,12.2,Y,,,12.2,Hoburg 68550,Y,1981,278
1981-10-06,11.9,Y,,,11.9,Hoburg 68550,Y,1981,279
1981-10-07,13.1,Y,,,13.1,Hoburg 68550,Y,1981,280
1981-10-08,11.3,Y,,,11.3,Hoburg 68550,Y,1981,281
1981-10-09,10.1,Y,,,10.1,Hoburg 68550,Y,1981,282
1981-10-10,11,Y,,,11,Hoburg 68550,Y,1981,283
1981-10-11,7.9,Y,,,7.9,Hoburg 68550,Y,1981,284
1981-10-12,8.7,Y,,,8.7,Hoburg 68550,Y,1981,285
1981-10-13,7.9,Y,,,7.9,Hoburg 68550,Y,1981,286
1981-10-14,7.5,Y,,,7.5,Hoburg 68550,Y,1981,287
1981-10-15,7.6,Y,,,7.6,Hoburg 68550,Y,1981,288
1981-10-16,8.7,Y,,,8.7,Hoburg 68550,Y,1981,289
1981-10-17,8.8,Y,,,8.8,Hoburg 68550,Y,1981,290
1981-10-18,5.6,Y,,,5.6,Hoburg 68550,Y,1981,291
1981-10-19,5.7,Y,,,5.7,Hoburg 68550,Y,1981,292
1981-10-20,9.2,Y,,,9.2,Hoburg 68550,Y,1981,293
1981-10-21,8,Y,,,8,Hoburg 68550,Y,1981,294
1981-10-22,7.2,Y,,,7.2,Hoburg 68550,Y,1981,295
1981-10-23,6,Y,,,6,Hoburg 68550,Y,1981,296
1981-10-24,5.5,Y,,,5.5,Hoburg 68550,Y,1981,297
1981-10-25,4.3,Y,,,4.3,Hoburg 68550,Y,1981,298
1981-10-26,6.2,Y,,,6.2,Hoburg 68550,Y,1981,299
1981-10-27,7.1,Y,,,7.1,Hoburg 68550,Y,1981,300
1981-10-28,7.9,Y,,,7.9,Hoburg 68550,Y,1981,301
1981-10-29,7.5,Y,,,7.5,Hoburg 68550,Y,1981,302
1981-10-30,7.1,Y,,,7.1,Hoburg 68550,Y,1981,303
1981-10-31,5.9,Y,,,5.9,Hoburg 68550,Y,1981,304
1981-11-01,5.7,Y,,,5.7,Hoburg 68550,Y,1981,305
1981-11-02,6.8,Y,,,6.8,Hoburg 68550,Y,1981,306
1981-11-03,1.9,Y,,,1.9,Hoburg 68550,Y,1981,307
1981-11-04,6.7,Y,,,6.7,Hoburg 68550,Y,1981,308
1981-11-05,6.9,Y,,,6.9,Hoburg 68550,Y,1981,309
1981-11-06,3,Y,,,3,Hoburg 68550,Y,1981,310
1981-11-07,2.8,Y,,,2.8,Hoburg 68550,Y,1981,311
1981-11-08,1.9,Y,,,1.9,Hoburg 68550,Y,1981,312
1981-11-09,2.1,Y,,,2.1,Hoburg 68550,Y,1981,313
1981-11-10,3.1,Y,,,3.1,Hoburg 68550,Y,1981,314
1981-11-11,6,Y,,,6,Hoburg 68550,Y,1981,315
1981-11-12,3.9,Y,,,3.9,Hoburg 68550,Y,1981,316
1981-11-13,4.4,Y,,,4.4,Hoburg 68550,Y,1981,317
1981-11-14,2.4,Y,,,2.4,Hoburg 68550,Y,1981,318
1981-11-15,2.6,Y,,,2.6,Hoburg 68550,Y,1981,319
1981-11-16,3.7,Y,,,3.7,Hoburg 68550,Y,1981,320
1981-11-17,3.5,Y,,,3.5,Hoburg 68550,Y,1981,321
1981-11-18,4.8,Y,,,4.8,Hoburg 68550,Y,1981,322
1981-11-19,5.8,Y,,,5.8,Hoburg 68550,Y,1981,323
1981-11-20,5.2,Y,,,5.2,Hoburg 68550,Y,1981,324
1981-11-21,6.1,Y,,,6.1,Hoburg 68550,Y,1981,325
1981-11-22,4.3,Y,,,4.3,Hoburg 68550,Y,1981,326
1981-11-23,6.4,Y,,,6.4,Hoburg 68550,Y,1981,327
1981-11-24,4.9,Y,,,4.9,Hoburg 68550,Y,1981,328
1981-11-25,1,Y,,,1,Hoburg 68550,Y,1981,329
1981-11-26,-1,Y,,,-1,Hoburg 68550,Y,1981,330
1981-11-27,0.8,Y,,,0.8,Hoburg 68550,Y,1981,331
1981-11-28,4.9,Y,,,4.9,Hoburg 68550,Y,1981,332
1981-11-29,2.2,Y,,,2.2,Hoburg 68550,Y,1981,333
1981-11-30,1.1,Y,,,1.1,Hoburg 68550,Y,1981,334
1981-12-01,2.3,Y,,,2.3,Hoburg 68550,Y,1981,335
1981-12-02,2.1,Y,,,2.1,Hoburg 68550,Y,1981,336
1981-12-03,3.1,Y,,,3.1,Hoburg 68550,Y,1981,337
1981-12-04,3.4,Y,,,3.4,Hoburg 68550,Y,1981,338
1981-12-05,-0.7,Y,,,-0.7,Hoburg 68550,Y,1981,339
1981-12-06,-3.3,Y,,,-3.3,Hoburg 68550,Y,1981,340
1981-12-07,-0.5,Y,,,-0.5,Hoburg 68550,Y,1981,341
1981-12-08,-3.9,Y,,,-3.9,Hoburg 68550,Y,1981,342
1981-12-09,-2.4,Y,,,-2.4,Hoburg 68550,Y,1981,343
1981-12-10,-1.1,Y,,,-1.1,Hoburg 68550,Y,1981,344
1981-12-11,-0.7,Y,,,-0.7,Hoburg 68550,Y,1981,345
1981-12-12,-1.5,Y,,,-1.5,Hoburg 68550,Y,1981,346
1981-12-13,-3.8,Y,,,-3.8,Hoburg 68550,Y,1981,347
1981-12-14,-4.2,Y,,,-4.2,Hoburg 68550,Y,1981,348
1981-12-15,-4.3,Y,,,-4.3,Hoburg 68550,Y,1981,349
1981-12-16,-5,Y,,,-5,Hoburg 68550,Y,1981,350
1981-12-17,-4.5,Y,,,-4.5,Hoburg 68550,Y,1981,351
1981-12-18,-2.7,Y,,,-2.7,Hoburg 68550,Y,1981,352
1981-12-19,-3.7,Y,,,-3.7,Hoburg 68550,Y,1981,353
1981-12-20,-3.4,Y,,,-3.4,Hoburg 68550,Y,1981,354
1981-12-21,-3.9,Y,,,-3.9,Hoburg 68550,Y,1981,355
1981-12-22,-2.9,Y,,,-2.9,Hoburg 68550,Y,1981,356
1981-12-23,-1.8,Y,,,-1.8,Hoburg 68550,Y,1981,357
1981-12-24,-0.4,Y,,,-0.4,Hoburg 68550,Y,1981,358
1981-12-25,0.4,Y,,,0.4,Hoburg 68550,Y,1981,359
1981-12-26,-1.5,Y,,,-1.5,Hoburg 68550,Y,1981,360
1981-12-27,-2.1,Y,,,-2.1,Hoburg 68550,Y,1981,361
1981-12-28,-2.4,Y,,,-2.4,Hoburg 68550,Y,1981,362
1981-12-29,0,Y,,,0,Hoburg 68550,Y,1981,363
1981-12-30,0.9,Y,,,0.9,Hoburg 68550,Y,1981,364
1981-12-31,0.6,Y,,,0.6,Hoburg 68550,Y,1981,365
1982-01-01,1.6,Y,,,1.6,Hoburg 68550,Y,1982,1
1982-01-02,-0.8,Y,,,-0.8,Hoburg 68550,Y,1982,2
1982-01-03,1.1,Y,,,1.1,Hoburg 68550,Y,1982,3
1982-01-04,-4.2,Y,,,-4.2,Hoburg 68550,Y,1982,4
1982-01-05,-8.1,Y,,,-8.1,Hoburg 68550,Y,1982,5
1982-01-06,-7.3,Y,,,-7.3,Hoburg 68550,Y,1982,6
1982-01-07,-7.9,Y,,,-7.9,Hoburg 68550,Y,1982,7
1982-01-08,-5.5,Y,,,-5.5,Hoburg 68550,Y,1982,8
1982-01-09,-5.5,Y,,,-5.5,Hoburg 68550,Y,1982,9
1982-01-10,-2.7,Y,,,-2.7,Hoburg 68550,Y,1982,10
1982-01-11,-1.9,Y,,,-1.9,Hoburg 68550,Y,1982,11
1982-01-12,-2.9,Y,,,-2.9,Hoburg 68550,Y,1982,12
1982-01-13,-1.5,Y,,,-1.5,Hoburg 68550,Y,1982,13
1982-01-14,-0.2,Y,,,-0.2,Hoburg 68550,Y,1982,14
1982-01-15,0,Y,,,0,Hoburg 68550,Y,1982,15
1982-01-16,-1,Y,,,-1,Hoburg 68550,Y,1982,16
1982-01-17,0.1,Y,,,0.1,Hoburg 68550,Y,1982,17
1982-01-18,-0.5,Y,,,-0.5,Hoburg 68550,Y,1982,18
1982-01-19,-0.1,Y,,,-0.1,Hoburg 68550,Y,1982,19
1982-01-20,0.1,Y,,,0.1,Hoburg 68550,Y,1982,20
1982-01-21,-1.8,Y,,,-1.8,Hoburg 68550,Y,1982,21
1982-01-22,-2.6,Y,,,-2.6,Hoburg 68550,Y,1982,22
1982-01-23,-1.8,Y,,,-1.8,Hoburg 68550,Y,1982,23
1982-01-24,0,Y,,,0,Hoburg 68550,Y,1982,24
1982-01-25,-0.3,Y,,,-0.3,Hoburg 68550,Y,1982,25
1982-01-26,0.9,Y,,,0.9,Hoburg 68550,Y,1982,26
1982-01-27,-2.4,Y,,,-2.4,Hoburg 68550,Y,1982,27
1982-01-28,-3,Y,,,-3,Hoburg 68550,Y,1982,28
1982-01-29,0.3,Y,,,0.3,Hoburg 68550,Y,1982,29
1982-01-30,-0.1,Y,,,-0.1,Hoburg 68550,Y,1982,30
1982-01-31,-4.7,Y,,,-4.7,Hoburg 68550,Y,1982,31
1982-02-01,-5.2,Y,,,-5.2,Hoburg 68550,Y,1982,32
1982-02-02,-3.3,Y,,,-3.3,Hoburg 68550,Y,1982,33
1982-02-03,-1.9,Y,,,-1.9,Hoburg 68550,Y,1982,34
1982-02-04,-1.3,Y,,,-1.3,Hoburg 68550,Y,1982,35
1982-02-05,-3.4,Y,,,-3.4,Hoburg 68550,Y,1982,36
1982-02-06,-0.6,Y,,,-0.6,Hoburg 68550,Y,1982,37
1982-02-07,0.8,Y,,,0.8,Hoburg 68550,Y,1982,38
1982-02-08,-1.9,Y,,,-1.9,Hoburg 68550,Y,1982,39
1982-02-09,-1.8,Y,,,-1.8,Hoburg 68550,Y,1982,40
1982-02-10,1.4,Y,,,1.4,Hoburg 68550,Y,1982,41
1982-02-11,1,Y,,,1,Hoburg 68550,Y,1982,42
1982-02-12,0.5,Y,,,0.5,Hoburg 68550,Y,1982,43
1982-02-13,-0.8,Y,,,-0.8,Hoburg 68550,Y,1982,44
1982-02-14,0.2,Y,,,0.2,Hoburg 68550,Y,1982,45
1982-02-15,-0.2,Y,,,-0.2,Hoburg 68550,Y,1982,46
1982-02-16,-0.6,Y,,,-0.6,Hoburg 68550,Y,1982,47
1982-02-17,-0.8,Y,,,-0.8,Hoburg 68550,Y,1982,48
1982-02-18,-2.2,Y,,,-2.2,Hoburg 68550,Y,1982,49
1982-02-19,-2.5,Y,,,-2.5,Hoburg 68550,Y,1982,50
1982-02-20,-0.8,Y,,,-0.8,Hoburg 68550,Y,1982,51
1982-02-21,-2.8,Y,,,-2.8,Hoburg 68550,Y,1982,52
1982-02-22,-3.8,Y,,,-3.8,Hoburg 68550,Y,1982,53
1982-02-23,-3.1,Y,,,-3.1,Hoburg 68550,Y,1982,54
1982-02-24,-1.9,Y,,,-1.9,Hoburg 68550,Y,1982,55
1982-02-25,-4,Y,,,-4,Hoburg 68550,Y,1982,56
1982-02-26,-1.9,Y,,,-1.9,Hoburg 68550,Y,1982,57
1982-02-27,-1.7,Y,,,-1.7,Hoburg 68550,Y,1982,58
1982-02-28,-1.8,Y,,,-1.8,Hoburg 68550,Y,1982,59
1982-03-01,0.9,Y,,,0.9,Hoburg 68550,Y,1982,60
1982-03-02,1.1,Y,,,1.1,Hoburg 68550,Y,1982,61
1982-03-03,1.3,Y,,,1.3,Hoburg 68550,Y,1982,62
1982-03-04,1.7,Y,,,1.7,Hoburg 68550,Y,1982,63
1982-03-05,-1,Y,,,-1,Hoburg 68550,Y,1982,64
1982-03-06,-1.6,Y,,,-1.6,Hoburg 68550,Y,1982,65
1982-03-07,-0.1,Y,,,-0.1,Hoburg 68550,Y,1982,66
1982-03-08,-0.1,Y,,,-0.1,Hoburg 68550,Y,1982,67
1982-03-09,0.8,Y,,,0.8,Hoburg 68550,Y,1982,68
1982-03-10,1.1,Y,,,1.1,Hoburg 68550,Y,1982,69
1982-03-11,1.3,Y,,,1.3,Hoburg 68550,Y,1982,70
1982-03-12,1.3,Y,,,1.3,Hoburg 68550,Y,1982,71
1982-03-13,0.8,Y,,,0.8,Hoburg 68550,Y,1982,72
1982-03-14,1.1,Y,,,1.1,Hoburg 68550,Y,1982,73
1982-03-15,1.6,Y,,,1.6,Hoburg 68550,Y,1982,74
1982-03-16,2.9,Y,,,2.9,Hoburg 68550,Y,1982,75
1982-03-17,2.1,Y,,,2.1,Hoburg 68550,Y,1982,76
1982-03-18,1.8,Y,,,1.8,Hoburg 68550,Y,1982,77
1982-03-19,0.7,Y,,,0.7,Hoburg 68550,Y,1982,78
1982-03-20,1.1,Y,,,1.1,Hoburg 68550,Y,1982,79
1982-03-21,0.4,Y,,,0.4,Hoburg 68550,Y,1982,80
1982-03-22,0.9,Y,,,0.9,Hoburg 68550,Y,1982,81
1982-03-23,1.6,Y,,,1.6,Hoburg 68550,Y,1982,82
1982-03-24,1.9,Y,,,1.9,Hoburg 68550,Y,1982,83
1982-03-25,4,Y,,,4,Hoburg 68550,Y,1982,84
1982-03-26,4,Y,,,4,Hoburg 68550,Y,1982,85
1982-03-27,5,Y,,,5,Hoburg 68550,Y,1982,86
1982-03-28,3.7,Y,,,3.7,Hoburg 68550,Y,1982,87
1982-03-29,2.5,Y,,,2.5,Hoburg 68550,Y,1982,88
1982-03-30,1.9,Y,,,1.9,Hoburg 68550,Y,1982,89
1982-03-31,2.5,Y,,,2.5,Hoburg 68550,Y,1982,90
1982-04-01,3.9,Y,,,3.9,Hoburg 68550,Y,1982,91
1982-04-02,1,Y,,,1,Hoburg 68550,Y,1982,92
1982-04-03,3.9,Y,,,3.9,Hoburg 68550,Y,1982,93
1982-04-04,5,Y,,,5,Hoburg 68550,Y,1982,94
1982-04-05,2.7,Y,,,2.7,Hoburg 68550,Y,1982,95
1982-04-06,3.3,Y,,,3.3,Hoburg 68550,Y,1982,96
1982-04-07,3.3,Y,,,3.3,Hoburg 68550,Y,1982,97
1982-04-08,3.8,Y,,,3.8,Hoburg 68550,Y,1982,98
1982-04-09,0.3,Y,,,0.3,Hoburg 68550,Y,1982,99
1982-04-10,2.1,Y,,,2.1,Hoburg 68550,Y,1982,100
1982-04-11,2.5,Y,,,2.5,Hoburg 68550,Y,1982,101
1982-04-12,1.5,Y,,,1.5,Hoburg 68550,Y,1982,102
1982-04-13,0.9,Y,,,0.9,Hoburg 68550,Y,1982,103
1982-04-14,3.2,Y,,,3.2,Hoburg 68550,Y,1982,104
1982-04-15,4,Y,,,4,Hoburg 68550,Y,1982,105
1982-04-16,3.6,Y,,,3.6,Hoburg 68550,Y,1982,106
1982-04-17,3.9,Y,,,3.9,Hoburg 68550,Y,1982,107
1982-04-18,4.1,Y,,,4.1,Hoburg 68550,Y,1982,108
1982-04-19,3.4,Y,,,3.4,Hoburg 68550,Y,1982,109
1982-04-20,2.7,Y,,,2.7,Hoburg 68550,Y,1982,110
1982-04-21,1.5,Y,,,1.5,Hoburg 68550,Y,1982,111
1982-04-22,3.2,Y,,,3.2,Hoburg 68550,Y,1982,112
1982-04-23,4,Y,,,4,Hoburg 68550,Y,1982,113
1982-04-24,5.8,Y,,,5.8,Hoburg 68550,Y,1982,114
1982-04-25,5.7,Y,,,5.7,Hoburg 68550,Y,1982,115
1982-04-26,5.5,Y,,,5.5,Hoburg 68550,Y,1982,116
1982-04-27,4.6,Y,,,4.6,Hoburg 68550,Y,1982,117
1982-04-28,5.4,Y,,,5.4,Hoburg 68550,Y,1982,118
1982-04-29,4.7,Y,,,4.7,Hoburg 68550,Y,1982,119
1982-04-30,4.6,Y,,,4.6,Hoburg 68550,Y,1982,120
1982-05-01,4.2,Y,,,4.2,Hoburg 68550,Y,1982,121
1982-05-02,4.2,Y,,,4.2,Hoburg 68550,Y,1982,122
1982-05-03,5,Y,,,5,Hoburg 68550,Y,1982,123
1982-05-04,5.6,Y,,,5.6,Hoburg 68550,Y,1982,124
1982-05-05,6.6,Y,,,6.6,Hoburg 68550,Y,1982,125
1982-05-06,5.5,Y,,,5.5,Hoburg 68550,Y,1982,126
1982-05-07,6.4,Y,,,6.4,Hoburg 68550,Y,1982,127
1982-05-08,5.7,Y,,,5.7,Hoburg 68550,Y,1982,128
1982-05-09,7,Y,,,7,Hoburg 68550,Y,1982,129
1982-05-10,6.2,Y,,,6.2,Hoburg 68550,Y,1982,130
1982-05-11,7.5,Y,,,7.5,Hoburg 68550,Y,1982,131
1982-05-12,8.1,Y,,,8.1,Hoburg 68550,Y,1982,132
1982-05-13,7.5,Y,,,7.5,Hoburg 68550,Y,1982,133
1982-05-14,7,Y,,,7,Hoburg 68550,Y,1982,134
1982-05-15,8.1,Y,,,8.1,Hoburg 68550,Y,1982,135
1982-05-16,9.7,Y,,,9.7,Hoburg 68550,Y,1982,136
1982-05-17,9.4,Y,,,9.4,Hoburg 68550,Y,1982,137
1982-05-18,9.5,Y,,,9.5,Hoburg 68550,Y,1982,138
1982-05-19,7.3,Y,,,7.3,Hoburg 68550,Y,1982,139
1982-05-20,8.4,Y,,,8.4,Hoburg 68550,Y,1982,140
1982-05-21,8,Y,,,8,Hoburg 68550,Y,1982,141
1982-05-22,7.8,Y,,,7.8,Hoburg 68550,Y,1982,142
1982-05-23,8,Y,,,8,Hoburg 68550,Y,1982,143
1982-05-24,9.2,Y,,,9.2,Hoburg 68550,Y,1982,144
1982-05-25,9.8,Y,,,9.8,Hoburg 68550,Y,1982,145
1982-05-26,10.6,Y,,,10.6,Hoburg 68550,Y,1982,146
1982-05-27,12.4,Y,,,12.4,Hoburg 68550,Y,1982,147
1982-05-28,12.2,Y,,,12.2,Hoburg 68550,Y,1982,148
1982-05-29,11.5,Y,,,11.5,Hoburg 68550,Y,1982,149
1982-05-30,11.7,Y,,,11.7,Hoburg 68550,Y,1982,150
1982-05-31,13.9,Y,,,13.9,Hoburg 68550,Y,1982,151
1982-06-01,15.4,Y,,,15.4,Hoburg 68550,Y,1982,152
1982-06-02,14.9,Y,,,14.9,Hoburg 68550,Y,1982,153
1982-06-03,17.8,Y,,,17.8,Hoburg 68550,Y,1982,154
1982-06-04,18.2,Y,,,18.2,Hoburg 68550,Y,1982,155
1982-06-05,18.6,Y,,,18.6,Hoburg 68550,Y,1982,156
1982-06-06,12.7,Y,,,12.7,Hoburg 68550,Y,1982,157
1982-06-07,10,Y,,,10,Hoburg 68550,Y,1982,158
1982-06-08,11.5,Y,,,11.5,Hoburg 68550,Y,1982,159
1982-06-09,8,Y,,,8,Hoburg 68550,Y,1982,160
1982-06-10,8.7,Y,,,8.7,Hoburg 68550,Y,1982,161
1982-06-11,11.3,Y,,,11.3,Hoburg 68550,Y,1982,162
1982-06-12,10,Y,,,10,Hoburg 68550,Y,1982,163
1982-06-13,8.2,Y,,,8.2,Hoburg 68550,Y,1982,164
1982-06-14,8.3,Y,,,8.3,Hoburg 68550,Y,1982,165
1982-06-15,7.9,Y,,,7.9,Hoburg 68550,Y,1982,166
1982-06-16,10.9,Y,,,10.9,Hoburg 68550,Y,1982,167
1982-06-17,11.8,Y,,,11.8,Hoburg 68550,Y,1982,168
1982-06-18,12.2,Y,,,12.2,Hoburg 68550,Y,1982,169
1982-06-19,8.7,Y,,,8.7,Hoburg 68550,Y,1982,170
1982-06-20,10.4,Y,,,10.4,Hoburg 68550,Y,1982,171
1982-06-21,12.3,Y,,,12.3,Hoburg 68550,Y,1982,172
1982-06-22,11.6,Y,,,11.6,Hoburg 68550,Y,1982,173
1982-06-23,11.4,Y,,,11.4,Hoburg 68550,Y,1982,174
1982-06-24,11.3,Y,,,11.3,Hoburg 68550,Y,1982,175
1982-06-25,13.3,Y,,,13.3,Hoburg 68550,Y,1982,176
1982-06-26,12.6,Y,,,12.6,Hoburg 68550,Y,1982,177
1982-06-27,12.7,Y,,,12.7,Hoburg 68550,Y,1982,178
1982-06-28,11.9,Y,,,11.9,Hoburg 68550,Y,1982,179
1982-06-29,10.9,Y,,,10.9,Hoburg 68550,Y,1982,180
1982-06-30,11,Y,,,11,Hoburg 68550,Y,1982,181
1982-07-01,12.5,Y,,,12.5,Hoburg 68550,Y,1982,182
1982-07-02,12.8,Y,,,12.8,Hoburg 68550,Y,1982,183
1982-07-03,11.6,Y,,,11.6,Hoburg 68550,Y,1982,184
1982-07-04,13.4,Y,,,13.4,Hoburg 68550,Y,1982,185
1982-07-05,13,Y,,,13,Hoburg 68550,Y,1982,186
1982-07-06,13.5,Y,,,13.5,Hoburg 68550,Y,1982,187
1982-07-07,13.6,Y,,,13.6,Hoburg 68550,Y,1982,188
1982-07-08,13.2,Y,,,13.2,Hoburg 68550,Y,1982,189
1982-07-09,16.4,Y,,,16.4,Hoburg 68550,Y,1982,190
1982-07-10,17.2,Y,,,17.2,Hoburg 68550,Y,1982,191
1982-07-11,18.4,Y,,,18.4,Hoburg 68550,Y,1982,192
1982-07-12,20.5,Y,,,20.5,Hoburg 68550,Y,1982,193
1982-07-13,20.2,Y,,,20.2,Hoburg 68550,Y,1982,194
1982-07-14,19.7,Y,,,19.7,Hoburg 68550,Y,1982,195
1982-07-15,19.7,Y,,,19.7,Hoburg 68550,Y,1982,196
1982-07-16,19.4,Y,,,19.4,Hoburg 68550,Y,1982,197
1982-07-17,19.8,Y,,,19.8,Hoburg 68550,Y,1982,198
1982-07-18,18.4,Y,,,18.4,Hoburg 68550,Y,1982,199
1982-07-19,18.8,Y,,,18.8,Hoburg 68550,Y,1982,200
1982-07-20,18.9,Y,,,18.9,Hoburg 68550,Y,1982,201
1982-07-21,19.1,Y,,,19.1,Hoburg 68550,Y,1982,202
1982-07-22,17.2,Y,,,17.2,Hoburg 68550,Y,1982,203
1982-07-23,18.1,Y,,,18.1,Hoburg 68550,Y,1982,204
1982-07-24,19.3,Y,,,19.3,Hoburg 68550,Y,1982,205
1982-07-25,18.8,Y,,,18.8,Hoburg 68550,Y,1982,206
1982-07-26,18.4,Y,,,18.4,Hoburg 68550,Y,1982,207
1982-07-27,17.4,Y,,,17.4,Hoburg 68550,Y,1982,208
1982-07-28,17.4,Y,,,17.4,Hoburg 68550,Y,1982,209
1982-07-29,16.5,Y,,,16.5,Hoburg 68550,Y,1982,210
1982-07-30,19.5,Y,,,19.5,Hoburg 68550,Y,1982,211
1982-07-31,20.1,Y,,,20.1,Hoburg 68550,Y,1982,212
1982-08-01,20.5,Y,,,20.5,Hoburg 68550,Y,1982,213
1982-08-02,19.8,Y,,,19.8,Hoburg 68550,Y,1982,214
1982-08-03,21.2,Y,,,21.2,Hoburg 68550,Y,1982,215
1982-08-04,22,Y,,,22,Hoburg 68550,Y,1982,216
1982-08-05,22.7,Y,,,22.7,Hoburg 68550,Y,1982,217
1982-08-06,21.7,Y,,,21.7,Hoburg 68550,Y,1982,218
1982-08-07,22.6,Y,,,22.6,Hoburg 68550,Y,1982,219
1982-08-08,23.3,Y,,,23.3,Hoburg 68550,Y,1982,220
1982-08-09,21.8,Y,,,21.8,Hoburg 68550,Y,1982,221
1982-08-10,18.5,Y,,,18.5,Hoburg 68550,Y,1982,222
1982-08-11,18.2,Y,,,18.2,Hoburg 68550,Y,1982,223
1982-08-12,19,Y,,,19,Hoburg 68550,Y,1982,224
1982-08-13,19.2,Y,,,19.2,Hoburg 68550,Y,1982,225
1982-08-14,17.2,Y,,,17.2,Hoburg 68550,Y,1982,226
1982-08-15,16.1,Y,,,16.1,Hoburg 68550,Y,1982,227
1982-08-16,15.5,Y,,,15.5,Hoburg 68550,Y,1982,228
1982-08-17,16.9,Y,,,16.9,Hoburg 68550,Y,1982,229
1982-08-18,16,Y,,,16,Hoburg 68550,Y,1982,230
1982-08-19,16,Y,,,16,Hoburg 68550,Y,1982,231
1982-08-20,15.1,Y,,,15.1,Hoburg 68550,Y,1982,232
1982-08-21,14.6,Y,,,14.6,Hoburg 68550,Y,1982,233
1982-08-22,13.8,Y,,,13.8,Hoburg 68550,Y,1982,234
1982-08-23,15.8,Y,,,15.8,Hoburg 68550,Y,1982,235
1982-08-24,15.5,Y,,,15.5,Hoburg 68550,Y,1982,236
1982-08-25,15.2,Y,,,15.2,Hoburg 68550,Y,1982,237
1982-08-26,15.5,Y,,,15.5,Hoburg 68550,Y,1982,238
1982-08-27,15.8,Y,,,15.8,Hoburg 68550,Y,1982,239
1982-08-28,14.9,Y,,,14.9,Hoburg 68550,Y,1982,240
1982-08-29,14.5,Y,,,14.5,Hoburg 68550,Y,1982,241
1982-08-30,14.6,Y,,,14.6,Hoburg 68550,Y,1982,242
1982-08-31,16.1,Y,,,16.1,Hoburg 68550,Y,1982,243
1982-09-01,14.9,Y,,,14.9,Hoburg 68550,Y,1982,244
1982-09-02,13.7,Y,,,13.7,Hoburg 68550,Y,1982,245
1982-09-03,13.6,Y,,,13.6,Hoburg 68550,Y,1982,246
1982-09-04,13.5,Y,,,13.5,Hoburg 68550,Y,1982,247
1982-09-05,11.2,Y,,,11.2,Hoburg 68550,Y,1982,248
1982-09-06,8.9,Y,,,8.9,Hoburg 68550,Y,1982,249
1982-09-07,10.5,Y,,,10.5,Hoburg 68550,Y,1982,250
1982-09-08,12.8,Y,,,12.8,Hoburg 68550,Y,1982,251
1982-09-09,13.4,Y,,,13.4,Hoburg 68550,Y,1982,252
1982-09-10,12.9,Y,,,12.9,Hoburg 68550,Y,1982,253
1982-09-11,13.9,Y,,,13.9,Hoburg 68550,Y,1982,254
1982-09-12,12.2,Y,,,12.2,Hoburg 68550,Y,1982,255
1982-09-13,13.5,Y,,,13.5,Hoburg 68550,Y,1982,256
1982-09-14,12.7,Y,,,12.7,Hoburg 68550,Y,1982,257
1982-09-15,13.7,Y,,,13.7,Hoburg 68550,Y,1982,258
1982-09-16,14.3,Y,,,14.3,Hoburg 68550,Y,1982,259
1982-09-17,12.9,Y,,,12.9,Hoburg 68550,Y,1982,260
1982-09-18,12.3,Y,,,12.3,Hoburg 68550,Y,1982,261
1982-09-19,14.3,Y,,,14.3,Hoburg 68550,Y,1982,262
1982-09-20,13.6,Y,,,13.6,Hoburg 68550,Y,1982,263
1982-09-21,15.7,Y,,,15.7,Hoburg 68550,Y,1982,264
1982-09-22,13.3,Y,,,13.3,Hoburg 68550,Y,1982,265
1982-09-23,11.2,Y,,,11.2,Hoburg 68550,Y,1982,266
1982-09-24,11,Y,,,11,Hoburg 68550,Y,1982,267
1982-09-25,12.1,Y,,,12.1,Hoburg 68550,Y,1982,268
1982-09-26,12.8,Y,,,12.8,Hoburg 68550,Y,1982,269
1982-09-27,13,Y,,,13,Hoburg 68550,Y,1982,270
1982-09-28,10.5,Y,,,10.5,Hoburg 68550,Y,1982,271
1982-09-29,10.1,Y,,,10.1,Hoburg 68550,Y,1982,272
1982-09-30,11.3,Y,,,11.3,Hoburg 68550,Y,1982,273
1982-10-01,11.5,Y,,,11.5,Hoburg 68550,Y,1982,274
1982-10-02,11.8,Y,,,11.8,Hoburg 68550,Y,1982,275
1982-10-03,12.2,Y,,,12.2,Hoburg 68550,Y,1982,276
1982-10-04,11.5,Y,,,11.5,Hoburg 68550,Y,1982,277
1982-10-05,12,Y,,,12,Hoburg 68550,Y,1982,278
1982-10-06,12.3,Y,,,12.3,Hoburg 68550,Y,1982,279
1982-10-07,10.6,Y,,,10.6,Hoburg 68550,Y,1982,280
1982-10-08,12,Y,,,12,Hoburg 68550,Y,1982,281
1982-10-09,11.8,Y,,,11.8,Hoburg 68550,Y,1982,282
1982-10-10,7.4,Y,,,7.4,Hoburg 68550,Y,1982,283
1982-10-11,6.8,Y,,,6.8,Hoburg 68550,Y,1982,284
1982-10-12,9.7,Y,,,9.7,Hoburg 68550,Y,1982,285
1982-10-13,10.3,Y,,,10.3,Hoburg 68550,Y,1982,286
1982-10-14,9.9,Y,,,9.9,Hoburg 68550,Y,1982,287
1982-10-15,9.7,Y,,,9.7,Hoburg 68550,Y,1982,288
1982-10-16,7.2,Y,,,7.2,Hoburg 68550,Y,1982,289
1982-10-17,5.6,Y,,,5.6,Hoburg 68550,Y,1982,290
1982-10-18,4.8,Y,,,4.8,Hoburg 68550,Y,1982,291
1982-10-19,3.8,Y,,,3.8,Hoburg 68550,Y,1982,292
1982-10-20,9.1,Y,,,9.1,Hoburg 68550,Y,1982,293
1982-10-21,9.7,Y,,,9.7,Hoburg 68550,Y,1982,294
1982-10-22,10,Y,,,10,Hoburg 68550,Y,1982,295
1982-10-23,10.2,Y,,,10.2,Hoburg 68550,Y,1982,296
1982-10-24,10,Y,,,10,Hoburg 68550,Y,1982,297
1982-10-25,8.5,Y,,,8.5,Hoburg 68550,Y,1982,298
1982-10-26,9,Y,,,9,Hoburg 68550,Y,1982,299
1982-10-27,8.7,Y,,,8.7,Hoburg 68550,Y,1982,300
1982-10-28,6.5,Y,,,6.5,Hoburg 68550,Y,1982,301
1982-10-29,6,Y,,,6,Hoburg 68550,Y,1982,302
1982-10-30,8.1,Y,,,8.1,Hoburg 68550,Y,1982,303
1982-10-31,7.8,Y,,,7.8,Hoburg 68550,Y,1982,304
1982-11-01,8,Y,,,8,Hoburg 68550,Y,1982,305
1982-11-02,10,Y,,,10,Hoburg 68550,Y,1982,306
1982-11-03,8.5,Y,,,8.5,Hoburg 68550,Y,1982,307
1982-11-04,6.7,Y,,,6.7,Hoburg 68550,Y,1982,308
1982-11-05,1.8,Y,,,1.8,Hoburg 68550,Y,1982,309
1982-11-06,2.6,Y,,,2.6,Hoburg 68550,Y,1982,310
1982-11-07,4.9,Y,,,4.9,Hoburg 68550,Y,1982,311
1982-11-08,5.9,Y,,,5.9,Hoburg 68550,Y,1982,312
1982-11-09,8,Y,,,8,Hoburg 68550,Y,1982,313
1982-11-10,8.8,Y,,,8.8,Hoburg 68550,Y,1982,314
1982-11-11,8.9,Y,,,8.9,Hoburg 68550,Y,1982,315
1982-11-12,8.3,Y,,,8.3,Hoburg 68550,Y,1982,316
1982-11-13,7.8,Y,,,7.8,Hoburg 68550,Y,1982,317
1982-11-14,6.3,Y,,,6.3,Hoburg 68550,Y,1982,318
1982-11-15,5.2,Y,,,5.2,Hoburg 68550,Y,1982,319
1982-11-16,5.6,Y,,,5.6,Hoburg 68550,Y,1982,320
1982-11-17,4.6,Y,,,4.6,Hoburg 68550,Y,1982,321
1982-11-18,3.3,Y,,,3.3,Hoburg 68550,Y,1982,322
1982-11-19,6.5,Y,,,6.5,Hoburg 68550,Y,1982,323
1982-11-20,6.1,Y,,,6.1,Hoburg 68550,Y,1982,324
1982-11-21,5.2,Y,,,5.2,Hoburg 68550,Y,1982,325
1982-11-22,6.3,Y,,,6.3,Hoburg 68550,Y,1982,326
1982-11-23,6.5,Y,,,6.5,Hoburg 68550,Y,1982,327
1982-11-24,7.5,Y,,,7.5,Hoburg 68550,Y,1982,328
1982-11-25,6.1,Y,,,6.1,Hoburg 68550,Y,1982,329
1982-11-26,6.1,Y,,,6.1,Hoburg 68550,Y,1982,330
1982-11-27,6,Y,,,6,Hoburg 68550,Y,1982,331
1982-11-28,5.8,Y,,,5.8,Hoburg 68550,Y,1982,332
1982-11-29,5.2,Y,,,5.2,Hoburg 68550,Y,1982,333
1982-11-30,3.4,Y,,,3.4,Hoburg 68550,Y,1982,334
1982-12-01,4.5,Y,,,4.5,Hoburg 68550,Y,1982,335
1982-12-02,4,Y,,,4,Hoburg 68550,Y,1982,336
1982-12-03,3.8,Y,,,3.8,Hoburg 68550,Y,1982,337
1982-12-04,3.2,Y,,,3.2,Hoburg 68550,Y,1982,338
1982-12-05,2.9,Y,,,2.9,Hoburg 68550,Y,1982,339
1982-12-06,4.6,Y,,,4.6,Hoburg 68550,Y,1982,340
1982-12-07,2,Y,,,2,Hoburg 68550,Y,1982,341
1982-12-08,0.2,Y,,,0.2,Hoburg 68550,Y,1982,342
1982-12-09,4.5,Y,,,4.5,Hoburg 68550,Y,1982,343
1982-12-10,5.3,Y,,,5.3,Hoburg 68550,Y,1982,344
1982-12-11,5.2,Y,,,5.2,Hoburg 68550,Y,1982,345
1982-12-12,2.2,Y,,,2.2,Hoburg 68550,Y,1982,346
1982-12-13,-1,Y,,,-1,Hoburg 68550,Y,1982,347
1982-12-14,-0.2,Y,,,-0.2,Hoburg 68550,Y,1982,348
1982-12-15,3.4,Y,,,3.4,Hoburg 68550,Y,1982,349
1982-12-16,4.2,Y,,,4.2,Hoburg 68550,Y,1982,350
1982-12-17,1.5,Y,,,1.5,Hoburg 68550,Y,1982,351
1982-12-18,1.6,Y,,,1.6,Hoburg 68550,Y,1982,352
1982-12-19,2.3,Y,,,2.3,Hoburg 68550,Y,1982,353
1982-12-20,2.3,Y,,,2.3,Hoburg 68550,Y,1982,354
1982-12-21,4.3,Y,,,4.3,Hoburg 68550,Y,1982,355
1982-12-22,4.3,Y,,,4.3,Hoburg 68550,Y,1982,356
1982-12-23,3.4,Y,,,3.4,Hoburg 68550,Y,1982,357
1982-12-24,2.6,Y,,,2.6,Hoburg 68550,Y,1982,358
1982-12-25,3.5,Y,,,3.5,Hoburg 68550,Y,1982,359
1982-12-26,4.3,Y,,,4.3,Hoburg 68550,Y,1982,360
1982-12-27,4.1,Y,,,4.1,Hoburg 68550,Y,1982,361
1982-12-28,3,Y,,,3,Hoburg 68550,Y,1982,362
1982-12-29,1.4,Y,,,1.4,Hoburg 68550,Y,1982,363
1982-12-30,1.4,Y,,,1.4,Hoburg 68550,Y,1982,364
1982-12-31,3.2,Y,,,3.2,Hoburg 68550,Y,1982,365
1983-01-01,3.7,Y,,,3.7,Hoburg 68550,Y,1983,1
1983-01-02,3.6,Y,,,3.6,Hoburg 68550,Y,1983,2
1983-01-03,2.5,Y,,,2.5,Hoburg 68550,Y,1983,3
1983-01-04,4.2,Y,,,4.2,Hoburg 68550,Y,1983,4
1983-01-05,3.7,Y,,,3.7,Hoburg 68550,Y,1983,5
1983-01-06,5.8,Y,,,5.8,Hoburg 68550,Y,1983,6
1983-01-07,4.2,Y,,,4.2,Hoburg 68550,Y,1983,7
1983-01-08,3.7,Y,,,3.7,Hoburg 68550,Y,1983,8
1983-01-09,4.3,Y,,,4.3,Hoburg 68550,Y,1983,9
1983-01-10,4.4,Y,,,4.4,Hoburg 68550,Y,1983,10
1983-01-11,4.7,Y,,,4.7,Hoburg 68550,Y,1983,11
1983-01-12,4.8,Y,,,4.8,Hoburg 68550,Y,1983,12
1983-01-13,4.4,Y,,,4.4,Hoburg 68550,Y,1983,13
1983-01-14,2.4,Y,,,2.4,Hoburg 68550,Y,1983,14
1983-01-15,0.8,Y,,,0.8,Hoburg 68550,Y,1983,15
1983-01-16,0.5,Y,,,0.5,Hoburg 68550,Y,1983,16
1983-01-17,0.4,Y,,,0.4,Hoburg 68550,Y,1983,17
1983-01-18,1.8,Y,,,1.8,Hoburg 68550,Y,1983,18
1983-01-19,-3,Y,,,-3,Hoburg 68550,Y,1983,19
1983-01-20,-1.8,Y,,,-1.8,Hoburg 68550,Y,1983,20
1983-01-21,4.4,Y,,,4.4,Hoburg 68550,Y,1983,21
1983-01-22,3.4,Y,,,3.4,Hoburg 68550,Y,1983,22
1983-01-23,4.2,Y,,,4.2,Hoburg 68550,Y,1983,23
1983-01-24,1.9,Y,,,1.9,Hoburg 68550,Y,1983,24
1983-01-25,3.5,Y,,,3.5,Hoburg 68550,Y,1983,25
1983-01-26,4.4,Y,,,4.4,Hoburg 68550,Y,1983,26
1983-01-27,4.8,Y,,,4.8,Hoburg 68550,Y,1983,27
1983-01-28,4,Y,,,4,Hoburg 68550,Y,1983,28
1983-01-29,3.3,Y,,,3.3,Hoburg 68550,Y,1983,29
1983-01-30,3.1,Y,,,3.1,Hoburg 68550,Y,1983,30
1983-01-31,-0.3,Y,,,-0.3,Hoburg 68550,Y,1983,31
1983-02-01,1.4,Y,,,1.4,Hoburg 68550,Y,1983,32
1983-02-02,-1,Y,,,-1,Hoburg 68550,Y,1983,33
1983-02-03,-1,Y,,,-1,Hoburg 68550,Y,1983,34
1983-02-04,-0.7,Y,,,-0.7,Hoburg 68550,Y,1983,35
1983-02-05,0.1,Y,,,0.1,Hoburg 68550,Y,1983,36
1983-02-06,-1.1,Y,,,-1.1,Hoburg 68550,Y,1983,37
1983-02-07,-1.4,Y,,,-1.4,Hoburg 68550,Y,1983,38
1983-02-08,-2.4,Y,,,-2.4,Hoburg 68550,Y,1983,39
1983-02-09,-2.3,Y,,,-2.3,Hoburg 68550,Y,1983,40
1983-02-10,-1.8,Y,,,-1.8,Hoburg 68550,Y,1983,41
1983-02-11,-2.6,Y,,,-2.6,Hoburg 68550,Y,1983,42
1983-02-12,-2.3,Y,,,-2.3,Hoburg 68550,Y,1983,43
1983-02-13,-2.2,Y,,,-2.2,Hoburg 68550,Y,1983,44
1983-02-14,-2.2,Y,,,-2.2,Hoburg 68550,Y,1983,45
1983-02-15,-2.5,Y,,,-2.5,Hoburg 68550,Y,1983,46
1983-02-16,0.1,Y,,,0.1,Hoburg 68550,Y,1983,47
1983-02-17,0.2,Y,,,0.2,Hoburg 68550,Y,1983,48
1983-02-18,0.4,Y,,,0.4,Hoburg 68550,Y,1983,49
1983-02-19,0.6,Y,,,0.6,Hoburg 68550,Y,1983,50
1983-02-20,-0.3,Y,,,-0.3,Hoburg 68550,Y,1983,51
1983-02-21,-3.8,Y,,,-3.8,Hoburg 68550,Y,1983,52
1983-02-22,-0.1,Y,,,-0.1,Hoburg 68550,Y,1983,53
1983-02-23,1,Y,,,1,Hoburg 68550,Y,1983,54
1983-02-24,1.1,Y,,,1.1,Hoburg 68550,Y,1983,55
1983-02-25,1.1,Y,,,1.1,Hoburg 68550,Y,1983,56
1983-02-26,-1.7,Y,,,-1.7,Hoburg 68550,Y,1983,57
1983-02-27,-0.4,Y,,,-0.4,Hoburg 68550,Y,1983,58
1983-02-28,-0.2,Y,,,-0.2,Hoburg 68550,Y,1983,59
1983-03-01,-1,Y,,,-1,Hoburg 68550,Y,1983,60
1983-03-02,0.1,Y,,,0.1,Hoburg 68550,Y,1983,61
1983-03-03,0.8,Y,,,0.8,Hoburg 68550,Y,1983,62
1983-03-04,0.6,Y,,,0.6,Hoburg 68550,Y,1983,63
1983-03-05,2.5,Y,,,2.5,Hoburg 68550,Y,1983,64
1983-03-06,1.2,Y,,,1.2,Hoburg 68550,Y,1983,65
1983-03-07,2.5,Y,,,2.5,Hoburg 68550,Y,1983,66
1983-03-08,1.5,Y,,,1.5,Hoburg 68550,Y,1983,67
1983-03-09,3.3,Y,,,3.3,Hoburg 68550,Y,1983,68
1983-03-10,2.4,Y,,,2.4,Hoburg 68550,Y,1983,69
1983-03-11,-1.9,Y,,,-1.9,Hoburg 68550,Y,1983,70
1983-03-12,-2,Y,,,-2,Hoburg 68550,Y,1983,71
1983-03-13,1.5,Y,,,1.5,Hoburg 68550,Y,1983,72
1983-03-14,2.2,Y,,,2.2,Hoburg 68550,Y,1983,73
1983-03-15,3.4,Y,,,3.4,Hoburg 68550,Y,1983,74
1983-03-16,2.7,Y,,,2.7,Hoburg 68550,Y,1983,75
1983-03-17,3.3,Y,,,3.3,Hoburg 68550,Y,1983,76
1983-03-18,3.4,Y,,,3.4,Hoburg 68550,Y,1983,77
1983-03-19,4.3,Y,,,4.3,Hoburg 68550,Y,1983,78
1983-03-20,1.2,Y,,,1.2,Hoburg 68550,Y,1983,79
1983-03-21,2.1,Y,,,2.1,Hoburg 68550,Y,1983,80
1983-03-22,1.7,Y,,,1.7,Hoburg 68550,Y,1983,81
1983-03-23,0.3,Y,,,0.3,Hoburg 68550,Y,1983,82
1983-03-24,2.4,Y,,,2.4,Hoburg 68550,Y,1983,83
1983-03-25,2.8,Y,,,2.8,Hoburg 68550,Y,1983,84
1983-03-26,2.6,Y,,,2.6,Hoburg 68550,Y,1983,85
1983-03-27,1.5,Y,,,1.5,Hoburg 68550,Y,1983,86
1983-03-28,1.2,Y,,,1.2,Hoburg 68550,Y,1983,87
1983-03-29,1.5,Y,,,1.5,Hoburg 68550,Y,1983,88
1983-03-30,3.3,Y,,,3.3,Hoburg 68550,Y,1983,89
1983-03-31,3.6,Y,,,3.6,Hoburg 68550,Y,1983,90
1983-04-01,5,Y,,,5,Hoburg 68550,Y,1983,91
1983-04-02,4.5,Y,,,4.5,Hoburg 68550,Y,1983,92
1983-04-03,4.6,Y,,,4.6,Hoburg 68550,Y,1983,93
1983-04-04,3.2,Y,,,3.2,Hoburg 68550,Y,1983,94
1983-04-05,2.3,Y,,,2.3,Hoburg 68550,Y,1983,95
1983-04-06,2.9,Y,,,2.9,Hoburg 68550,Y,1983,96
1983-04-07,3.8,Y,,,3.8,Hoburg 68550,Y,1983,97
1983-04-08,3.6,Y,,,3.6,Hoburg 68550,Y,1983,98
1983-04-09,3.3,Y,,,3.3,Hoburg 68550,Y,1983,99
1983-04-10,4.4,Y,,,4.4,Hoburg 68550,Y,1983,100
1983-04-11,2.7,Y,,,2.7,Hoburg 68550,Y,1983,101
1983-04-12,2.7,Y,,,2.7,Hoburg 68550,Y,1983,102
1983-04-13,0.2,Y,,,0.2,Hoburg 68550,Y,1983,103
1983-04-14,0.5,Y,,,0.5,Hoburg 68550,Y,1983,104
1983-04-15,2.1,Y,,,2.1,Hoburg 68550,Y,1983,105
1983-04-16,2.8,Y,,,2.8,Hoburg 68550,Y,1983,106
1983-04-17,4.4,Y,,,4.4,Hoburg 68550,Y,1983,107
1983-04-18,5.5,Y,,,5.5,Hoburg 68550,Y,1983,108
1983-04-19,5.2,Y,,,5.2,Hoburg 68550,Y,1983,109
1983-04-20,5.1,Y,,,5.1,Hoburg 68550,Y,1983,110
1983-04-21,4.1,Y,,,4.1,Hoburg 68550,Y,1983,111
1983-04-22,7.6,Y,,,7.6,Hoburg 68550,Y,1983,112
1983-04-23,5.8,Y,,,5.8,Hoburg 68550,Y,1983,113
1983-04-24,5.1,Y,,,5.1,Hoburg 68550,Y,1983,114
1983-04-25,6,Y,,,6,Hoburg 68550,Y,1983,115
1983-04-26,6,Y,,,6,Hoburg 68550,Y,1983,116
1983-04-27,8.1,Y,,,8.1,Hoburg 68550,Y,1983,117
1983-04-28,5.1,Y,,,5.1,Hoburg 68550,Y,1983,118
1983-04-29,7.5,Y,,,7.5,Hoburg 68550,Y,1983,119
1983-04-30,6,Y,,,6,Hoburg 68550,Y,1983,120
1983-05-01,5.2,Y,,,5.2,Hoburg 68550,Y,1983,121
1983-05-02,5.9,Y,,,5.9,Hoburg 68550,Y,1983,122
1983-05-03,3.4,Y,,,3.4,Hoburg 68550,Y,1983,123
1983-05-04,4.2,Y,,,4.2,Hoburg 68550,Y,1983,124
1983-05-05,6.8,Y,,,6.8,Hoburg 68550,Y,1983,125
1983-05-06,10.3,Y,,,10.3,Hoburg 68550,Y,1983,126
1983-05-07,9,Y,,,9,Hoburg 68550,Y,1983,127
1983-05-08,9.7,Y,,,9.7,Hoburg 68550,Y,1983,128
1983-05-09,9.2,Y,,,9.2,Hoburg 68550,Y,1983,129
1983-05-10,7.9,Y,,,7.9,Hoburg 68550,Y,1983,130
1983-05-11,7.1,Y,,,7.1,Hoburg 68550,Y,1983,131
1983-05-12,7,Y,,,7,Hoburg 68550,Y,1983,132
1983-05-13,8.1,Y,,,8.1,Hoburg 68550,Y,1983,133
1983-05-14,8.5,Y,,,8.5,Hoburg 68550,Y,1983,134
1983-05-15,8.1,Y,,,8.1,Hoburg 68550,Y,1983,135
1983-05-16,12.9,Y,,,12.9,Hoburg 68550,Y,1983,136
1983-05-17,10,Y,,,10,Hoburg 68550,Y,1983,137
1983-05-18,11.4,Y,,,11.4,Hoburg 68550,Y,1983,138
1983-05-19,10.6,Y,,,10.6,Hoburg 68550,Y,1983,139
1983-05-20,9.2,Y,,,9.2,Hoburg 68550,Y,1983,140
1983-05-21,10.2,Y,,,10.2,Hoburg 68550,Y,1983,141
1983-05-22,10.5,Y,,,10.5,Hoburg 68550,Y,1983,142
1983-05-23,11.2,Y,,,11.2,Hoburg 68550,Y,1983,143
1983-05-24,13.1,Y,,,13.1,Hoburg 68550,Y,1983,144
1983-05-25,12.7,Y,,,12.7,Hoburg 68550,Y,1983,145
1983-05-26,13.4,Y,,,13.4,Hoburg 68550,Y,1983,146
1983-05-27,9.5,Y,,,9.5,Hoburg 68550,Y,1983,147
1983-05-28,11.5,Y,,,11.5,Hoburg 68550,Y,1983,148
1983-05-29,10,Y,,,10,Hoburg 68550,Y,1983,149
1983-05-30,9.4,Y,,,9.4,Hoburg 68550,Y,1983,150
1983-05-31,10.4,Y,,,10.4,Hoburg 68550,Y,1983,151
1983-06-01,11.2,Y,,,11.2,Hoburg 68550,Y,1983,152
1983-06-02,12.8,Y,,,12.8,Hoburg 68550,Y,1983,153
1983-06-03,11.1,Y,,,11.1,Hoburg 68550,Y,1983,154
1983-06-04,10.4,Y,,,10.4,Hoburg 68550,Y,1983,155
1983-06-05,10.1,Y,,,10.1,Hoburg 68550,Y,1983,156
1983-06-06,9.7,Y,,,9.7,Hoburg 68550,Y,1983,157
1983-06-07,11.5,Y,,,11.5,Hoburg 68550,Y,1983,158
1983-06-08,12.3,Y,,,12.3,Hoburg 68550,Y,1983,159
1983-06-09,12.5,Y,,,12.5,Hoburg 68550,Y,1983,160
1983-06-10,11.3,Y,,,11.3,Hoburg 68550,Y,1983,161
1983-06-11,11.5,Y,,,11.5,Hoburg 68550,Y,1983,162
1983-06-12,12.3,Y,,,12.3,Hoburg 68550,Y,1983,163
1983-06-13,14.2,Y,,,14.2,Hoburg 68550,Y,1983,164
1983-06-14,14.4,Y,,,14.4,Hoburg 68550,Y,1983,165
1983-06-15,13.5,Y,,,13.5,Hoburg 68550,Y,1983,166
1983-06-16,12.8,Y,,,12.8,Hoburg 68550,Y,1983,167
1983-06-17,11.8,Y,,,11.8,Hoburg 68550,Y,1983,168
1983-06-18,15.2,Y,,,15.2,Hoburg 68550,Y,1983,169
1983-06-19,15.1,Y,,,15.1,Hoburg 68550,Y,1983,170
1983-06-20,15.4,Y,,,15.4,Hoburg 68550,Y,1983,171
1983-06-21,11.9,Y,,,11.9,Hoburg 68550,Y,1983,172
1983-06-22,9.6,Y,,,9.6,Hoburg 68550,Y,1983,173
1983-06-23,12.6,Y,,,12.6,Hoburg 68550,Y,1983,174
1983-06-24,15.2,Y,,,15.2,Hoburg 68550,Y,1983,175
1983-06-25,15.1,Y,,,15.1,Hoburg 68550,Y,1983,176
1983-06-26,13.9,Y,,,13.9,Hoburg 68550,Y,1983,177
1983-06-27,13.8,Y,,,13.8,Hoburg 68550,Y,1983,178
1983-06-28,13.7,Y,,,13.7,Hoburg 68550,Y,1983,179
1983-06-29,13.8,Y,,,13.8,Hoburg 68550,Y,1983,180
1983-06-30,13.6,Y,,,13.6,Hoburg 68550,Y,1983,181
1983-07-01,14.6,Y,,,14.6,Hoburg 68550,Y,1983,182
1983-07-02,14.7,Y,,,14.7,Hoburg 68550,Y,1983,183
1983-07-03,15.1,Y,,,15.1,Hoburg 68550,Y,1983,184
1983-07-04,15,Y,,,15,Hoburg 68550,Y,1983,185
1983-07-05,15.9,Y,,,15.9,Hoburg 68550,Y,1983,186
1983-07-06,17.6,Y,,,17.6,Hoburg 68550,Y,1983,187
1983-07-07,18.3,Y,,,18.3,Hoburg 68550,Y,1983,188
1983-07-08,18.4,Y,,,18.4,Hoburg 68550,Y,1983,189
1983-07-09,21,Y,,,21,Hoburg 68550,Y,1983,190
1983-07-10,22.9,Y,,,22.9,Hoburg 68550,Y,1983,191
1983-07-11,23.9,Y,,,23.9,Hoburg 68550,Y,1983,192
1983-07-12,23.3,Y,,,23.3,Hoburg 68550,Y,1983,193
1983-07-13,19.8,Y,,,19.8,Hoburg 68550,Y,1983,194
1983-07-14,17.7,Y,,,17.7,Hoburg 68550,Y,1983,195
1983-07-15,18.3,Y,,,18.3,Hoburg 68550,Y,1983,196
1983-07-16,18.1,Y,,,18.1,Hoburg 68550,Y,1983,197
1983-07-17,18.1,Y,,,18.1,Hoburg 68550,Y,1983,198
1983-07-18,18,Y,,,18,Hoburg 68550,Y,1983,199
1983-07-19,17.9,Y,,,17.9,Hoburg 68550,Y,1983,200
1983-07-20,14.9,Y,,,14.9,Hoburg 68550,Y,1983,201
1983-07-21,14.4,Y,,,14.4,Hoburg 68550,Y,1983,202
1983-07-22,16,Y,,,16,Hoburg 68550,Y,1983,203
1983-07-23,16.5,Y,,,16.5,Hoburg 68550,Y,1983,204
1983-07-24,16.5,Y,,,16.5,Hoburg 68550,Y,1983,205
1983-07-25,16.6,Y,,,16.6,Hoburg 68550,Y,1983,206
1983-07-26,18.4,Y,,,18.4,Hoburg 68550,Y,1983,207
1983-07-27,16.1,Y,,,16.1,Hoburg 68550,Y,1983,208
1983-07-28,19,Y,,,19,Hoburg 68550,Y,1983,209
1983-07-29,17.6,Y,,,17.6,Hoburg 68550,Y,1983,210
1983-07-30,18.5,Y,,,18.5,Hoburg 68550,Y,1983,211
1983-07-31,17.9,Y,,,17.9,Hoburg 68550,Y,1983,212
1983-08-01,18.7,Y,,,18.7,Hoburg 68550,Y,1983,213
1983-08-02,18,Y,,,18,Hoburg 68550,Y,1983,214
1983-08-03,16.2,Y,,,16.2,Hoburg 68550,Y,1983,215
1983-08-04,18.5,Y,,,18.5,Hoburg 68550,Y,1983,216
1983-08-05,18.8,Y,,,18.8,Hoburg 68550,Y,1983,217
1983-08-06,18.6,Y,,,18.6,Hoburg 68550,Y,1983,218
1983-08-07,17.9,Y,,,17.9,Hoburg 68550,Y,1983,219
1983-08-08,18.5,Y,,,18.5,Hoburg 68550,Y,1983,220
1983-08-09,20,Y,,,20,Hoburg 68550,Y,1983,221
1983-08-10,20.6,Y,,,20.6,Hoburg 68550,Y,1983,222
1983-08-11,20.5,Y,,,20.5,Hoburg 68550,Y,1983,223
1983-08-12,17.2,Y,,,17.2,Hoburg 68550,Y,1983,224
1983-08-13,14.3,Y,,,14.3,Hoburg 68550,Y,1983,225
1983-08-14,15.2,Y,,,15.2,Hoburg 68550,Y,1983,226
1983-08-15,16.8,Y,,,16.8,Hoburg 68550,Y,1983,227
1983-08-16,18,Y,,,18,Hoburg 68550,Y,1983,228
1983-08-17,17,Y,,,17,Hoburg 68550,Y,1983,229
1983-08-18,16.6,Y,,,16.6,Hoburg 68550,Y,1983,230
1983-08-19,16.8,Y,,,16.8,Hoburg 68550,Y,1983,231
1983-08-20,16.6,Y,,,16.6,Hoburg 68550,Y,1983,232
1983-08-21,17.4,Y,,,17.4,Hoburg 68550,Y,1983,233
1983-08-22,18.3,Y,,,18.3,Hoburg 68550,Y,1983,234
1983-08-23,18.4,Y,,,18.4,Hoburg 68550,Y,1983,235
1983-08-24,16.2,Y,,,16.2,Hoburg 68550,Y,1983,236
1983-08-25,13.3,Y,,,13.3,Hoburg 68550,Y,1983,237
1983-08-26,17.1,Y,,,17.1,Hoburg 68550,Y,1983,238
1983-08-27,17.3,Y,,,17.3,Hoburg 68550,Y,1983,239
1983-08-28,17.4,Y,,,17.4,Hoburg 68550,Y,1983,240
1983-08-29,16.8,Y,,,16.8,Hoburg 68550,Y,1983,241
1983-08-30,18,Y,,,18,Hoburg 68550,Y,1983,242
1983-08-31,16.2,Y,,,16.2,Hoburg 68550,Y,1983,243
1983-09-01,17.7,Y,,,17.7,Hoburg 68550,Y,1983,244
1983-09-02,19.2,Y,,,19.2,Hoburg 68550,Y,1983,245
1983-09-03,18.2,Y,,,18.2,Hoburg 68550,Y,1983,246
1983-09-04,17.4,Y,,,17.4,Hoburg 68550,Y,1983,247
1983-09-05,16,Y,,,16,Hoburg 68550,Y,1983,248
1983-09-06,12.8,Y,,,12.8,Hoburg 68550,Y,1983,249
1983-09-07,11.7,Y,,,11.7,Hoburg 68550,Y,1983,250
1983-09-08,12.5,Y,,,12.5,Hoburg 68550,Y,1983,251
1983-09-09,12.6,Y,,,12.6,Hoburg 68550,Y,1983,252
1983-09-10,13.6,Y,,,13.6,Hoburg 68550,Y,1983,253
1983-09-11,13.8,Y,,,13.8,Hoburg 68550,Y,1983,254
1983-09-12,13.7,Y,,,13.7,Hoburg 68550,Y,1983,255
1983-09-13,14.4,Y,,,14.4,Hoburg 68550,Y,1983,256
1983-09-14,14,Y,,,14,Hoburg 68550,Y,1983,257
1983-09-15,13.4,Y,,,13.4,Hoburg 68550,Y,1983,258
1983-09-16,15.1,Y,,,15.1,Hoburg 68550,Y,1983,259
1983-09-17,12.7,Y,,,12.7,Hoburg 68550,Y,1983,260
1983-09-18,14,Y,,,14,Hoburg 68550,Y,1983,261
1983-09-19,14.3,Y,,,14.3,Hoburg 68550,Y,1983,262
1983-09-20,13.7,Y,,,13.7,Hoburg 68550,Y,1983,263
1983-09-21,13.9,Y,,,13.9,Hoburg 68550,Y,1983,264
1983-09-22,12.2,Y,,,12.2,Hoburg 68550,Y,1983,265
1983-09-23,12.1,Y,,,12.1,Hoburg 68550,Y,1983,266
1983-09-24,12,Y,,,12,Hoburg 68550,Y,1983,267
1983-09-25,9.2,Y,,,9.2,Hoburg 68550,Y,1983,268
1983-09-26,11.1,Y,,,11.1,Hoburg 68550,Y,1983,269
1983-09-27,12.5,Y,,,12.5,Hoburg 68550,Y,1983,270
1983-09-28,11.4,Y,,,11.4,Hoburg 68550,Y,1983,271
1983-09-29,8.5,Y,,,8.5,Hoburg 68550,Y,1983,272
1983-09-30,7.7,Y,,,7.7,Hoburg 68550,Y,1983,273
1983-10-01,6.9,Y,,,6.9,Hoburg 68550,Y,1983,274
1983-10-02,8.9,Y,,,8.9,Hoburg 68550,Y,1983,275
1983-10-03,9.8,Y,,,9.8,Hoburg 68550,Y,1983,276
1983-10-04,12,Y,,,12,Hoburg 68550,Y,1983,277
1983-10-05,12.7,Y,,,12.7,Hoburg 68550,Y,1983,278
1983-10-06,8.9,Y,,,8.9,Hoburg 68550,Y,1983,279
1983-10-07,9,Y,,,9,Hoburg 68550,Y,1983,280
1983-10-08,9.1,Y,,,9.1,Hoburg 68550,Y,1983,281
1983-10-09,6.9,Y,,,6.9,Hoburg 68550,Y,1983,282
1983-10-10,8.1,Y,,,8.1,Hoburg 68550,Y,1983,283
1983-10-11,9.9,Y,,,9.9,Hoburg 68550,Y,1983,284
1983-10-12,8.8,Y,,,8.8,Hoburg 68550,Y,1983,285
1983-10-13,10,Y,,,10,Hoburg 68550,Y,1983,286
1983-10-14,11,Y,,,11,Hoburg 68550,Y,1983,287
1983-10-15,9.8,Y,,,9.8,Hoburg 68550,Y,1983,288
1983-10-16,10.6,Y,,,10.6,Hoburg 68550,Y,1983,289
1983-10-17,10.1,Y,,,10.1,Hoburg 68550,Y,1983,290
1983-10-18,9.2,Y,,,9.2,Hoburg 68550,Y,1983,291
1983-10-19,10.2,Y,,,10.2,Hoburg 68550,Y,1983,292
1983-10-20,7.8,Y,,,7.8,Hoburg 68550,Y,1983,293
1983-10-21,7,Y,,,7,Hoburg 68550,Y,1983,294
1983-10-22,7.6,Y,,,7.6,Hoburg 68550,Y,1983,295
1983-10-23,8,Y,,,8,Hoburg 68550,Y,1983,296
1983-10-24,7.2,Y,,,7.2,Hoburg 68550,Y,1983,297
1983-10-25,4.9,Y,,,4.9,Hoburg 68550,Y,1983,298
1983-10-26,9.2,Y,,,9.2,Hoburg 68550,Y,1983,299
1983-10-27,9.1,Y,,,9.1,Hoburg 68550,Y,1983,300
1983-10-28,6.3,Y,,,6.3,Hoburg 68550,Y,1983,301
1983-10-29,4.2,Y,,,4.2,Hoburg 68550,Y,1983,302
1983-10-30,6.5,Y,,,6.5,Hoburg 68550,Y,1983,303
1983-10-31,7.8,Y,,,7.8,Hoburg 68550,Y,1983,304
1983-11-01,7.2,Y,,,7.2,Hoburg 68550,Y,1983,305
1983-11-02,7.9,Y,,,7.9,Hoburg 68550,Y,1983,306
1983-11-03,6.3,Y,,,6.3,Hoburg 68550,Y,1983,307
1983-11-04,6.8,Y,,,6.8,Hoburg 68550,Y,1983,308
1983-11-05,7.3,Y,,,7.3,Hoburg 68550,Y,1983,309
1983-11-06,7.4,Y,,,7.4,Hoburg 68550,Y,1983,310
1983-11-07,7,Y,,,7,Hoburg 68550,Y,1983,311
1983-11-08,6.5,Y,,,6.5,Hoburg 68550,Y,1983,312
1983-11-09,7,Y,,,7,Hoburg 68550,Y,1983,313
1983-11-10,5.7,Y,,,5.7,Hoburg 68550,Y,1983,314
1983-11-11,2,Y,,,2,Hoburg 68550,Y,1983,315
1983-11-12,0.7,Y,,,0.7,Hoburg 68550,Y,1983,316
1983-11-13,-0.2,Y,,,-0.2,Hoburg 68550,Y,1983,317
1983-11-14,3.2,Y,,,3.2,Hoburg 68550,Y,1983,318
1983-11-15,4,Y,,,4,Hoburg 68550,Y,1983,319
1983-11-16,1.8,Y,,,1.8,Hoburg 68550,Y,1983,320
1983-11-17,0.5,Y,,,0.5,Hoburg 68550,Y,1983,321
1983-11-18,3.4,Y,,,3.4,Hoburg 68550,Y,1983,322
1983-11-19,3.6,Y,,,3.6,Hoburg 68550,Y,1983,323
1983-11-20,5.7,Y,,,5.7,Hoburg 68550,Y,1983,324
1983-11-21,0.5,Y,,,0.5,Hoburg 68550,Y,1983,325
1983-11-22,-0.7,Y,,,-0.7,Hoburg 68550,Y,1983,326
1983-11-23,-0.9,Y,,,-0.9,Hoburg 68550,Y,1983,327
1983-11-24,2.2,Y,,,2.2,Hoburg 68550,Y,1983,328
1983-11-25,3.9,Y,,,3.9,Hoburg 68550,Y,1983,329
1983-11-26,5.7,Y,,,5.7,Hoburg 68550,Y,1983,330
1983-11-27,2.4,Y,,,2.4,Hoburg 68550,Y,1983,331
1983-11-28,0.2,Y,,,0.2,Hoburg 68550,Y,1983,332
1983-11-29,-2.1,Y,,,-2.1,Hoburg 68550,Y,1983,333
1983-11-30,-1.9,Y,,,-1.9,Hoburg 68550,Y,1983,334
1983-12-01,-3,Y,,,-3,Hoburg 68550,Y,1983,335
1983-12-02,-0.1,Y,,,-0.1,Hoburg 68550,Y,1983,336
1983-12-03,2.6,Y,,,2.6,Hoburg 68550,Y,1983,337
1983-12-04,4,Y,,,4,Hoburg 68550,Y,1983,338
1983-12-05,4.4,Y,,,4.4,Hoburg 68550,Y,1983,339
1983-12-06,3.2,Y,,,3.2,Hoburg 68550,Y,1983,340
1983-12-07,0.8,Y,,,0.8,Hoburg 68550,Y,1983,341
1983-12-08,2.1,Y,,,2.1,Hoburg 68550,Y,1983,342
1983-12-09,3.6,Y,,,3.6,Hoburg 68550,Y,1983,343
1983-12-10,-3.5,Y,,,-3.5,Hoburg 68550,Y,1983,344
1983-12-11,-3.9,Y,,,-3.9,Hoburg 68550,Y,1983,345
1983-12-12,-1.7,Y,,,-1.7,Hoburg 68550,Y,1983,346
1983-12-13,1,Y,,,1,Hoburg 68550,Y,1983,347
1983-12-14,0.7,Y,,,0.7,Hoburg 68550,Y,1983,348
1983-12-15,0.9,Y,,,0.9,Hoburg 68550,Y,1983,349
1983-12-16,1.1,Y,,,1.1,Hoburg 68550,Y,1983,350
1983-12-17,0,Y,,,0,Hoburg 68550,Y,1983,351
1983-12-18,1.8,Y,,,1.8,Hoburg 68550,Y,1983,352
1983-12-19,2.5,Y,,,2.5,Hoburg 68550,Y,1983,353
1983-12-20,3.2,Y,,,3.2,Hoburg 68550,Y,1983,354
1983-12-21,2.2,Y,,,2.2,Hoburg 68550,Y,1983,355
1983-12-22,3.1,Y,,,3.1,Hoburg 68550,Y,1983,356
1983-12-23,3.1,Y,,,3.1,Hoburg 68550,Y,1983,357
1983-12-24,2,Y,,,2,Hoburg 68550,Y,1983,358
1983-12-25,0.6,Y,,,0.6,Hoburg 68550,Y,1983,359
1983-12-26,3.7,Y,,,3.7,Hoburg 68550,Y,1983,360
1983-12-27,1.9,Y,,,1.9,Hoburg 68550,Y,1983,361
1983-12-28,5.2,Y,,,5.2,Hoburg 68550,Y,1983,362
1983-12-29,3.2,Y,,,3.2,Hoburg 68550,Y,1983,363
1983-12-30,3.7,Y,,,3.7,Hoburg 68550,Y,1983,364
1983-12-31,2.8,Y,,,2.8,Hoburg 68550,Y,1983,365
1984-01-01,5.1,Y,,,5.1,Hoburg 68550,Y,1984,1
1984-01-02,3.2,Y,,,3.2,Hoburg 68550,Y,1984,2
1984-01-03,3.1,Y,,,3.1,Hoburg 68550,Y,1984,3
1984-01-04,1.9,Y,,,1.9,Hoburg 68550,Y,1984,4
1984-01-05,0.2,Y,,,0.2,Hoburg 68550,Y,1984,5
1984-01-06,2.2,Y,,,2.2,Hoburg 68550,Y,1984,6
1984-01-07,2.3,Y,,,2.3,Hoburg 68550,Y,1984,7
1984-01-08,1.8,Y,,,1.8,Hoburg 68550,Y,1984,8
1984-01-09,-0.1,Y,,,-0.1,Hoburg 68550,Y,1984,9
1984-01-10,-2.9,Y,,,-2.9,Hoburg 68550,Y,1984,10
1984-01-11,1.3,Y,,,1.3,Hoburg 68550,Y,1984,11
1984-01-12,3.2,Y,,,3.2,Hoburg 68550,Y,1984,12
1984-01-13,2,Y,,,2,Hoburg 68550,Y,1984,13
1984-01-14,2.1,Y,,,2.1,Hoburg 68550,Y,1984,14
1984-01-15,1.4,Y,,,1.4,Hoburg 68550,Y,1984,15
1984-01-16,1.7,Y,,,1.7,Hoburg 68550,Y,1984,16
1984-01-17,2.1,Y,,,2.1,Hoburg 68550,Y,1984,17
1984-01-18,0.6,Y,,,0.6,Hoburg 68550,Y,1984,18
1984-01-19,-1.4,Y,,,-1.4,Hoburg 68550,Y,1984,19
1984-01-20,-0.2,Y,,,-0.2,Hoburg 68550,Y,1984,20
1984-01-21,-1.9,Y,,,-1.9,Hoburg 68550,Y,1984,21
1984-01-22,-3.2,Y,,,-3.2,Hoburg 68550,Y,1984,22
1984-01-23,-4.1,Y,,,-4.1,Hoburg 68550,Y,1984,23
1984-01-24,-2.7,Y,,,-2.7,Hoburg 68550,Y,1984,24
1984-01-25,-1.6,Y,,,-1.6,Hoburg 68550,Y,1984,25
1984-01-26,-1.8,Y,,,-1.8,Hoburg 68550,Y,1984,26
1984-01-27,-0.3,Y,,,-0.3,Hoburg 68550,Y,1984,27
1984-01-28,0.7,Y,,,0.7,Hoburg 68550,Y,1984,28
1984-01-29,0.8,Y,,,0.8,Hoburg 68550,Y,1984,29
1984-01-30,0.9,Y,,,0.9,Hoburg 68550,Y,1984,30
1984-01-31,0.6,Y,,,0.6,Hoburg 68550,Y,1984,31
1984-02-01,1,Y,,,1,Hoburg 68550,Y,1984,32
1984-02-02,1.1,Y,,,1.1,Hoburg 68550,Y,1984,33
1984-02-03,1.6,Y,,,1.6,Hoburg 68550,Y,1984,34
1984-02-04,2.1,Y,,,2.1,Hoburg 68550,Y,1984,35
1984-02-05,2,Y,,,2,Hoburg 68550,Y,1984,36
1984-02-06,1.4,Y,,,1.4,Hoburg 68550,Y,1984,37
1984-02-07,1.1,Y,,,1.1,Hoburg 68550,Y,1984,38
1984-02-08,0.5,Y,,,0.5,Hoburg 68550,Y,1984,39
1984-02-09,-0.9,Y,,,-0.9,Hoburg 68550,Y,1984,40
1984-02-10,-0.6,Y,,,-0.6,Hoburg 68550,Y,1984,41
1984-02-11,-1.3,Y,,,-1.3,Hoburg 68550,Y,1984,42
1984-02-12,-0.8,Y,,,-0.8,Hoburg 68550,Y,1984,43
1984-02-13,-0.5,Y,,,-0.5,Hoburg 68550,Y,1984,44
1984-02-14,0.2,Y,,,0.2,Hoburg 68550,Y,1984,45
1984-02-15,-1.2,Y,,,-1.2,Hoburg 68550,Y,1984,46
1984-02-16,-2.8,Y,,,-2.8,Hoburg 68550,Y,1984,47
1984-02-17,-2.1,Y,,,-2.1,Hoburg 68550,Y,1984,48
1984-02-18,-3.7,Y,,,-3.7,Hoburg 68550,Y,1984,49
1984-02-19,-3.8,Y,,,-3.8,Hoburg 68550,Y,1984,50
1984-02-20,-2.5,Y,,,-2.5,Hoburg 68550,Y,1984,51
1984-02-21,-1.6,Y,,,-1.6,Hoburg 68550,Y,1984,52
1984-02-22,-1.2,Y,,,-1.2,Hoburg 68550,Y,1984,53
1984-02-23,-1,Y,,,-1,Hoburg 68550,Y,1984,54
1984-02-24,-0.8,Y,,,-0.8,Hoburg 68550,Y,1984,55
1984-02-25,-0.5,Y,,,-0.5,Hoburg 68550,Y,1984,56
1984-02-26,-0.2,Y,,,-0.2,Hoburg 68550,Y,1984,57
1984-02-27,-0.3,Y,,,-0.3,Hoburg 68550,Y,1984,58
1984-02-28,-0.7,Y,,,-0.7,Hoburg 68550,Y,1984,59
1984-02-29,-0.1,Y,,,-0.1,Hoburg 68550,Y,1984,60
1984-03-01,1.3,Y,,,1.3,Hoburg 68550,Y,1984,61
1984-03-02,-0.4,Y,,,-0.4,Hoburg 68550,Y,1984,62
1984-03-03,0.6,Y,,,0.6,Hoburg 68550,Y,1984,63
1984-03-04,0.3,Y,,,0.3,Hoburg 68550,Y,1984,64
1984-03-05,1.7,Y,,,1.7,Hoburg 68550,Y,1984,65
1984-03-06,1.8,Y,,,1.8,Hoburg 68550,Y,1984,66
1984-03-07,1.2,Y,,,1.2,Hoburg 68550,Y,1984,67
1984-03-08,-0.3,Y,,,-0.3,Hoburg 68550,Y,1984,68
1984-03-09,-1.2,Y,,,-1.2,Hoburg 68550,Y,1984,69
1984-03-10,-0.3,Y,,,-0.3,Hoburg 68550,Y,1984,70
1984-03-11,1.2,Y,,,1.2,Hoburg 68550,Y,1984,71
1984-03-12,1,Y,,,1,Hoburg 68550,Y,1984,72
1984-03-13,1.3,Y,,,1.3,Hoburg 68550,Y,1984,73
1984-03-14,-0.1,Y,,,-0.1,Hoburg 68550,Y,1984,74
1984-03-15,0,Y,,,0,Hoburg 68550,Y,1984,75
1984-03-16,-1.4,Y,,,-1.4,Hoburg 68550,Y,1984,76
1984-03-17,-2.7,Y,,,-2.7,Hoburg 68550,Y,1984,77
1984-03-18,-4.2,Y,,,-4.2,Hoburg 68550,Y,1984,78
1984-03-19,-2.9,Y,,,-2.9,Hoburg 68550,Y,1984,79
1984-03-20,0.2,Y,,,0.2,Hoburg 68550,Y,1984,80
1984-03-21,-2,Y,,,-2,Hoburg 68550,Y,1984,81
1984-03-22,-2.8,Y,,,-2.8,Hoburg 68550,Y,1984,82
1984-03-23,-3.6,Y,,,-3.6,Hoburg 68550,Y,1984,83
1984-03-24,-3.4,Y,,,-3.4,Hoburg 68550,Y,1984,84
1984-03-25,-0.2,Y,,,-0.2,Hoburg 68550,Y,1984,85
1984-03-26,0.8,Y,,,0.8,Hoburg 68550,Y,1984,86
1984-03-27,0.5,Y,,,0.5,Hoburg 68550,Y,1984,87
1984-03-28,1.2,Y,,,1.2,Hoburg 68550,Y,1984,88
1984-03-29,2.1,Y,,,2.1,Hoburg 68550,Y,1984,89
1984-03-30,2.7,Y,,,2.7,Hoburg 68550,Y,1984,90
1984-03-31,1.7,Y,,,1.7,Hoburg 68550,Y,1984,91
1984-04-01,-0.8,Y,,,-0.8,Hoburg 68550,Y,1984,92
1984-04-02,0.3,Y,,,0.3,Hoburg 68550,Y,1984,93
1984-04-03,1.7,Y,,,1.7,Hoburg 68550,Y,1984,94
1984-04-04,5,Y,,,5,Hoburg 68550,Y,1984,95
1984-04-05,6.4,Y,,,6.4,Hoburg 68550,Y,1984,96
1984-04-06,4.2,Y,,,4.2,Hoburg 68550,Y,1984,97
1984-04-07,6.7,Y,,,6.7,Hoburg 68550,Y,1984,98
1984-04-08,7.8,Y,,,7.8,Hoburg 68550,Y,1984,99
1984-04-09,4.7,Y,,,4.7,Hoburg 68550,Y,1984,100
1984-04-10,2.6,Y,,,2.6,Hoburg 68550,Y,1984,101
1984-04-11,0.3,Y,,,0.3,Hoburg 68550,Y,1984,102
1984-04-12,2.9,Y,,,2.9,Hoburg 68550,Y,1984,103
1984-04-13,3.5,Y,,,3.5,Hoburg 68550,Y,1984,104
1984-04-14,4.1,Y,,,4.1,Hoburg 68550,Y,1984,105
1984-04-15,5.3,Y,,,5.3,Hoburg 68550,Y,1984,106
1984-04-16,5.8,Y,,,5.8,Hoburg 68550,Y,1984,107
1984-04-17,4.3,Y,,,4.3,Hoburg 68550,Y,1984,108
1984-04-18,3.6,Y,,,3.6,Hoburg 68550,Y,1984,109
1984-04-19,4,Y,,,4,Hoburg 68550,Y,1984,110
1984-04-20,4.9,Y,,,4.9,Hoburg 68550,Y,1984,111
1984-04-21,4.2,Y,,,4.2,Hoburg 68550,Y,1984,112
1984-04-22,3.5,Y,,,3.5,Hoburg 68550,Y,1984,113
1984-04-23,6.4,Y,,,6.4,Hoburg 68550,Y,1984,114
1984-04-24,6.2,Y,,,6.2,Hoburg 68550,Y,1984,115
1984-04-25,7.4,Y,,,7.4,Hoburg 68550,Y,1984,116
1984-04-26,4.8,Y,,,4.8,Hoburg 68550,Y,1984,117
1984-04-27,4.2,Y,,,4.2,Hoburg 68550,Y,1984,118
1984-04-28,6.8,Y,,,6.8,Hoburg 68550,Y,1984,119
1984-04-29,6.7,Y,,,6.7,Hoburg 68550,Y,1984,120
1984-04-30,8,Y,,,8,Hoburg 68550,Y,1984,121
1984-05-01,9.5,Y,,,9.5,Hoburg 68550,Y,1984,122
1984-05-02,8.7,Y,,,8.7,Hoburg 68550,Y,1984,123
1984-05-03,8.1,Y,,,8.1,Hoburg 68550,Y,1984,124
1984-05-04,7.7,Y,,,7.7,Hoburg 68550,Y,1984,125
1984-05-05,6.3,Y,,,6.3,Hoburg 68550,Y,1984,126
1984-05-06,7.4,Y,,,7.4,Hoburg 68550,Y,1984,127
1984-05-07,5.9,Y,,,5.9,Hoburg 68550,Y,1984,128
1984-05-08,5.8,Y,,,5.8,Hoburg 68550,Y,1984,129
1984-05-09,5.1,Y,,,5.1,Hoburg 68550,Y,1984,130
1984-05-10,4.3,Y,,,4.3,Hoburg 68550,Y,1984,131
1984-05-11,4.8,Y,,,4.8,Hoburg 68550,Y,1984,132
1984-05-12,7,Y,,,7,Hoburg 68550,Y,1984,133
1984-05-13,8.6,Y,,,8.6,Hoburg 68550,Y,1984,134
1984-05-14,11.4,Y,,,11.4,Hoburg 68550,Y,1984,135
1984-05-15,12.7,Y,,,12.7,Hoburg 68550,Y,1984,136
1984-05-16,9.9,Y,,,9.9,Hoburg 68550,Y,1984,137
1984-05-17,12.4,Y,,,12.4,Hoburg 68550,Y,1984,138
1984-05-18,10,Y,,,10,Hoburg 68550,Y,1984,139
1984-05-19,10.7,Y,,,10.7,Hoburg 68550,Y,1984,140
1984-05-20,13,Y,,,13,Hoburg 68550,Y,1984,141
1984-05-21,14.9,Y,,,14.9,Hoburg 68550,Y,1984,142
1984-05-22,13.8,Y,,,13.8,Hoburg 68550,Y,1984,143
1984-05-23,9.3,Y,,,9.3,Hoburg 68550,Y,1984,144
1984-05-24,10.8,Y,,,10.8,Hoburg 68550,Y,1984,145
1984-05-25,11.5,Y,,,11.5,Hoburg 68550,Y,1984,146
1984-05-26,10.1,Y,,,10.1,Hoburg 68550,Y,1984,147
1984-05-27,10.2,Y,,,10.2,Hoburg 68550,Y,1984,148
1984-05-28,13.1,Y,,,13.1,Hoburg 68550,Y,1984,149
1984-05-29,14.3,Y,,,14.3,Hoburg 68550,Y,1984,150
1984-05-30,12,Y,,,12,Hoburg 68550,Y,1984,151
1984-05-31,14.6,Y,,,14.6,Hoburg 68550,Y,1984,152
1984-06-01,15.4,Y,,,15.4,Hoburg 68550,Y,1984,153
1984-06-02,12.5,Y,,,12.5,Hoburg 68550,Y,1984,154
1984-06-03,15,Y,,,15,Hoburg 68550,Y,1984,155
1984-06-04,17.1,Y,,,17.1,Hoburg 68550,Y,1984,156
1984-06-05,17.5,Y,,,17.5,Hoburg 68550,Y,1984,157
1984-06-06,14.8,Y,,,14.8,Hoburg 68550,Y,1984,158
1984-06-07,13.7,Y,,,13.7,Hoburg 68550,Y,1984,159
1984-06-08,12.4,Y,,,12.4,Hoburg 68550,Y,1984,160
1984-06-09,10.4,Y,,,10.4,Hoburg 68550,Y,1984,161
1984-06-10,10.1,Y,,,10.1,Hoburg 68550,Y,1984,162
1984-06-11,9.8,Y,,,9.8,Hoburg 68550,Y,1984,163
1984-06-12,11.4,Y,,,11.4,Hoburg 68550,Y,1984,164
1984-06-13,10.9,Y,,,10.9,Hoburg 68550,Y,1984,165
1984-06-14,12.6,Y,,,12.6,Hoburg 68550,Y,1984,166
1984-06-15,12.5,Y,,,12.5,Hoburg 68550,Y,1984,167
1984-06-16,12.6,Y,,,12.6,Hoburg 68550,Y,1984,168
1984-06-17,13.4,Y,,,13.4,Hoburg 68550,Y,1984,169
1984-06-18,15.3,Y,,,15.3,Hoburg 68550,Y,1984,170
1984-06-19,14.9,Y,,,14.9,Hoburg 68550,Y,1984,171
1984-06-20,16.4,Y,,,16.4,Hoburg 68550,Y,1984,172
1984-06-21,15.6,Y,,,15.6,Hoburg 68550,Y,1984,173
1984-06-22,14.5,Y,,,14.5,Hoburg 68550,Y,1984,174
1984-06-23,12,Y,,,12,Hoburg 68550,Y,1984,175
1984-06-24,11.4,Y,,,11.4,Hoburg 68550,Y,1984,176
1984-06-25,11.6,Y,,,11.6,Hoburg 68550,Y,1984,177
1984-06-26,13.3,Y,,,13.3,Hoburg 68550,Y,1984,178
1984-06-27,12.8,Y,,,12.8,Hoburg 68550,Y,1984,179
1984-06-28,12,Y,,,12,Hoburg 68550,Y,1984,180
1984-06-29,12.6,Y,,,12.6,Hoburg 68550,Y,1984,181
1984-06-30,12.4,Y,,,12.4,Hoburg 68550,Y,1984,182
1984-07-01,13.9,Y,,,13.9,Hoburg 68550,Y,1984,183
1984-07-02,13.3,Y,,,13.3,Hoburg 68550,Y,1984,184
1984-07-03,14.5,Y,,,14.5,Hoburg 68550,Y,1984,185
1984-07-04,15.2,Y,,,15.2,Hoburg 68550,Y,1984,186
1984-07-05,14.9,Y,,,14.9,Hoburg 68550,Y,1984,187
1984-07-06,12.7,Y,,,12.7,Hoburg 68550,Y,1984,188
1984-07-07,14.1,Y,,,14.1,Hoburg 68550,Y,1984,189
1984-07-08,13.6,Y,,,13.6,Hoburg 68550,Y,1984,190
1984-07-09,15.2,Y,,,15.2,Hoburg 68550,Y,1984,191
1984-07-10,12.8,Y,,,12.8,Hoburg 68550,Y,1984,192
1984-07-11,18,Y,,,18,Hoburg 68550,Y,1984,193
1984-07-12,17.4,Y,,,17.4,Hoburg 68550,Y,1984,194
1984-07-13,16.3,Y,,,16.3,Hoburg 68550,Y,1984,195
1984-07-14,15.2,Y,,,15.2,Hoburg 68550,Y,1984,196
1984-07-15,16.3,Y,,,16.3,Hoburg 68550,Y,1984,197
1984-07-16,13.7,Y,,,13.7,Hoburg 68550,Y,1984,198
1984-07-17,15,Y,,,15,Hoburg 68550,Y,1984,199
1984-07-18,14.1,Y,,,14.1,Hoburg 68550,Y,1984,200
1984-07-19,14.3,Y,,,14.3,Hoburg 68550,Y,1984,201
1984-07-20,16,Y,,,16,Hoburg 68550,Y,1984,202
1984-07-21,14.7,Y,,,14.7,Hoburg 68550,Y,1984,203
1984-07-22,15.5,Y,,,15.5,Hoburg 68550,Y,1984,204
1984-07-23,15.1,Y,,,15.1,Hoburg 68550,Y,1984,205
1984-07-24,15.8,Y,,,15.8,Hoburg 68550,Y,1984,206
1984-07-25,15.3,Y,,,15.3,Hoburg 68550,Y,1984,207
1984-07-26,16.1,Y,,,16.1,Hoburg 68550,Y,1984,208
1984-07-27,15,Y,,,15,Hoburg 68550,Y,1984,209
1984-07-28,15.8,Y,,,15.8,Hoburg 68550,Y,1984,210
1984-07-29,16.6,Y,,,16.6,Hoburg 68550,Y,1984,211
1984-07-30,16.5,Y,,,16.5,Hoburg 68550,Y,1984,212
1984-07-31,16.6,Y,,,16.6,Hoburg 68550,Y,1984,213
1984-08-01,17.8,Y,,,17.8,Hoburg 68550,Y,1984,214
1984-08-02,19.7,Y,,,19.7,Hoburg 68550,Y,1984,215
1984-08-03,17.6,Y,,,17.6,Hoburg 68550,Y,1984,216
1984-08-04,18.1,Y,,,18.1,Hoburg 68550,Y,1984,217
1984-08-05,19.6,Y,,,19.6,Hoburg 68550,Y,1984,218
1984-08-06,18,Y,,,18,Hoburg 68550,Y,1984,219
1984-08-07,18.2,Y,,,18.2,Hoburg 68550,Y,1984,220
1984-08-08,16.9,Y,,,16.9,Hoburg 68550,Y,1984,221
1984-08-09,18.7,Y,,,18.7,Hoburg 68550,Y,1984,222
1984-08-10,18.4,Y,,,18.4,Hoburg 68550,Y,1984,223
1984-08-11,17.5,Y,,,17.5,Hoburg 68550,Y,1984,224
1984-08-12,15.9,Y,,,15.9,Hoburg 68550,Y,1984,225
1984-08-13,16.5,Y,,,16.5,Hoburg 68550,Y,1984,226
1984-08-14,15.3,Y,,,15.3,Hoburg 68550,Y,1984,227
1984-08-15,15.3,Y,,,15.3,Hoburg 68550,Y,1984,228
1984-08-16,15.4,Y,,,15.4,Hoburg 68550,Y,1984,229
1984-08-17,15.8,Y,,,15.8,Hoburg 68550,Y,1984,230
1984-08-18,15.2,Y,,,15.2,Hoburg 68550,Y,1984,231
1984-08-19,17.3,Y,,,17.3,Hoburg 68550,Y,1984,232
1984-08-20,17.5,Y,,,17.5,Hoburg 68550,Y,1984,233
1984-08-21,17.6,Y,,,17.6,Hoburg 68550,Y,1984,234
1984-08-22,18.5,Y,,,18.5,Hoburg 68550,Y,1984,235
1984-08-23,19.2,Y,,,19.2,Hoburg 68550,Y,1984,236
1984-08-24,19.3,Y,,,19.3,Hoburg 68550,Y,1984,237
1984-08-25,14.3,Y,,,14.3,Hoburg 68550,Y,1984,238
1984-08-26,12.7,Y,,,12.7,Hoburg 68550,Y,1984,239
1984-08-27,14.4,Y,,,14.4,Hoburg 68550,Y,1984,240
1984-08-28,16.6,Y,,,16.6,Hoburg 68550,Y,1984,241
1984-08-29,16.7,Y,,,16.7,Hoburg 68550,Y,1984,242
1984-08-30,16.4,Y,,,16.4,Hoburg 68550,Y,1984,243
1984-08-31,17.3,Y,,,17.3,Hoburg 68550,Y,1984,244
1984-09-01,15.8,Y,,,15.8,Hoburg 68550,Y,1984,245
1984-09-02,14,Y,,,14,Hoburg 68550,Y,1984,246
1984-09-03,15,Y,,,15,Hoburg 68550,Y,1984,247
1984-09-04,12.1,Y,,,12.1,Hoburg 68550,Y,1984,248
1984-09-05,10.4,Y,,,10.4,Hoburg 68550,Y,1984,249
1984-09-06,11.2,Y,,,11.2,Hoburg 68550,Y,1984,250
1984-09-07,12.6,Y,,,12.6,Hoburg 68550,Y,1984,251
1984-09-08,13.5,Y,,,13.5,Hoburg 68550,Y,1984,252
1984-09-09,13.8,Y,,,13.8,Hoburg 68550,Y,1984,253
1984-09-10,12.7,Y,,,12.7,Hoburg 68550,Y,1984,254
1984-09-11,12.5,Y,,,12.5,Hoburg 68550,Y,1984,255
1984-09-12,11.3,Y,,,11.3,Hoburg 68550,Y,1984,256
1984-09-13,10.5,Y,,,10.5,Hoburg 68550,Y,1984,257
1984-09-14,11.4,Y,,,11.4,Hoburg 68550,Y,1984,258
1984-09-15,11.4,Y,,,11.4,Hoburg 68550,Y,1984,259
1984-09-16,13.1,Y,,,13.1,Hoburg 68550,Y,1984,260
1984-09-17,13.1,Y,,,13.1,Hoburg 68550,Y,1984,261
1984-09-18,11.6,Y,,,11.6,Hoburg 68550,Y,1984,262
1984-09-19,11.2,Y,,,11.2,Hoburg 68550,Y,1984,263
1984-09-20,12.2,Y,,,12.2,Hoburg 68550,Y,1984,264
1984-09-21,13.1,Y,,,13.1,Hoburg 68550,Y,1984,265
1984-09-22,13.3,Y,,,13.3,Hoburg 68550,Y,1984,266
1984-09-23,12.2,Y,,,12.2,Hoburg 68550,Y,1984,267
1984-09-24,10.9,Y,,,10.9,Hoburg 68550,Y,1984,268
1984-09-25,10.6,Y,,,10.6,Hoburg 68550,Y,1984,269
1984-09-26,11.5,Y,,,11.5,Hoburg 68550,Y,1984,270
1984-09-27,11.1,Y,,,11.1,Hoburg 68550,Y,1984,271
1984-09-28,10.3,Y,,,10.3,Hoburg 68550,Y,1984,272
1984-09-29,8,Y,,,8,Hoburg 68550,Y,1984,273
1984-09-30,9.5,Y,,,9.5,Hoburg 68550,Y,1984,274
1984-10-01,12.4,Y,,,12.4,Hoburg 68550,Y,1984,275
1984-10-02,14.2,Y,,,14.2,Hoburg 68550,Y,1984,276
1984-10-03,13.2,Y,,,13.2,Hoburg 68550,Y,1984,277
1984-10-04,10.9,Y,,,10.9,Hoburg 68550,Y,1984,278
1984-10-05,12.4,Y,,,12.4,Hoburg 68550,Y,1984,279
1984-10-06,12.8,Y,,,12.8,Hoburg 68550,Y,1984,280
1984-10-07,11.7,Y,,,11.7,Hoburg 68550,Y,1984,281
1984-10-08,10.5,Y,,,10.5,Hoburg 68550,Y,1984,282
1984-10-09,12.2,Y,,,12.2,Hoburg 68550,Y,1984,283
1984-10-10,10.8,Y,,,10.8,Hoburg 68550,Y,1984,284
1984-10-11,11.4,Y,,,11.4,Hoburg 68550,Y,1984,285
1984-10-12,9,Y,,,9,Hoburg 68550,Y,1984,286
1984-10-13,8.2,Y,,,8.2,Hoburg 68550,Y,1984,287
1984-10-14,10.3,Y,,,10.3,Hoburg 68550,Y,1984,288
1984-10-15,7.7,Y,,,7.7,Hoburg 68550,Y,1984,289
1984-10-16,6.3,Y,,,6.3,Hoburg 68550,Y,1984,290
1984-10-17,9.6,Y,,,9.6,Hoburg 68550,Y,1984,291
1984-10-18,9.4,Y,,,9.4,Hoburg 68550,Y,1984,292
1984-10-19,10.5,Y,,,10.5,Hoburg 68550,Y,1984,293
1984-10-20,10.6,Y,,,10.6,Hoburg 68550,Y,1984,294
1984-10-21,9.7,Y,,,9.7,Hoburg 68550,Y,1984,295
1984-10-22,8.4,Y,,,8.4,Hoburg 68550,Y,1984,296
1984-10-23,10.2,Y,,,10.2,Hoburg 68550,Y,1984,297
1984-10-24,9,Y,,,9,Hoburg 68550,Y,1984,298
1984-10-25,8.7,Y,,,8.7,Hoburg 68550,Y,1984,299
1984-10-26,9.1,Y,,,9.1,Hoburg 68550,Y,1984,300
1984-10-27,8.3,Y,,,8.3,Hoburg 68550,Y,1984,301
1984-10-28,8.6,Y,,,8.6,Hoburg 68550,Y,1984,302
1984-10-29,8.3,Y,,,8.3,Hoburg 68550,Y,1984,303
1984-10-30,9.2,Y,,,9.2,Hoburg 68550,Y,1984,304
1984-10-31,9.3,Y,,,9.3,Hoburg 68550,Y,1984,305
1984-11-01,8,Y,,,8,Hoburg 68550,Y,1984,306
1984-11-02,7.7,Y,,,7.7,Hoburg 68550,Y,1984,307
1984-11-03,7.6,Y,,,7.6,Hoburg 68550,Y,1984,308
1984-11-04,7.5,Y,,,7.5,Hoburg 68550,Y,1984,309
1984-11-05,8.1,Y,,,8.1,Hoburg 68550,Y,1984,310
1984-11-06,7.1,Y,,,7.1,Hoburg 68550,Y,1984,311
1984-11-07,7.5,Y,,,7.5,Hoburg 68550,Y,1984,312
1984-11-08,7,Y,,,7,Hoburg 68550,Y,1984,313
1984-11-09,6.3,Y,,,6.3,Hoburg 68550,Y,1984,314
1984-11-10,5.6,Y,,,5.6,Hoburg 68550,Y,1984,315
1984-11-11,3.4,Y,,,3.4,Hoburg 68550,Y,1984,316
1984-11-12,4.2,Y,,,4.2,Hoburg 68550,Y,1984,317
1984-11-13,5.4,Y,,,5.4,Hoburg 68550,Y,1984,318
1984-11-14,4.9,Y,,,4.9,Hoburg 68550,Y,1984,319
1984-11-15,2.8,Y,,,2.8,Hoburg 68550,Y,1984,320
1984-11-16,2.8,Y,,,2.8,Hoburg 68550,Y,1984,321
1984-11-17,1.8,Y,,,1.8,Hoburg 68550,Y,1984,322
1984-11-18,3.9,Y,,,3.9,Hoburg 68550,Y,1984,323
1984-11-19,2.3,Y,,,2.3,Hoburg 68550,Y,1984,324
1984-11-20,3.1,Y,,,3.1,Hoburg 68550,Y,1984,325
1984-11-21,3.9,Y,,,3.9,Hoburg 68550,Y,1984,326
1984-11-22,4.5,Y,,,4.5,Hoburg 68550,Y,1984,327
1984-11-23,5.2,Y,,,5.2,Hoburg 68550,Y,1984,328
1984-11-24,6.1,Y,,,6.1,Hoburg 68550,Y,1984,329
1984-11-25,6.2,Y,,,6.2,Hoburg 68550,Y,1984,330
1984-11-26,4.9,Y,,,4.9,Hoburg 68550,Y,1984,331
1984-11-27,2.8,Y,,,2.8,Hoburg 68550,Y,1984,332
1984-11-28,5.1,Y,,,5.1,Hoburg 68550,Y,1984,333
1984-11-29,5.6,Y,,,5.6,Hoburg 68550,Y,1984,334
1984-11-30,5.5,Y,,,5.5,Hoburg 68550,Y,1984,335
1984-12-01,4.4,Y,,,4.4,Hoburg 68550,Y,1984,336
1984-12-02,4.8,Y,,,4.8,Hoburg 68550,Y,1984,337
1984-12-03,4.4,Y,,,4.4,Hoburg 68550,Y,1984,338
1984-12-04,4.4,Y,,,4.4,Hoburg 68550,Y,1984,339
1984-12-05,3.3,Y,,,3.3,Hoburg 68550,Y,1984,340
1984-12-06,3.9,Y,,,3.9,Hoburg 68550,Y,1984,341
1984-12-07,5.4,Y,,,5.4,Hoburg 68550,Y,1984,342
1984-12-08,6.3,Y,,,6.3,Hoburg 68550,Y,1984,343
1984-12-09,4.3,Y,,,4.3,Hoburg 68550,Y,1984,344
1984-12-10,5.4,Y,,,5.4,Hoburg 68550,Y,1984,345
1984-12-11,4.1,Y,,,4.1,Hoburg 68550,Y,1984,346
1984-12-12,2.1,Y,,,2.1,Hoburg 68550,Y,1984,347
1984-12-13,0.9,Y,,,0.9,Hoburg 68550,Y,1984,348
1984-12-14,-0.3,Y,,,-0.3,Hoburg 68550,Y,1984,349
1984-12-15,-0.5,Y,,,-0.5,Hoburg 68550,Y,1984,350
1984-12-16,-0.7,Y,,,-0.7,Hoburg 68550,Y,1984,351
1984-12-17,-2.4,Y,,,-2.4,Hoburg 68550,Y,1984,352
1984-12-18,0.8,Y,,,0.8,Hoburg 68550,Y,1984,353
1984-12-19,3.4,Y,,,3.4,Hoburg 68550,Y,1984,354
1984-12-20,3.4,Y,,,3.4,Hoburg 68550,Y,1984,355
1984-12-21,4,Y,,,4,Hoburg 68550,Y,1984,356
1984-12-22,2.6,Y,,,2.6,Hoburg 68550,Y,1984,357
1984-12-23,3.3,Y,,,3.3,Hoburg 68550,Y,1984,358
1984-12-24,3,Y,,,3,Hoburg 68550,Y,1984,359
1984-12-25,0.9,Y,,,0.9,Hoburg 68550,Y,1984,360
1984-12-26,-1.9,Y,,,-1.9,Hoburg 68550,Y,1984,361
1984-12-27,-1,Y,,,-1,Hoburg 68550,Y,1984,362
1984-12-28,-1.3,Y,,,-1.3,Hoburg 68550,Y,1984,363
1984-12-29,-0.9,Y,,,-0.9,Hoburg 68550,Y,1984,364
1984-12-30,-1,Y,,,-1,Hoburg 68550,Y,1984,365
1984-12-31,-0.7,Y,,,-0.7,Hoburg 68550,Y,1984,366
1985-01-01,-1.6,Y,,,-1.6,Hoburg 68550,Y,1985,1
1985-01-02,-1.8,Y,,,-1.8,Hoburg 68550,Y,1985,2
1985-01-03,-5.4,Y,,,-5.4,Hoburg 68550,Y,1985,3
1985-01-04,-6.7,Y,,,-6.7,Hoburg 68550,Y,1985,4
1985-01-05,-10.2,Y,,,-10.2,Hoburg 68550,Y,1985,5
1985-01-06,-9.5,Y,,,-9.5,Hoburg 68550,Y,1985,6
1985-01-07,-5.9,Y,,,-5.9,Hoburg 68550,Y,1985,7
1985-01-08,-8.6,Y,,,-8.6,Hoburg 68550,Y,1985,8
1985-01-09,-6.4,Y,,,-6.4,Hoburg 68550,Y,1985,9
1985-01-10,-3.5,Y,,,-3.5,Hoburg 68550,Y,1985,10
1985-01-11,-4.7,Y,,,-4.7,Hoburg 68550,Y,1985,11
1985-01-12,-6.6,Y,,,-6.6,Hoburg 68550,Y,1985,12
1985-01-13,-4.2,Y,,,-4.2,Hoburg 68550,Y,1985,13
1985-01-14,-5.4,Y,,,-5.4,Hoburg 68550,Y,1985,14
1985-01-15,-5.3,Y,,,-5.3,Hoburg 68550,Y,1985,15
1985-01-16,-5.1,Y,,,-5.1,Hoburg 68550,Y,1985,16
1985-01-17,-5.4,Y,,,-5.4,Hoburg 68550,Y,1985,17
1985-01-18,-3.7,Y,,,-3.7,Hoburg 68550,Y,1985,18
1985-01-19,-2.3,Y,,,-2.3,Hoburg 68550,Y,1985,19
1985-01-20,-4.1,Y,,,-4.1,Hoburg 68550,Y,1985,20
1985-01-21,-3.3,Y,,,-3.3,Hoburg 68550,Y,1985,21
1985-01-22,-0.7,Y,,,-0.7,Hoburg 68550,Y,1985,22
1985-01-23,0.6,Y,,,0.6,Hoburg 68550,Y,1985,23
1985-01-24,0.6,Y,,,0.6,Hoburg 68550,Y,1985,24
1985-01-25,-5.5,Y,,,-5.5,Hoburg 68550,Y,1985,25
1985-01-26,-5.4,Y,,,-5.4,Hoburg 68550,Y,1985,26
1985-01-27,-5,Y,,,-5,Hoburg 68550,Y,1985,27
1985-01-28,-3.6,Y,,,-3.6,Hoburg 68550,Y,1985,28
1985-01-29,-0.9,Y,,,-0.9,Hoburg 68550,Y,1985,29
1985-01-30,0.3,Y,,,0.3,Hoburg 68550,Y,1985,30
1985-01-31,-0.4,Y,,,-0.4,Hoburg 68550,Y,1985,31
1985-02-01,1.8,Y,,,1.8,Hoburg 68550,Y,1985,32
1985-02-02,-5.4,Y,,,-5.4,Hoburg 68550,Y,1985,33
1985-02-03,-9,Y,,,-9,Hoburg 68550,Y,1985,34
1985-02-04,-6.5,Y,,,-6.5,Hoburg 68550,Y,1985,35
1985-02-05,-4,Y,,,-4,Hoburg 68550,Y,1985,36
1985-02-06,-5,Y,,,-5,Hoburg 68550,Y,1985,37
1985-02-07,-8,Y,,,-8,Hoburg 68550,Y,1985,38
1985-02-08,-9.7,Y,,,-9.7,Hoburg 68550,Y,1985,39
1985-02-09,-10.6,Y,,,-10.6,Hoburg 68550,Y,1985,40
1985-02-10,-11,Y,,,-11,Hoburg 68550,Y,1985,41
1985-02-11,-10.4,Y,,,-10.4,Hoburg 68550,Y,1985,42
1985-02-12,-4.5,Y,,,-4.5,Hoburg 68550,Y,1985,43
1985-02-13,-4.1,Y,,,-4.1,Hoburg 68550,Y,1985,44
1985-02-14,-8.1,Y,,,-8.1,Hoburg 68550,Y,1985,45
1985-02-15,-12,Y,,,-12,Hoburg 68550,Y,1985,46
1985-02-16,-9.1,Y,,,-9.1,Hoburg 68550,Y,1985,47
1985-02-17,-7.5,Y,,,-7.5,Hoburg 68550,Y,1985,48
1985-02-18,-6.8,Y,,,-6.8,Hoburg 68550,Y,1985,49
1985-02-19,-6.9,Y,,,-6.9,Hoburg 68550,Y,1985,50
1985-02-20,-7.2,Y,,,-7.2,Hoburg 68550,Y,1985,51
1985-02-21,-7.7,Y,,,-7.7,Hoburg 68550,Y,1985,52
1985-02-22,-9.3,Y,,,-9.3,Hoburg 68550,Y,1985,53
1985-02-23,-5.6,Y,,,-5.6,Hoburg 68550,Y,1985,54
1985-02-24,-3,Y,,,-3,Hoburg 68550,Y,1985,55
1985-02-25,-2.2,Y,,,-2.2,Hoburg 68550,Y,1985,56
1985-02-26,-2.8,Y,,,-2.8,Hoburg 68550,Y,1985,57
1985-02-27,-1.2,Y,,,-1.2,Hoburg 68550,Y,1985,58
1985-02-28,-1,Y,,,-1,Hoburg 68550,Y,1985,59
1985-03-01,-1.9,Y,,,-1.9,Hoburg 68550,Y,1985,60
1985-03-02,-1.9,Y,,,-1.9,Hoburg 68550,Y,1985,61
1985-03-03,-0.5,Y,,,-0.5,Hoburg 68550,Y,1985,62
1985-03-04,-1.5,Y,,,-1.5,Hoburg 68550,Y,1985,63
1985-03-05,-0.6,Y,,,-0.6,Hoburg 68550,Y,1985,64
1985-03-06,-0.2,Y,,,-0.2,Hoburg 68550,Y,1985,65
1985-03-07,-0.3,Y,,,-0.3,Hoburg 68550,Y,1985,66
1985-03-08,-1.7,Y,,,-1.7,Hoburg 68550,Y,1985,67
1985-03-09,-3.1,Y,,,-3.1,Hoburg 68550,Y,1985,68
1985-03-10,-2.5,Y,,,-2.5,Hoburg 68550,Y,1985,69
1985-03-11,-0.6,Y,,,-0.6,Hoburg 68550,Y,1985,70
1985-03-12,-0.1,Y,,,-0.1,Hoburg 68550,Y,1985,71
1985-03-13,-0.9,Y,,,-0.9,Hoburg 68550,Y,1985,72
1985-03-14,-0.2,Y,,,-0.2,Hoburg 68550,Y,1985,73
1985-03-15,-0.5,Y,,,-0.5,Hoburg 68550,Y,1985,74
1985-03-16,-1.7,Y,,,-1.7,Hoburg 68550,Y,1985,75
1985-03-17,-0.4,Y,,,-0.4,Hoburg 68550,Y,1985,76
1985-03-18,-0.5,Y,,,-0.5,Hoburg 68550,Y,1985,77
1985-03-19,0.3,Y,,,0.3,Hoburg 68550,Y,1985,78
1985-03-20,0.1,Y,,,0.1,Hoburg 68550,Y,1985,79
1985-03-21,0.6,Y,,,0.6,Hoburg 68550,Y,1985,80
1985-03-22,0.8,Y,,,0.8,Hoburg 68550,Y,1985,81
1985-03-23,0.6,Y,,,0.6,Hoburg 68550,Y,1985,82
1985-03-24,0.4,Y,,,0.4,Hoburg 68550,Y,1985,83
1985-03-25,0.3,Y,,,0.3,Hoburg 68550,Y,1985,84
1985-03-26,1.3,Y,,,1.3,Hoburg 68550,Y,1985,85
1985-03-27,1,Y,,,1,Hoburg 68550,Y,1985,86
1985-03-28,0.2,Y,,,0.2,Hoburg 68550,Y,1985,87
1985-03-29,-1.6,Y,,,-1.6,Hoburg 68550,Y,1985,88
1985-03-30,-0.2,Y,,,-0.2,Hoburg 68550,Y,1985,89
1985-03-31,1.5,Y,,,1.5,Hoburg 68550,Y,1985,90
1985-04-01,1,Y,,,1,Hoburg 68550,Y,1985,91
1985-04-02,2.1,Y,,,2.1,Hoburg 68550,Y,1985,92
1985-04-03,2.5,Y,,,2.5,Hoburg 68550,Y,1985,93
1985-04-04,2.6,Y,,,2.6,Hoburg 68550,Y,1985,94
1985-04-05,1.1,Y,,,1.1,Hoburg 68550,Y,1985,95
1985-04-06,0.6,Y,,,0.6,Hoburg 68550,Y,1985,96
1985-04-07,1.8,Y,,,1.8,Hoburg 68550,Y,1985,97
1985-04-08,0.4,Y,,,0.4,Hoburg 68550,Y,1985,98
1985-04-09,-0.7,Y,,,-0.7,Hoburg 68550,Y,1985,99
1985-04-10,-1.4,Y,,,-1.4,Hoburg 68550,Y,1985,100
1985-04-11,-0.7,Y,,,-0.7,Hoburg 68550,Y,1985,101
1985-04-12,1.1,Y,,,1.1,Hoburg 68550,Y,1985,102
1985-04-13,1.8,Y,,,1.8,Hoburg 68550,Y,1985,103
1985-04-14,1.5,Y,,,1.5,Hoburg 68550,Y,1985,104
1985-04-15,0.5,Y,,,0.5,Hoburg 68550,Y,1985,105
1985-04-16,2.6,Y,,,2.6,Hoburg 68550,Y,1985,106
1985-04-17,3.2,Y,,,3.2,Hoburg 68550,Y,1985,107
1985-04-18,4.3,Y,,,4.3,Hoburg 68550,Y,1985,108
1985-04-19,3.8,Y,,,3.8,Hoburg 68550,Y,1985,109
1985-04-20,4.6,Y,,,4.6,Hoburg 68550,Y,1985,110
1985-04-21,4.4,Y,,,4.4,Hoburg 68550,Y,1985,111
1985-04-22,4.1,Y,,,4.1,Hoburg 68550,Y,1985,112
1985-04-23,0.9,Y,,,0.9,Hoburg 68550,Y,1985,113
1985-04-24,2.3,Y,,,2.3,Hoburg 68550,Y,1985,114
1985-04-25,0.4,Y,,,0.4,Hoburg 68550,Y,1985,115
1985-04-26,1.7,Y,,,1.7,Hoburg 68550,Y,1985,116
1985-04-27,2.5,Y,,,2.5,Hoburg 68550,Y,1985,117
1985-04-28,1.2,Y,,,1.2,Hoburg 68550,Y,1985,118
1985-04-29,1,Y,,,1,Hoburg 68550,Y,1985,119
1985-04-30,2.9,Y,,,2.9,Hoburg 68550,Y,1985,120
1985-05-01,3.1,Y,,,3.1,Hoburg 68550,Y,1985,121
1985-05-02,5.3,Y,,,5.3,Hoburg 68550,Y,1985,122
1985-05-03,4.4,Y,,,4.4,Hoburg 68550,Y,1985,123
1985-05-04,2.7,Y,,,2.7,Hoburg 68550,Y,1985,124
1985-05-05,2.8,Y,,,2.8,Hoburg 68550,Y,1985,125
1985-05-06,8.9,Y,,,8.9,Hoburg 68550,Y,1985,126
1985-05-07,9.7,Y,,,9.7,Hoburg 68550,Y,1985,127
1985-05-08,9.1,Y,,,9.1,Hoburg 68550,Y,1985,128
1985-05-09,7.3,Y,,,7.3,Hoburg 68550,Y,1985,129
1985-05-10,8.2,Y,,,8.2,Hoburg 68550,Y,1985,130
1985-05-11,5.1,Y,,,5.1,Hoburg 68550,Y,1985,131
1985-05-12,8,Y,,,8,Hoburg 68550,Y,1985,132
1985-05-13,10.1,Y,,,10.1,Hoburg 68550,Y,1985,133
1985-05-14,12.3,Y,,,12.3,Hoburg 68550,Y,1985,134
1985-05-15,9.9,Y,,,9.9,Hoburg 68550,Y,1985,135
1985-05-16,8.2,Y,,,8.2,Hoburg 68550,Y,1985,136
1985-05-17,9.9,Y,,,9.9,Hoburg 68550,Y,1985,137
1985-05-18,9.3,Y,,,9.3,Hoburg 68550,Y,1985,138
1985-05-19,10.2,Y,,,10.2,Hoburg 68550,Y,1985,139
1985-05-20,8.1,Y,,,8.1,Hoburg 68550,Y,1985,140
1985-05-21,8.5,Y,,,8.5,Hoburg 68550,Y,1985,141
1985-05-22,7.9,Y,,,7.9,Hoburg 68550,Y,1985,142
1985-05-23,8.3,Y,,,8.3,Hoburg 68550,Y,1985,143
1985-05-24,6.4,Y,,,6.4,Hoburg 68550,Y,1985,144
1985-05-25,8.4,Y,,,8.4,Hoburg 68550,Y,1985,145
1985-05-26,12,Y,,,12,Hoburg 68550,Y,1985,146
1985-05-27,13.4,Y,,,13.4,Hoburg 68550,Y,1985,147
1985-05-28,13.7,Y,,,13.7,Hoburg 68550,Y,1985,148
1985-05-29,17.9,Y,,,17.9,Hoburg 68550,Y,1985,149
1985-05-30,14.1,Y,,,14.1,Hoburg 68550,Y,1985,150
1985-05-31,11.1,Y,,,11.1,Hoburg 68550,Y,1985,151
1985-06-01,14,Y,,,14,Hoburg 68550,Y,1985,152
1985-06-02,14.1,Y,,,14.1,Hoburg 68550,Y,1985,153
1985-06-03,12.5,Y,,,12.5,Hoburg 68550,Y,1985,154
1985-06-04,10.9,Y,,,10.9,Hoburg 68550,Y,1985,155
1985-06-05,13.3,Y,,,13.3,Hoburg 68550,Y,1985,156
1985-06-06,10,Y,,,10,Hoburg 68550,Y,1985,157
1985-06-07,9.1,Y,,,9.1,Hoburg 68550,Y,1985,158
1985-06-08,9.7,Y,,,9.7,Hoburg 68550,Y,1985,159
1985-06-09,10.1,Y,,,10.1,Hoburg 68550,Y,1985,160
1985-06-10,9.6,Y,,,9.6,Hoburg 68550,Y,1985,161
1985-06-11,10.4,Y,,,10.4,Hoburg 68550,Y,1985,162
1985-06-12,10.2,Y,,,10.2,Hoburg 68550,Y,1985,163
1985-06-13,10.4,Y,,,10.4,Hoburg 68550,Y,1985,164
1985-06-14,9.2,Y,,,9.2,Hoburg 68550,Y,1985,165
1985-06-15,10.3,Y,,,10.3,Hoburg 68550,Y,1985,166
1985-06-16,11.6,Y,,,11.6,Hoburg 68550,Y,1985,167
1985-06-17,11.2,Y,,,11.2,Hoburg 68550,Y,1985,168
1985-06-18,12,Y,,,12,Hoburg 68550,Y,1985,169
1985-06-19,13.2,Y,,,13.2,Hoburg 68550,Y,1985,170
1985-06-20,15.1,Y,,,15.1,Hoburg 68550,Y,1985,171
1985-06-21,16.2,Y,,,16.2,Hoburg 68550,Y,1985,172
1985-06-22,16.9,Y,,,16.9,Hoburg 68550,Y,1985,173
1985-06-23,13.6,Y,,,13.6,Hoburg 68550,Y,1985,174
1985-06-24,16.4,Y,,,16.4,Hoburg 68550,Y,1985,175
1985-06-25,19.1,Y,,,19.1,Hoburg 68550,Y,1985,176
1985-06-26,16.9,Y,,,16.9,Hoburg 68550,Y,1985,177
1985-06-27,14,Y,,,14,Hoburg 68550,Y,1985,178
1985-06-28,12.9,Y,,,12.9,Hoburg 68550,Y,1985,179
1985-06-29,12.4,Y,,,12.4,Hoburg 68550,Y,1985,180
1985-06-30,13.9,Y,,,13.9,Hoburg 68550,Y,1985,181
1985-07-01,12.7,Y,,,12.7,Hoburg 68550,Y,1985,182
1985-07-02,13,Y,,,13,Hoburg 68550,Y,1985,183
1985-07-03,13.7,Y,,,13.7,Hoburg 68550,Y,1985,184
1985-07-04,14.4,Y,,,14.4,Hoburg 68550,Y,1985,185
1985-07-05,17.3,Y,,,17.3,Hoburg 68550,Y,1985,186
1985-07-06,17.1,Y,,,17.1,Hoburg 68550,Y,1985,187
1985-07-07,16.1,Y,,,16.1,Hoburg 68550,Y,1985,188
1985-07-08,13.2,Y,,,13.2,Hoburg 68550,Y,1985,189
1985-07-09,14.8,Y,,,14.8,Hoburg 68550,Y,1985,190
1985-07-10,16.3,Y,,,16.3,Hoburg 68550,Y,1985,191
1985-07-11,16.4,Y,,,16.4,Hoburg 68550,Y,1985,192
1985-07-12,17.1,Y,,,17.1,Hoburg 68550,Y,1985,193
1985-07-13,17.5,Y,,,17.5,Hoburg 68550,Y,1985,194
1985-07-14,18.3,Y,,,18.3,Hoburg 68550,Y,1985,195
1985-07-15,17.8,Y,,,17.8,Hoburg 68550,Y,1985,196
1985-07-16,15.5,Y,,,15.5,Hoburg 68550,Y,1985,197
1985-07-17,15,Y,,,15,Hoburg 68550,Y,1985,198
1985-07-18,16.4,Y,,,16.4,Hoburg 68550,Y,1985,199
1985-07-19,16.4,Y,,,16.4,Hoburg 68550,Y,1985,200
1985-07-20,16,Y,,,16,Hoburg 68550,Y,1985,201
1985-07-21,15.5,Y,,,15.5,Hoburg 68550,Y,1985,202
1985-07-22,15,Y,,,15,Hoburg 68550,Y,1985,203
1985-07-23,13.1,Y,,,13.1,Hoburg 68550,Y,1985,204
1985-07-24,14,Y,,,14,Hoburg 68550,Y,1985,205
1985-07-25,13.8,Y,,,13.8,Hoburg 68550,Y,1985,206
1985-07-26,15.8,Y,,,15.8,Hoburg 68550,Y,1985,207
1985-07-27,15.5,Y,,,15.5,Hoburg 68550,Y,1985,208
1985-07-28,16.1,Y,,,16.1,Hoburg 68550,Y,1985,209
1985-07-29,15,Y,,,15,Hoburg 68550,Y,1985,210
1985-07-30,16,Y,,,16,Hoburg 68550,Y,1985,211
1985-07-31,15.5,Y,,,15.5,Hoburg 68550,Y,1985,212
1985-08-01,15.6,Y,,,15.6,Hoburg 68550,Y,1985,213
1985-08-02,15.7,Y,,,15.7,Hoburg 68550,Y,1985,214
1985-08-03,14.7,Y,,,14.7,Hoburg 68550,Y,1985,215
1985-08-04,14.5,Y,,,14.5,Hoburg 68550,Y,1985,216
1985-08-05,14.8,Y,,,14.8,Hoburg 68550,Y,1985,217
1985-08-06,14.8,Y,,,14.8,Hoburg 68550,Y,1985,218
1985-08-07,13.4,Y,,,13.4,Hoburg 68550,Y,1985,219
1985-08-08,14.2,Y,,,14.2,Hoburg 68550,Y,1985,220
1985-08-09,16.1,Y,,,16.1,Hoburg 68550,Y,1985,221
1985-08-10,15.5,Y,,,15.5,Hoburg 68550,Y,1985,222
1985-08-11,13.4,Y,,,13.4,Hoburg 68550,Y,1985,223
1985-08-12,14.9,Y,,,14.9,Hoburg 68550,Y,1985,224
1985-08-13,16,Y,,,16,Hoburg 68550,Y,1985,225
1985-08-14,15.2,Y,,,15.2,Hoburg 68550,Y,1985,226
1985-08-15,17.6,Y,,,17.6,Hoburg 68550,Y,1985,227
1985-08-16,16.6,Y,,,16.6,Hoburg 68550,Y,1985,228
1985-08-17,15.7,Y,,,15.7,Hoburg 68550,Y,1985,229
1985-08-18,15.6,Y,,,15.6,Hoburg 68550,Y,1985,230
1985-08-19,16.9,Y,,,16.9,Hoburg 68550,Y,1985,231
1985-08-20,15.6,Y,,,15.6,Hoburg 68550,Y,1985,232
1985-08-21,16,Y,,,16,Hoburg 68550,Y,1985,233
1985-08-22,15.3,Y,,,15.3,Hoburg 68550,Y,1985,234
1985-08-23,15.2,Y,,,15.2,Hoburg 68550,Y,1985,235
1985-08-24,15.1,Y,,,15.1,Hoburg 68550,Y,1985,236
1985-08-25,15.1,Y,,,15.1,Hoburg 68550,Y,1985,237
1985-08-26,14.7,Y,,,14.7,Hoburg 68550,Y,1985,238
1985-08-27,15.1,Y,,,15.1,Hoburg 68550,Y,1985,239
1985-08-28,14.9,Y,,,14.9,Hoburg 68550,Y,1985,240
1985-08-29,15.5,Y,,,15.5,Hoburg 68550,Y,1985,241
1985-08-30,14.3,Y,,,14.3,Hoburg 68550,Y,1985,242
1985-08-31,15.3,Y,,,15.3,Hoburg 68550,Y,1985,243
1985-09-01,16.5,Y,,,16.5,Hoburg 68550,Y,1985,244
1985-09-02,15.5,Y,,,15.5,Hoburg 68550,Y,1985,245
1985-09-03,15,Y,,,15,Hoburg 68550,Y,1985,246
1985-09-04,15,Y,,,15,Hoburg 68550,Y,1985,247
1985-09-05,12.9,Y,,,12.9,Hoburg 68550,Y,1985,248
1985-09-06,11,Y,,,11,Hoburg 68550,Y,1985,249
1985-09-07,10,Y,,,10,Hoburg 68550,Y,1985,250
1985-09-08,10.8,Y,,,10.8,Hoburg 68550,Y,1985,251
1985-09-09,11.6,Y,,,11.6,Hoburg 68550,Y,1985,252
1985-09-10,10.3,Y,,,10.3,Hoburg 68550,Y,1985,253
1985-09-11,11.2,Y,,,11.2,Hoburg 68550,Y,1985,254
1985-09-12,10.5,Y,,,10.5,Hoburg 68550,Y,1985,255
1985-09-13,11.7,Y,,,11.7,Hoburg 68550,Y,1985,256
1985-09-14,11.7,Y,,,11.7,Hoburg 68550,Y,1985,257
1985-09-15,11.5,Y,,,11.5,Hoburg 68550,Y,1985,258
1985-09-16,11.5,Y,,,11.5,Hoburg 68550,Y,1985,259
1985-09-17,10.6,Y,,,10.6,Hoburg 68550,Y,1985,260
1985-09-18,11.4,Y,,,11.4,Hoburg 68550,Y,1985,261
1985-09-19,11,Y,,,11,Hoburg 68550,Y,1985,262
1985-09-20,12.8,Y,,,12.8,Hoburg 68550,Y,1985,263
1985-09-21,11.1,Y,,,11.1,Hoburg 68550,Y,1985,264
1985-09-22,9.3,Y,,,9.3,Hoburg 68550,Y,1985,265
1985-09-23,9.3,Y,,,9.3,Hoburg 68550,Y,1985,266
1985-09-24,9.3,Y,,,9.3,Hoburg 68550,Y,1985,267
1985-09-25,9.2,Y,,,9.2,Hoburg 68550,Y,1985,268
1985-09-26,9.1,Y,,,9.1,Hoburg 68550,Y,1985,269
1985-09-27,10.1,Y,,,10.1,Hoburg 68550,Y,1985,270
1985-09-28,9.6,Y,,,9.6,Hoburg 68550,Y,1985,271
1985-09-29,7.5,Y,,,7.5,Hoburg 68550,Y,1985,272
1985-09-30,7.9,Y,,,7.9,Hoburg 68550,Y,1985,273
1985-10-01,11.9,Y,,,11.9,Hoburg 68550,Y,1985,274
1985-10-02,13.1,Y,,,13.1,Hoburg 68550,Y,1985,275
1985-10-03,11.6,Y,,,11.6,Hoburg 68550,Y,1985,276
1985-10-04,12.4,Y,,,12.4,Hoburg 68550,Y,1985,277
1985-10-05,12.2,Y,,,12.2,Hoburg 68550,Y,1985,278
1985-10-06,11.7,Y,,,11.7,Hoburg 68550,Y,1985,279
1985-10-07,11.5,Y,,,11.5,Hoburg 68550,Y,1985,280
1985-10-08,11.8,Y,,,11.8,Hoburg 68550,Y,1985,281
1985-10-09,9.7,Y,,,9.7,Hoburg 68550,Y,1985,282
1985-10-10,10.6,Y,,,10.6,Hoburg 68550,Y,1985,283
1985-10-11,9.6,Y,,,9.6,Hoburg 68550,Y,1985,284
1985-10-12,8.8,Y,,,8.8,Hoburg 68550,Y,1985,285
1985-10-13,5.8,Y,,,5.8,Hoburg 68550,Y,1985,286
1985-10-14,7.2,Y,,,7.2,Hoburg 68550,Y,1985,287
1985-10-15,6.9,Y,,,6.9,Hoburg 68550,Y,1985,288
1985-10-16,9.7,Y,,,9.7,Hoburg 68550,Y,1985,289
1985-10-17,5.9,Y,,,5.9,Hoburg 68550,Y,1985,290
1985-10-18,8.3,Y,,,8.3,Hoburg 68550,Y,1985,291
1985-10-19,7.2,Y,,,7.2,Hoburg 68550,Y,1985,292
1985-10-20,8.4,Y,,,8.4,Hoburg 68550,Y,1985,293
1985-10-21,9.1,Y,,,9.1,Hoburg 68550,Y,1985,294
1985-10-22,7.1,Y,,,7.1,Hoburg 68550,Y,1985,295
1985-10-23,7.4,Y,,,7.4,Hoburg 68550,Y,1985,296
1985-10-24,6.1,Y,,,6.1,Hoburg 68550,Y,1985,297
1985-10-25,6.5,Y,,,6.5,Hoburg 68550,Y,1985,298
1985-10-26,5.8,Y,,,5.8,Hoburg 68550,Y,1985,299
1985-10-27,4.3,Y,,,4.3,Hoburg 68550,Y,1985,300
1985-10-28,4.9,Y,,,4.9,Hoburg 68550,Y,1985,301
1985-10-29,5.8,Y,,,5.8,Hoburg 68550,Y,1985,302
1985-10-30,7.8,Y,,,7.8,Hoburg 68550,Y,1985,303
1985-10-31,7.4,Y,,,7.4,Hoburg 68550,Y,1985,304
1985-11-01,2.4,Y,,,2.4,Hoburg 68550,Y,1985,305
1985-11-02,5.9,Y,,,5.9,Hoburg 68550,Y,1985,306
1985-11-03,4.4,Y,,,4.4,Hoburg 68550,Y,1985,307
1985-11-04,5.4,Y,,,5.4,Hoburg 68550,Y,1985,308
1985-11-05,6.9,Y,,,6.9,Hoburg 68550,Y,1985,309
1985-11-06,7,Y,,,7,Hoburg 68550,Y,1985,310
1985-11-07,5.5,Y,,,5.5,Hoburg 68550,Y,1985,311
1985-11-08,3.6,Y,,,3.6,Hoburg 68550,Y,1985,312
1985-11-09,6.4,Y,,,6.4,Hoburg 68550,Y,1985,313
1985-11-10,6.2,Y,,,6.2,Hoburg 68550,Y,1985,314
1985-11-11,3.2,Y,,,3.2,Hoburg 68550,Y,1985,315
1985-11-12,3.2,Y,,,3.2,Hoburg 68550,Y,1985,316
1985-11-13,2.4,Y,,,2.4,Hoburg 68550,Y,1985,317
1985-11-14,1.7,Y,,,1.7,Hoburg 68550,Y,1985,318
1985-11-15,1.7,Y,,,1.7,Hoburg 68550,Y,1985,319
1985-11-16,0,Y,,,0,Hoburg 68550,Y,1985,320
1985-11-17,0.3,Y,,,0.3,Hoburg 68550,Y,1985,321
1985-11-18,0.3,Y,,,0.3,Hoburg 68550,Y,1985,322
1985-11-19,-1.1,Y,,,-1.1,Hoburg 68550,Y,1985,323
1985-11-20,-1.3,Y,,,-1.3,Hoburg 68550,Y,1985,324
1985-11-21,1.4,Y,,,1.4,Hoburg 68550,Y,1985,325
1985-11-22,2.9,Y,,,2.9,Hoburg 68550,Y,1985,326
1985-11-23,3.1,Y,,,3.1,Hoburg 68550,Y,1985,327
1985-11-24,0.9,Y,,,0.9,Hoburg 68550,Y,1985,328
1985-11-25,0.1,Y,,,0.1,Hoburg 68550,Y,1985,329
1985-11-26,-0.7,Y,,,-0.7,Hoburg 68550,Y,1985,330
1985-11-27,-0.1,Y,,,-0.1,Hoburg 68550,Y,1985,331
1985-11-28,0.5,Y,,,0.5,Hoburg 68550,Y,1985,332
1985-11-29,0,Y,,,0,Hoburg 68550,Y,1985,333
1985-11-30,-0.5,Y,,,-0.5,Hoburg 68550,Y,1985,334
1985-12-01,-2.1,Y,,,-2.1,Hoburg 68550,Y,1985,335
1985-12-02,0.1,Y,,,0.1,Hoburg 68550,Y,1985,336
1985-12-03,3.4,Y,,,3.4,Hoburg 68550,Y,1985,337
1985-12-04,5.7,Y,,,5.7,Hoburg 68550,Y,1985,338
1985-12-05,3.9,Y,,,3.9,Hoburg 68550,Y,1985,339
1985-12-06,3.3,Y,,,3.3,Hoburg 68550,Y,1985,340
1985-12-07,-1.9,Y,,,-1.9,Hoburg 68550,Y,1985,341
1985-12-08,-2,Y,,,-2,Hoburg 68550,Y,1985,342
1985-12-09,-0.5,Y,,,-0.5,Hoburg 68550,Y,1985,343
1985-12-10,2.2,Y,,,2.2,Hoburg 68550,Y,1985,344
1985-12-11,0.7,Y,,,0.7,Hoburg 68550,Y,1985,345
1985-12-12,0.9,Y,,,0.9,Hoburg 68550,Y,1985,346
1985-12-13,2.8,Y,,,2.8,Hoburg 68550,Y,1985,347
1985-12-14,2.9,Y,,,2.9,Hoburg 68550,Y,1985,348
1985-12-15,1,Y,,,1,Hoburg 68550,Y,1985,349
1985-12-16,0.4,Y,,,0.4,Hoburg 68550,Y,1985,350
1985-12-17,-2.2,Y,,,-2.2,Hoburg 68550,Y,1985,351
1985-12-18,-1.8,Y,,,-1.8,Hoburg 68550,Y,1985,352
1985-12-19,-0.1,Y,,,-0.1,Hoburg 68550,Y,1985,353
1985-12-20,-1.3,Y,,,-1.3,Hoburg 68550,Y,1985,354
1985-12-21,3.1,Y,,,3.1,Hoburg 68550,Y,1985,355
1985-12-22,4,Y,,,4,Hoburg 68550,Y,1985,356
1985-12-23,3.3,Y,,,3.3,Hoburg 68550,Y,1985,357
1985-12-24,3.3,Y,,,3.3,Hoburg 68550,Y,1985,358
1985-12-25,2.8,Y,,,2.8,Hoburg 68550,Y,1985,359
1985-12-26,3.1,Y,,,3.1,Hoburg 68550,Y,1985,360
1985-12-27,-2,Y,,,-2,Hoburg 68550,Y,1985,361
1985-12-28,0.1,Y,,,0.1,Hoburg 68550,Y,1985,362
1985-12-29,-1.6,Y,,,-1.6,Hoburg 68550,Y,1985,363
1985-12-30,-2.5,Y,,,-2.5,Hoburg 68550,Y,1985,364
1985-12-31,-1,Y,,,-1,Hoburg 68550,Y,1985,365
1986-01-01,-1.3,Y,,,-1.3,Hoburg 68550,Y,1986,1
1986-01-02,-1.1,Y,,,-1.1,Hoburg 68550,Y,1986,2
1986-01-03,0.6,Y,,,0.6,Hoburg 68550,Y,1986,3
1986-01-04,-0.2,Y,,,-0.2,Hoburg 68550,Y,1986,4
1986-01-05,-3.9,Y,,,-3.9,Hoburg 68550,Y,1986,5
1986-01-06,-6.8,Y,,,-6.8,Hoburg 68550,Y,1986,6
1986-01-07,-4.1,Y,,,-4.1,Hoburg 68550,Y,1986,7
1986-01-08,-7.1,Y,,,-7.1,Hoburg 68550,Y,1986,8
1986-01-09,-4.4,Y,,,-4.4,Hoburg 68550,Y,1986,9
1986-01-10,-2.9,Y,,,-2.9,Hoburg 68550,Y,1986,10
1986-01-11,-1,Y,,,-1,Hoburg 68550,Y,1986,11
1986-01-12,1.2,Y,,,1.2,Hoburg 68550,Y,1986,12
1986-01-13,1.6,Y,,,1.6,Hoburg 68550,Y,1986,13
1986-01-14,1.1,Y,,,1.1,Hoburg 68550,Y,1986,14
1986-01-15,-0.3,Y,,,-0.3,Hoburg 68550,Y,1986,15
1986-01-16,-3.9,Y,,,-3.9,Hoburg 68550,Y,1986,16
1986-01-17,-5.3,Y,,,-5.3,Hoburg 68550,Y,1986,17
1986-01-18,-2.6,Y,,,-2.6,Hoburg 68550,Y,1986,18
1986-01-19,-0.7,Y,,,-0.7,Hoburg 68550,Y,1986,19
1986-01-20,-2.3,Y,,,-2.3,Hoburg 68550,Y,1986,20
1986-01-21,1.6,Y,,,1.6,Hoburg 68550,Y,1986,21
1986-01-22,2,Y,,,2,Hoburg 68550,Y,1986,22
1986-01-23,1.6,Y,,,1.6,Hoburg 68550,Y,1986,23
1986-01-24,1,Y,,,1,Hoburg 68550,Y,1986,24
1986-01-25,1,Y,,,1,Hoburg 68550,Y,1986,25
1986-01-26,-0.4,Y,,,-0.4,Hoburg 68550,Y,1986,26
1986-01-27,-2,Y,,,-2,Hoburg 68550,Y,1986,27
1986-01-28,-2.1,Y,,,-2.1,Hoburg 68550,Y,1986,28
1986-01-29,-0.2,Y,,,-0.2,Hoburg 68550,Y,1986,29
1986-01-30,-1.5,Y,,,-1.5,Hoburg 68550,Y,1986,30
1986-01-31,-0.8,Y,,,-0.8,Hoburg 68550,Y,1986,31
1986-02-01,-2.3,Y,,,-2.3,Hoburg 68550,Y,1986,32
1986-02-02,-2.9,Y,,,-2.9,Hoburg 68550,Y,1986,33
1986-02-03,-3.4,Y,,,-3.4,Hoburg 68550,Y,1986,34
1986-02-04,-4.6,Y,,,-4.6,Hoburg 68550,Y,1986,35
1986-02-05,-4.3,Y,,,-4.3,Hoburg 68550,Y,1986,36
1986-02-06,-4.6,Y,,,-4.6,Hoburg 68550,Y,1986,37
1986-02-07,-6.9,Y,,,-6.9,Hoburg 68550,Y,1986,38
1986-02-08,-6.7,Y,,,-6.7,Hoburg 68550,Y,1986,39
1986-02-09,-5.3,Y,,,-5.3,Hoburg 68550,Y,1986,40
1986-02-10,-3.1,Y,,,-3.1,Hoburg 68550,Y,1986,41
1986-02-11,-4.5,Y,,,-4.5,Hoburg 68550,Y,1986,42
1986-02-12,-4.9,Y,,,-4.9,Hoburg 68550,Y,1986,43
1986-02-13,-4.2,Y,,,-4.2,Hoburg 68550,Y,1986,44
1986-02-14,-1.1,Y,,,-1.1,Hoburg 68550,Y,1986,45
1986-02-15,-3.8,Y,,,-3.8,Hoburg 68550,Y,1986,46
1986-02-16,-3.6,Y,,,-3.6,Hoburg 68550,Y,1986,47
1986-02-17,-4.7,Y,,,-4.7,Hoburg 68550,Y,1986,48
1986-02-18,-4.4,Y,,,-4.4,Hoburg 68550,Y,1986,49
1986-02-19,-7.6,Y,,,-7.6,Hoburg 68550,Y,1986,50
1986-02-20,-6.6,Y,,,-6.6,Hoburg 68550,Y,1986,51
1986-02-21,-6.2,Y,,,-6.2,Hoburg 68550,Y,1986,52
1986-02-22,-7.1,Y,,,-7.1,Hoburg 68550,Y,1986,53
1986-02-23,-7.3,Y,,,-7.3,Hoburg 68550,Y,1986,54
1986-02-24,-7.9,Y,,,-7.9,Hoburg 68550,Y,1986,55
1986-02-25,-8.8,Y,,,-8.8,Hoburg 68550,Y,1986,56
1986-02-26,-5.2,Y,,,-5.2,Hoburg 68550,Y,1986,57
1986-02-27,-3.6,Y,,,-3.6,Hoburg 68550,Y,1986,58
1986-02-28,-4.6,Y,,,-4.6,Hoburg 68550,Y,1986,59
1986-03-01,-3.8,Y,,,-3.8,Hoburg 68550,Y,1986,60
1986-03-02,-3.4,Y,,,-3.4,Hoburg 68550,Y,1986,61
1986-03-03,-1.9,Y,,,-1.9,Hoburg 68550,Y,1986,62
1986-03-04,-2.2,Y,,,-2.2,Hoburg 68550,Y,1986,63
1986-03-05,0,Y,,,0,Hoburg 68550,Y,1986,64
1986-03-06,0.6,Y,,,0.6,Hoburg 68550,Y,1986,65
1986-03-07,-0.8,Y,,,-0.8,Hoburg 68550,Y,1986,66
1986-03-08,-0.8,Y,,,-0.8,Hoburg 68550,Y,1986,67
1986-03-09,-2.6,Y,,,-2.6,Hoburg 68550,Y,1986,68
1986-03-10,-0.4,Y,,,-0.4,Hoburg 68550,Y,1986,69
1986-03-11,-0.4,Y,,,-0.4,Hoburg 68550,Y,1986,70
1986-03-12,-0.2,Y,,,-0.2,Hoburg 68550,Y,1986,71
1986-03-13,0,Y,,,0,Hoburg 68550,Y,1986,72
1986-03-14,-0.4,Y,,,-0.4,Hoburg 68550,Y,1986,73
1986-03-15,-1.3,Y,,,-1.3,Hoburg 68550,Y,1986,74
1986-03-16,-1.1,Y,,,-1.1,Hoburg 68550,Y,1986,75
1986-03-17,0.6,Y,,,0.6,Hoburg 68550,Y,1986,76
1986-03-18,0.3,Y,,,0.3,Hoburg 68550,Y,1986,77
1986-03-19,0.5,Y,,,0.5,Hoburg 68550,Y,1986,78
1986-03-20,1.2,Y,,,1.2,Hoburg 68550,Y,1986,79
1986-03-21,0.7,Y,,,0.7,Hoburg 68550,Y,1986,80
1986-03-22,-0.5,Y,,,-0.5,Hoburg 68550,Y,1986,81
1986-03-23,0.8,Y,,,0.8,Hoburg 68550,Y,1986,82
1986-03-24,0.7,Y,,,0.7,Hoburg 68550,Y,1986,83
1986-03-25,1.2,Y,,,1.2,Hoburg 68550,Y,1986,84
1986-03-26,1.3,Y,,,1.3,Hoburg 68550,Y,1986,85
1986-03-27,1.6,Y,,,1.6,Hoburg 68550,Y,1986,86
1986-03-28,2.4,Y,,,2.4,Hoburg 68550,Y,1986,87
1986-03-29,2.3,Y,,,2.3,Hoburg 68550,Y,1986,88
1986-03-30,1.5,Y,,,1.5,Hoburg 68550,Y,1986,89
1986-03-31,0.9,Y,,,0.9,Hoburg 68550,Y,1986,90
1986-04-01,1.5,Y,,,1.5,Hoburg 68550,Y,1986,91
1986-04-02,1.5,Y,,,1.5,Hoburg 68550,Y,1986,92
1986-04-03,1.5,Y,,,1.5,Hoburg 68550,Y,1986,93
1986-04-04,1.7,Y,,,1.7,Hoburg 68550,Y,1986,94
1986-04-05,1,Y,,,1,Hoburg 68550,Y,1986,95
1986-04-06,1.2,Y,,,1.2,Hoburg 68550,Y,1986,96
1986-04-07,0.5,Y,,,0.5,Hoburg 68550,Y,1986,97
1986-04-08,2,Y,,,2,Hoburg 68550,Y,1986,98
1986-04-09,3.5,Y,,,3.5,Hoburg 68550,Y,1986,99
1986-04-10,-1.6,Y,,,-1.6,Hoburg 68550,Y,1986,100
1986-04-11,-1.6,Y,,,-1.6,Hoburg 68550,Y,1986,101
1986-04-12,-1.1,Y,,,-1.1,Hoburg 68550,Y,1986,102
1986-04-13,1,Y,,,1,Hoburg 68550,Y,1986,103
1986-04-14,1.8,Y,,,1.8,Hoburg 68550,Y,1986,104
1986-04-15,1.3,Y,,,1.3,Hoburg 68550,Y,1986,105
1986-04-16,1.5,Y,,,1.5,Hoburg 68550,Y,1986,106
1986-04-17,3.6,Y,,,3.6,Hoburg 68550,Y,1986,107
1986-04-18,2.9,Y,,,2.9,Hoburg 68550,Y,1986,108
1986-04-19,2.9,Y,,,2.9,Hoburg 68550,Y,1986,109
1986-04-20,1.8,Y,,,1.8,Hoburg 68550,Y,1986,110
1986-04-21,1.3,Y,,,1.3,Hoburg 68550,Y,1986,111
1986-04-22,3.7,Y,,,3.7,Hoburg 68550,Y,1986,112
1986-04-23,5.5,Y,,,5.5,Hoburg 68550,Y,1986,113
1986-04-24,4,Y,,,4,Hoburg 68550,Y,1986,114
1986-04-25,5.5,Y,,,5.5,Hoburg 68550,Y,1986,115
1986-04-26,4,Y,,,4,Hoburg 68550,Y,1986,116
1986-04-27,8.9,Y,,,8.9,Hoburg 68550,Y,1986,117
1986-04-28,10.1,Y,,,10.1,Hoburg 68550,Y,1986,118
1986-04-29,7.2,Y,,,7.2,Hoburg 68550,Y,1986,119
1986-04-30,4.6,Y,,,4.6,Hoburg 68550,Y,1986,120
1986-05-01,6.3,Y,,,6.3,Hoburg 68550,Y,1986,121
1986-05-02,8.7,Y,,,8.7,Hoburg 68550,Y,1986,122
1986-05-03,8.3,Y,,,8.3,Hoburg 68550,Y,1986,123
1986-05-04,10,Y,,,10,Hoburg 68550,Y,1986,124
1986-05-05,10,Y,,,10,Hoburg 68550,Y,1986,125
1986-05-06,11.2,Y,,,11.2,Hoburg 68550,Y,1986,126
1986-05-07,10.9,Y,,,10.9,Hoburg 68550,Y,1986,127
1986-05-08,9.9,Y,,,9.9,Hoburg 68550,Y,1986,128
1986-05-09,7.8,Y,,,7.8,Hoburg 68550,Y,1986,129
1986-05-10,6.9,Y,,,6.9,Hoburg 68550,Y,1986,130
1986-05-11,6.3,Y,,,6.3,Hoburg 68550,Y,1986,131
1986-05-12,6.9,Y,,,6.9,Hoburg 68550,Y,1986,132
1986-05-13,7.7,Y,,,7.7,Hoburg 68550,Y,1986,133
1986-05-14,7.1,Y,,,7.1,Hoburg 68550,Y,1986,134
1986-05-15,8.3,Y,,,8.3,Hoburg 68550,Y,1986,135
1986-05-16,7.3,Y,,,7.3,Hoburg 68550,Y,1986,136
1986-05-17,7,Y,,,7,Hoburg 68550,Y,1986,137
1986-05-18,7.5,Y,,,7.5,Hoburg 68550,Y,1986,138
1986-05-19,8.1,Y,,,8.1,Hoburg 68550,Y,1986,139
1986-05-20,10,Y,,,10,Hoburg 68550,Y,1986,140
1986-05-21,8.9,Y,,,8.9,Hoburg 68550,Y,1986,141
1986-05-22,9.1,Y,,,9.1,Hoburg 68550,Y,1986,142
1986-05-23,8.8,Y,,,8.8,Hoburg 68550,Y,1986,143
1986-05-24,9.1,Y,,,9.1,Hoburg 68550,Y,1986,144
1986-05-25,8.3,Y,,,8.3,Hoburg 68550,Y,1986,145
1986-05-26,9.2,Y,,,9.2,Hoburg 68550,Y,1986,146
1986-05-27,9.7,Y,,,9.7,Hoburg 68550,Y,1986,147
1986-05-28,9.6,Y,,,9.6,Hoburg 68550,Y,1986,148
1986-05-29,9.3,Y,,,9.3,Hoburg 68550,Y,1986,149
1986-05-30,10.5,Y,,,10.5,Hoburg 68550,Y,1986,150
1986-05-31,11.4,Y,,,11.4,Hoburg 68550,Y,1986,151
1986-06-01,10.5,Y,,,10.5,Hoburg 68550,Y,1986,152
1986-06-02,10.6,Y,,,10.6,Hoburg 68550,Y,1986,153
1986-06-03,9.6,Y,,,9.6,Hoburg 68550,Y,1986,154
1986-06-04,9.9,Y,,,9.9,Hoburg 68550,Y,1986,155
1986-06-05,12.8,Y,,,12.8,Hoburg 68550,Y,1986,156
1986-06-06,10.8,Y,,,10.8,Hoburg 68550,Y,1986,157
1986-06-07,9.8,Y,,,9.8,Hoburg 68550,Y,1986,158
1986-06-08,9.8,Y,,,9.8,Hoburg 68550,Y,1986,159
1986-06-09,10.2,Y,,,10.2,Hoburg 68550,Y,1986,160
1986-06-10,10.8,Y,,,10.8,Hoburg 68550,Y,1986,161
1986-06-11,14,Y,,,14,Hoburg 68550,Y,1986,162
1986-06-12,13,Y,,,13,Hoburg 68550,Y,1986,163
1986-06-13,13.5,Y,,,13.5,Hoburg 68550,Y,1986,164
1986-06-14,14.2,Y,,,14.2,Hoburg 68550,Y,1986,165
1986-06-15,16.5,Y,,,16.5,Hoburg 68550,Y,1986,166
1986-06-16,16.9,Y,,,16.9,Hoburg 68550,Y,1986,167
1986-06-17,16,Y,,,16,Hoburg 68550,Y,1986,168
1986-06-18,17.5,Y,,,17.5,Hoburg 68550,Y,1986,169
1986-06-19,16.6,Y,,,16.6,Hoburg 68550,Y,1986,170
1986-06-20,14.4,Y,,,14.4,Hoburg 68550,Y,1986,171
1986-06-21,12.9,Y,,,12.9,Hoburg 68550,Y,1986,172
1986-06-22,12.6,Y,,,12.6,Hoburg 68550,Y,1986,173
1986-06-23,13.2,Y,,,13.2,Hoburg 68550,Y,1986,174
1986-06-24,14,Y,,,14,Hoburg 68550,Y,1986,175
1986-06-25,14.9,Y,,,14.9,Hoburg 68550,Y,1986,176
1986-06-26,17.4,Y,,,17.4,Hoburg 68550,Y,1986,177
1986-06-27,19.8,Y,,,19.8,Hoburg 68550,Y,1986,178
1986-06-28,17.9,Y,,,17.9,Hoburg 68550,Y,1986,179
1986-06-29,15.5,Y,,,15.5,Hoburg 68550,Y,1986,180
1986-06-30,16.8,Y,,,16.8,Hoburg 68550,Y,1986,181
1986-07-01,18.3,Y,,,18.3,Hoburg 68550,Y,1986,182
1986-07-02,19.2,Y,,,19.2,Hoburg 68550,Y,1986,183
1986-07-03,18.7,Y,,,18.7,Hoburg 68550,Y,1986,184
1986-07-04,18.4,Y,,,18.4,Hoburg 68550,Y,1986,185
1986-07-05,17.1,Y,,,17.1,Hoburg 68550,Y,1986,186
1986-07-06,16.8,Y,,,16.8,Hoburg 68550,Y,1986,187
1986-07-07,17.2,Y,,,17.2,Hoburg 68550,Y,1986,188
1986-07-08,16.4,Y,,,16.4,Hoburg 68550,Y,1986,189
1986-07-09,14.7,Y,,,14.7,Hoburg 68550,Y,1986,190
1986-07-10,15.3,Y,,,15.3,Hoburg 68550,Y,1986,191
1986-07-11,16,Y,,,16,Hoburg 68550,Y,1986,192
1986-07-12,14.2,Y,,,14.2,Hoburg 68550,Y,1986,193
1986-07-13,10.9,Y,,,10.9,Hoburg 68550,Y,1986,194
1986-07-14,13.1,Y,,,13.1,Hoburg 68550,Y,1986,195
1986-07-15,16,Y,,,16,Hoburg 68550,Y,1986,196
1986-07-16,17.7,Y,,,17.7,Hoburg 68550,Y,1986,197
1986-07-17,16.6,Y,,,16.6,Hoburg 68550,Y,1986,198
1986-07-18,17.3,Y,,,17.3,Hoburg 68550,Y,1986,199
1986-07-19,16.2,Y,,,16.2,Hoburg 68550,Y,1986,200
1986-07-20,15.4,Y,,,15.4,Hoburg 68550,Y,1986,201
1986-07-21,16.3,Y,,,16.3,Hoburg 68550,Y,1986,202
1986-07-22,16.3,Y,,,16.3,Hoburg 68550,Y,1986,203
1986-07-23,16.4,Y,,,16.4,Hoburg 68550,Y,1986,204
1986-07-24,15.9,Y,,,15.9,Hoburg 68550,Y,1986,205
1986-07-25,15.3,Y,,,15.3,Hoburg 68550,Y,1986,206
1986-07-26,15.9,Y,,,15.9,Hoburg 68550,Y,1986,207
1986-07-27,16.3,Y,,,16.3,Hoburg 68550,Y,1986,208
1986-07-28,16.6,Y,,,16.6,Hoburg 68550,Y,1986,209
1986-07-29,18,Y,,,18,Hoburg 68550,Y,1986,210
1986-07-30,18,Y,,,18,Hoburg 68550,Y,1986,211
1986-07-31,17,Y,,,17,Hoburg 68550,Y,1986,212
1986-08-01,17.9,Y,,,17.9,Hoburg 68550,Y,1986,213
1986-08-02,17.5,Y,,,17.5,Hoburg 68550,Y,1986,214
1986-08-03,18.7,Y,,,18.7,Hoburg 68550,Y,1986,215
1986-08-04,18.9,Y,,,18.9,Hoburg 68550,Y,1986,216
1986-08-05,18.2,Y,,,18.2,Hoburg 68550,Y,1986,217
1986-08-06,16.5,Y,,,16.5,Hoburg 68550,Y,1986,218
1986-08-07,16.7,Y,,,16.7,Hoburg 68550,Y,1986,219
1986-08-08,17.4,Y,,,17.4,Hoburg 68550,Y,1986,220
1986-08-09,17.5,Y,,,17.5,Hoburg 68550,Y,1986,221
1986-08-10,17,Y,,,17,Hoburg 68550,Y,1986,222
1986-08-11,16.2,Y,,,16.2,Hoburg 68550,Y,1986,223
1986-08-12,16.1,Y,,,16.1,Hoburg 68550,Y,1986,224
1986-08-13,15.4,Y,,,15.4,Hoburg 68550,Y,1986,225
1986-08-14,14.7,Y,,,14.7,Hoburg 68550,Y,1986,226
1986-08-15,14.8,Y,,,14.8,Hoburg 68550,Y,1986,227
1986-08-16,14.7,Y,,,14.7,Hoburg 68550,Y,1986,228
1986-08-17,15.5,Y,,,15.5,Hoburg 68550,Y,1986,229
1986-08-18,15.1,Y,,,15.1,Hoburg 68550,Y,1986,230
1986-08-19,14.9,Y,,,14.9,Hoburg 68550,Y,1986,231
1986-08-20,14.1,Y,,,14.1,Hoburg 68550,Y,1986,232
1986-08-21,14.7,Y,,,14.7,Hoburg 68550,Y,1986,233
1986-08-22,13.5,Y,,,13.5,Hoburg 68550,Y,1986,234
1986-08-23,14,Y,,,14,Hoburg 68550,Y,1986,235
1986-08-24,12.1,Y,,,12.1,Hoburg 68550,Y,1986,236
1986-08-25,12.8,Y,,,12.8,Hoburg 68550,Y,1986,237
1986-08-26,12.5,Y,,,12.5,Hoburg 68550,Y,1986,238
1986-08-27,13.4,Y,,,13.4,Hoburg 68550,Y,1986,239
1986-08-28,15.3,Y,,,15.3,Hoburg 68550,Y,1986,240
1986-08-29,12.6,Y,,,12.6,Hoburg 68550,Y,1986,241
1986-08-30,12.7,Y,,,12.7,Hoburg 68550,Y,1986,242
1986-08-31,12.8,Y,,,12.8,Hoburg 68550,Y,1986,243
1986-09-01,13,Y,,,13,Hoburg 68550,Y,1986,244
1986-09-02,13.1,Y,,,13.1,Hoburg 68550,Y,1986,245
1986-09-03,12.3,Y,,,12.3,Hoburg 68550,Y,1986,246
1986-09-04,12.3,Y,,,12.3,Hoburg 68550,Y,1986,247
1986-09-05,12.2,Y,,,12.2,Hoburg 68550,Y,1986,248
1986-09-06,12.4,Y,,,12.4,Hoburg 68550,Y,1986,249
1986-09-07,11.3,Y,,,11.3,Hoburg 68550,Y,1986,250
1986-09-08,8.9,Y,,,8.9,Hoburg 68550,Y,1986,251
1986-09-09,11.5,Y,,,11.5,Hoburg 68550,Y,1986,252
1986-09-10,11.6,Y,,,11.6,Hoburg 68550,Y,1986,253
1986-09-11,11.6,Y,,,11.6,Hoburg 68550,Y,1986,254
1986-09-12,11.4,Y,,,11.4,Hoburg 68550,Y,1986,255
1986-09-13,10.4,Y,,,10.4,Hoburg 68550,Y,1986,256
1986-09-14,10.5,Y,,,10.5,Hoburg 68550,Y,1986,257
1986-09-15,10.5,Y,,,10.5,Hoburg 68550,Y,1986,258
1986-09-16,10.3,Y,,,10.3,Hoburg 68550,Y,1986,259
1986-09-17,9.5,Y,,,9.5,Hoburg 68550,Y,1986,260
1986-09-18,10,Y,,,10,Hoburg 68550,Y,1986,261
1986-09-19,10.7,Y,,,10.7,Hoburg 68550,Y,1986,262
1986-09-20,11.9,Y,,,11.9,Hoburg 68550,Y,1986,263
1986-09-21,11.7,Y,,,11.7,Hoburg 68550,Y,1986,264
1986-09-22,11.6,Y,,,11.6,Hoburg 68550,Y,1986,265
1986-09-23,9.6,Y,,,9.6,Hoburg 68550,Y,1986,266
1986-09-24,9,Y,,,9,Hoburg 68550,Y,1986,267
1986-09-25,7.7,Y,,,7.7,Hoburg 68550,Y,1986,268
1986-09-26,5.9,Y,,,5.9,Hoburg 68550,Y,1986,269
1986-09-27,6.8,Y,,,6.8,Hoburg 68550,Y,1986,270
1986-09-28,8.4,Y,,,8.4,Hoburg 68550,Y,1986,271
1986-09-29,11.7,Y,,,11.7,Hoburg 68550,Y,1986,272
1986-09-30,9.9,Y,,,9.9,Hoburg 68550,Y,1986,273
1986-10-01,11.8,Y,,,11.8,Hoburg 68550,Y,1986,274
1986-10-02,10.4,Y,,,10.4,Hoburg 68550,Y,1986,275
1986-10-03,9,Y,,,9,Hoburg 68550,Y,1986,276
1986-10-04,8.5,Y,,,8.5,Hoburg 68550,Y,1986,277
1986-10-05,5.2,Y,,,5.2,Hoburg 68550,Y,1986,278
1986-10-06,7.5,Y,,,7.5,Hoburg 68550,Y,1986,279
1986-10-07,9,Y,,,9,Hoburg 68550,Y,1986,280
1986-10-08,7,Y,,,7,Hoburg 68550,Y,1986,281
1986-10-09,7.4,Y,,,7.4,Hoburg 68550,Y,1986,282
1986-10-10,9.6,Y,,,9.6,Hoburg 68550,Y,1986,283
1986-10-11,9.8,Y,,,9.8,Hoburg 68550,Y,1986,284
1986-10-12,7.9,Y,,,7.9,Hoburg 68550,Y,1986,285
1986-10-13,6.5,Y,,,6.5,Hoburg 68550,Y,1986,286
1986-10-14,8.4,Y,,,8.4,Hoburg 68550,Y,1986,287
1986-10-15,9.4,Y,,,9.4,Hoburg 68550,Y,1986,288
1986-10-16,9.9,Y,,,9.9,Hoburg 68550,Y,1986,289
1986-10-17,7.8,Y,,,7.8,Hoburg 68550,Y,1986,290
1986-10-18,8.1,Y,,,8.1,Hoburg 68550,Y,1986,291
1986-10-19,8.8,Y,,,8.8,Hoburg 68550,Y,1986,292
1986-10-20,7.4,Y,,,7.4,Hoburg 68550,Y,1986,293
1986-10-21,6.5,Y,,,6.5,Hoburg 68550,Y,1986,294
1986-10-22,6.8,Y,,,6.8,Hoburg 68550,Y,1986,295
1986-10-23,6.6,Y,,,6.6,Hoburg 68550,Y,1986,296
1986-10-24,6.7,Y,,,6.7,Hoburg 68550,Y,1986,297
1986-10-25,7.5,Y,,,7.5,Hoburg 68550,Y,1986,298
1986-10-26,8.2,Y,,,8.2,Hoburg 68550,Y,1986,299
1986-10-27,8.1,Y,,,8.1,Hoburg 68550,Y,1986,300
1986-10-28,8.1,Y,,,8.1,Hoburg 68550,Y,1986,301
1986-10-29,8.3,Y,,,8.3,Hoburg 68550,Y,1986,302
1986-10-30,7.1,Y,,,7.1,Hoburg 68550,Y,1986,303
1986-10-31,6.5,Y,,,6.5,Hoburg 68550,Y,1986,304
1986-11-01,7,Y,,,7,Hoburg 68550,Y,1986,305
1986-11-02,4.9,Y,,,4.9,Hoburg 68550,Y,1986,306
1986-11-03,3.3,Y,,,3.3,Hoburg 68550,Y,1986,307
1986-11-04,6.3,Y,,,6.3,Hoburg 68550,Y,1986,308
1986-11-05,5.1,Y,,,5.1,Hoburg 68550,Y,1986,309
1986-11-06,5.8,Y,,,5.8,Hoburg 68550,Y,1986,310
1986-11-07,4.8,Y,,,4.8,Hoburg 68550,Y,1986,311
1986-11-08,6.5,Y,,,6.5,Hoburg 68550,Y,1986,312
1986-11-09,6,Y,,,6,Hoburg 68550,Y,1986,313
1986-11-10,6.6,Y,,,6.6,Hoburg 68550,Y,1986,314
1986-11-11,7.8,Y,,,7.8,Hoburg 68550,Y,1986,315
1986-11-12,7,Y,,,7,Hoburg 68550,Y,1986,316
1986-11-13,3.9,Y,,,3.9,Hoburg 68550,Y,1986,317
1986-11-14,4.9,Y,,,4.9,Hoburg 68550,Y,1986,318
1986-11-15,4.7,Y,,,4.7,Hoburg 68550,Y,1986,319
1986-11-16,6.5,Y,,,6.5,Hoburg 68550,Y,1986,320
1986-11-17,5.9,Y,,,5.9,Hoburg 68550,Y,1986,321
1986-11-18,6.4,Y,,,6.4,Hoburg 68550,Y,1986,322
1986-11-19,6.6,Y,,,6.6,Hoburg 68550,Y,1986,323
1986-11-20,6.9,Y,,,6.9,Hoburg 68550,Y,1986,324
1986-11-21,4.7,Y,,,4.7,Hoburg 68550,Y,1986,325
1986-11-22,5.3,Y,,,5.3,Hoburg 68550,Y,1986,326
1986-11-23,6,Y,,,6,Hoburg 68550,Y,1986,327
1986-11-24,6,Y,,,6,Hoburg 68550,Y,1986,328
1986-11-25,7.2,Y,,,7.2,Hoburg 68550,Y,1986,329
1986-11-26,7.5,Y,,,7.5,Hoburg 68550,Y,1986,330
1986-11-27,6,Y,,,6,Hoburg 68550,Y,1986,331
1986-11-28,6.5,Y,,,6.5,Hoburg 68550,Y,1986,332
1986-11-29,6.6,Y,,,6.6,Hoburg 68550,Y,1986,333
1986-11-30,5.5,Y,,,5.5,Hoburg 68550,Y,1986,334
1986-12-01,6,Y,,,6,Hoburg 68550,Y,1986,335
1986-12-02,4.3,Y,,,4.3,Hoburg 68550,Y,1986,336
1986-12-03,6.2,Y,,,6.2,Hoburg 68550,Y,1986,337
1986-12-04,7.2,Y,,,7.2,Hoburg 68550,Y,1986,338
1986-12-05,6.7,Y,,,6.7,Hoburg 68550,Y,1986,339
1986-12-06,6,Y,,,6,Hoburg 68550,Y,1986,340
1986-12-07,0.8,Y,,,0.8,Hoburg 68550,Y,1986,341
1986-12-08,3.9,Y,,,3.9,Hoburg 68550,Y,1986,342
1986-12-09,4.2,Y,,,4.2,Hoburg 68550,Y,1986,343
1986-12-10,5.5,Y,,,5.5,Hoburg 68550,Y,1986,344
1986-12-11,3.8,Y,,,3.8,Hoburg 68550,Y,1986,345
1986-12-12,2.2,Y,,,2.2,Hoburg 68550,Y,1986,346
1986-12-13,3.1,Y,,,3.1,Hoburg 68550,Y,1986,347
1986-12-14,1.6,Y,,,1.6,Hoburg 68550,Y,1986,348
1986-12-15,0.3,Y,,,0.3,Hoburg 68550,Y,1986,349
1986-12-16,2.4,Y,,,2.4,Hoburg 68550,Y,1986,350
1986-12-17,2.4,Y,,,2.4,Hoburg 68550,Y,1986,351
1986-12-18,1.2,Y,,,1.2,Hoburg 68550,Y,1986,352
1986-12-19,1.8,Y,,,1.8,Hoburg 68550,Y,1986,353
1986-12-20,-2.1,Y,,,-2.1,Hoburg 68550,Y,1986,354
1986-12-21,-2.6,Y,,,-2.6,Hoburg 68550,Y,1986,355
1986-12-22,-1.8,Y,,,-1.8,Hoburg 68550,Y,1986,356
1986-12-23,-2,Y,,,-2,Hoburg 68550,Y,1986,357
1986-12-24,-2,Y,,,-2,Hoburg 68550,Y,1986,358
1986-12-25,-1.6,Y,,,-1.6,Hoburg 68550,Y,1986,359
1986-12-26,-1.4,Y,,,-1.4,Hoburg 68550,Y,1986,360
1986-12-27,-2.7,Y,,,-2.7,Hoburg 68550,Y,1986,361
1986-12-28,-5.2,Y,,,-5.2,Hoburg 68550,Y,1986,362
1986-12-29,0.4,Y,,,0.4,Hoburg 68550,Y,1986,363
1986-12-30,-2.1,Y,,,-2.1,Hoburg 68550,Y,1986,364
1986-12-31,-3.9,Y,,,-3.9,Hoburg 68550,Y,1986,365
1987-01-01,-3.7,Y,,,-3.7,Hoburg 68550,Y,1987,1
1987-01-02,-4.4,Y,,,-4.4,Hoburg 68550,Y,1987,2
1987-01-03,-4.2,Y,,,-4.2,Hoburg 68550,Y,1987,3
1987-01-04,-7.9,Y,,,-7.9,Hoburg 68550,Y,1987,4
1987-01-05,-3.8,Y,,,-3.8,Hoburg 68550,Y,1987,5
1987-01-06,-7.4,Y,,,-7.4,Hoburg 68550,Y,1987,6
1987-01-07,-8.4,Y,,,-8.4,Hoburg 68550,Y,1987,7
1987-01-08,-5.8,Y,,,-5.8,Hoburg 68550,Y,1987,8
1987-01-09,-10.7,Y,,,-10.7,Hoburg 68550,Y,1987,9
1987-01-10,-15.1,Y,,,-15.1,Hoburg 68550,Y,1987,10
1987-01-11,-12.7,Y,,,-12.7,Hoburg 68550,Y,1987,11
1987-01-12,-10.9,Y,,,-10.9,Hoburg 68550,Y,1987,12
1987-01-13,-10.1,Y,,,-10.1,Hoburg 68550,Y,1987,13
1987-01-14,-8.2,Y,,,-8.2,Hoburg 68550,Y,1987,14
1987-01-15,-5.1,Y,,,-5.1,Hoburg 68550,Y,1987,15
1987-01-16,-4.3,Y,,,-4.3,Hoburg 68550,Y,1987,16
1987-01-17,-3.1,Y,,,-3.1,Hoburg 68550,Y,1987,17
1987-01-18,-3.4,Y,,,-3.4,Hoburg 68550,Y,1987,18
1987-01-19,-3.4,Y,,,-3.4,Hoburg 68550,Y,1987,19
1987-01-20,-1.6,Y,,,-1.6,Hoburg 68550,Y,1987,20
1987-01-21,-2.5,Y,,,-2.5,Hoburg 68550,Y,1987,21
1987-01-22,-2.5,Y,,,-2.5,Hoburg 68550,Y,1987,22
1987-01-23,-2.8,Y,,,-2.8,Hoburg 68550,Y,1987,23
1987-01-24,-2.5,Y,,,-2.5,Hoburg 68550,Y,1987,24
1987-01-25,0.1,Y,,,0.1,Hoburg 68550,Y,1987,25
1987-01-26,-4.8,Y,,,-4.8,Hoburg 68550,Y,1987,26
1987-01-27,-5.5,Y,,,-5.5,Hoburg 68550,Y,1987,27
1987-01-28,-8.9,Y,,,-8.9,Hoburg 68550,Y,1987,28
1987-01-29,-9.5,Y,,,-9.5,Hoburg 68550,Y,1987,29
1987-01-30,-5.8,Y,,,-5.8,Hoburg 68550,Y,1987,30
1987-01-31,0.6,Y,,,0.6,Hoburg 68550,Y,1987,31
1987-02-01,-0.4,Y,,,-0.4,Hoburg 68550,Y,1987,32
1987-02-02,-0.1,Y,,,-0.1,Hoburg 68550,Y,1987,33
1987-02-03,-1.1,Y,,,-1.1,Hoburg 68550,Y,1987,34
1987-02-04,-0.4,Y,,,-0.4,Hoburg 68550,Y,1987,35
1987-02-05,0.5,Y,,,0.5,Hoburg 68550,Y,1987,36
1987-02-06,1.4,Y,,,1.4,Hoburg 68550,Y,1987,37
1987-02-07,-1.3,Y,,,-1.3,Hoburg 68550,Y,1987,38
1987-02-08,-3.1,Y,,,-3.1,Hoburg 68550,Y,1987,39
1987-02-09,-4.4,Y,,,-4.4,Hoburg 68550,Y,1987,40
1987-02-10,-0.6,Y,,,-0.6,Hoburg 68550,Y,1987,41
1987-02-11,0.6,Y,,,0.6,Hoburg 68550,Y,1987,42
1987-02-12,0.2,Y,,,0.2,Hoburg 68550,Y,1987,43
1987-02-13,0.6,Y,,,0.6,Hoburg 68550,Y,1987,44
1987-02-14,0.1,Y,,,0.1,Hoburg 68550,Y,1987,45
1987-02-15,-2.1,Y,,,-2.1,Hoburg 68550,Y,1987,46
1987-02-16,-0.7,Y,,,-0.7,Hoburg 68550,Y,1987,47
1987-02-17,-0.2,Y,,,-0.2,Hoburg 68550,Y,1987,48
1987-02-18,-3.1,Y,,,-3.1,Hoburg 68550,Y,1987,49
1987-02-19,-5.7,Y,,,-5.7,Hoburg 68550,Y,1987,50
1987-02-20,-2.8,Y,,,-2.8,Hoburg 68550,Y,1987,51
1987-02-21,-2.1,Y,,,-2.1,Hoburg 68550,Y,1987,52
1987-02-22,-1.5,Y,,,-1.5,Hoburg 68550,Y,1987,53
1987-02-23,-3.4,Y,,,-3.4,Hoburg 68550,Y,1987,54
1987-02-24,-2.6,Y,,,-2.6,Hoburg 68550,Y,1987,55
1987-02-25,-5.7,Y,,,-5.7,Hoburg 68550,Y,1987,56
1987-02-26,-6.7,Y,,,-6.7,Hoburg 68550,Y,1987,57
1987-02-27,-4.3,Y,,,-4.3,Hoburg 68550,Y,1987,58
1987-02-28,-7.2,Y,,,-7.2,Hoburg 68550,Y,1987,59
1987-03-01,-8.9,Y,,,-8.9,Hoburg 68550,Y,1987,60
1987-03-02,-10.3,Y,,,-10.3,Hoburg 68550,Y,1987,61
1987-03-03,-10.4,Y,,,-10.4,Hoburg 68550,Y,1987,62
1987-03-04,-9.7,Y,,,-9.7,Hoburg 68550,Y,1987,63
1987-03-05,-9.9,Y,,,-9.9,Hoburg 68550,Y,1987,64
1987-03-06,-10.5,Y,,,-10.5,Hoburg 68550,Y,1987,65
1987-03-07,-8.7,Y,,,-8.7,Hoburg 68550,Y,1987,66
1987-03-08,-4.4,Y,,,-4.4,Hoburg 68550,Y,1987,67
1987-03-09,-4.4,Y,,,-4.4,Hoburg 68550,Y,1987,68
1987-03-10,-3.7,Y,,,-3.7,Hoburg 68550,Y,1987,69
1987-03-11,-4.1,Y,,,-4.1,Hoburg 68550,Y,1987,70
1987-03-12,-4.2,Y,,,-4.2,Hoburg 68550,Y,1987,71
1987-03-13,-6.1,Y,,,-6.1,Hoburg 68550,Y,1987,72
1987-03-14,-7.2,Y,,,-7.2,Hoburg 68550,Y,1987,73
1987-03-15,-4.9,Y,,,-4.9,Hoburg 68550,Y,1987,74
1987-03-16,-2.4,Y,,,-2.4,Hoburg 68550,Y,1987,75
1987-03-17,-0.7,Y,,,-0.7,Hoburg 68550,Y,1987,76
1987-03-18,-1,Y,,,-1,Hoburg 68550,Y,1987,77
1987-03-19,-0.4,Y,,,-0.4,Hoburg 68550,Y,1987,78
1987-03-20,-0.2,Y,,,-0.2,Hoburg 68550,Y,1987,79
1987-03-21,-0.6,Y,,,-0.6,Hoburg 68550,Y,1987,80
1987-03-22,-0.9,Y,,,-0.9,Hoburg 68550,Y,1987,81
1987-03-23,-0.7,Y,,,-0.7,Hoburg 68550,Y,1987,82
1987-03-24,-0.8,Y,,,-0.8,Hoburg 68550,Y,1987,83
1987-03-25,0.2,Y,,,0.2,Hoburg 68550,Y,1987,84
1987-03-26,-0.2,Y,,,-0.2,Hoburg 68550,Y,1987,85
1987-03-27,1.6,Y,,,1.6,Hoburg 68550,Y,1987,86
1987-03-28,2.6,Y,,,2.6,Hoburg 68550,Y,1987,87
1987-03-29,1.3,Y,,,1.3,Hoburg 68550,Y,1987,88
1987-03-30,1.3,Y,,,1.3,Hoburg 68550,Y,1987,89
1987-03-31,0.1,Y,,,0.1,Hoburg 68550,Y,1987,90
1987-04-01,-0.6,Y,,,-0.6,Hoburg 68550,Y,1987,91
1987-04-02,2.4,Y,,,2.4,Hoburg 68550,Y,1987,92
1987-04-03,2.5,Y,,,2.5,Hoburg 68550,Y,1987,93
1987-04-04,2,Y,,,2,Hoburg 68550,Y,1987,94
1987-04-05,3.2,Y,,,3.2,Hoburg 68550,Y,1987,95
1987-04-06,1.5,Y,,,1.5,Hoburg 68550,Y,1987,96
1987-04-07,1.8,Y,,,1.8,Hoburg 68550,Y,1987,97
1987-04-08,0.5,Y,,,0.5,Hoburg 68550,Y,1987,98
1987-04-09,-0.1,Y,,,-0.1,Hoburg 68550,Y,1987,99
1987-04-10,2,Y,,,2,Hoburg 68550,Y,1987,100
1987-04-11,2.2,Y,,,2.2,Hoburg 68550,Y,1987,101
1987-04-12,2.1,Y,,,2.1,Hoburg 68550,Y,1987,102
1987-04-13,2.4,Y,,,2.4,Hoburg 68550,Y,1987,103
1987-04-14,2.2,Y,,,2.2,Hoburg 68550,Y,1987,104
1987-04-15,2.5,Y,,,2.5,Hoburg 68550,Y,1987,105
1987-04-16,4.7,Y,,,4.7,Hoburg 68550,Y,1987,106
1987-04-17,4.3,Y,,,4.3,Hoburg 68550,Y,1987,107
1987-04-18,2,Y,,,2,Hoburg 68550,Y,1987,108
1987-04-19,1.9,Y,,,1.9,Hoburg 68550,Y,1987,109
1987-04-20,2.2,Y,,,2.2,Hoburg 68550,Y,1987,110
1987-04-21,2.3,Y,,,2.3,Hoburg 68550,Y,1987,111
1987-04-22,3,Y,,,3,Hoburg 68550,Y,1987,112
1987-04-23,3.9,Y,,,3.9,Hoburg 68550,Y,1987,113
1987-04-24,5,Y,,,5,Hoburg 68550,Y,1987,114
1987-04-25,5.8,Y,,,5.8,Hoburg 68550,Y,1987,115
1987-04-26,2.8,Y,,,2.8,Hoburg 68550,Y,1987,116
1987-04-27,3.5,Y,,,3.5,Hoburg 68550,Y,1987,117
1987-04-28,7.8,Y,,,7.8,Hoburg 68550,Y,1987,118
1987-04-29,7.7,Y,,,7.7,Hoburg 68550,Y,1987,119
1987-04-30,8.1,Y,,,8.1,Hoburg 68550,Y,1987,120
1987-05-01,8.2,Y,,,8.2,Hoburg 68550,Y,1987,121
1987-05-02,5.1,Y,,,5.1,Hoburg 68550,Y,1987,122
1987-05-03,6.2,Y,,,6.2,Hoburg 68550,Y,1987,123
1987-05-04,5.9,Y,,,5.9,Hoburg 68550,Y,1987,124
1987-05-05,4.7,Y,,,4.7,Hoburg 68550,Y,1987,125
1987-05-06,4.4,Y,,,4.4,Hoburg 68550,Y,1987,126
1987-05-07,5.4,Y,,,5.4,Hoburg 68550,Y,1987,127
1987-05-08,6.2,Y,,,6.2,Hoburg 68550,Y,1987,128
1987-05-09,5.9,Y,,,5.9,Hoburg 68550,Y,1987,129
1987-05-10,6.4,Y,,,6.4,Hoburg 68550,Y,1987,130
1987-05-11,6.3,Y,,,6.3,Hoburg 68550,Y,1987,131
1987-05-12,4.7,Y,,,4.7,Hoburg 68550,Y,1987,132
1987-05-13,5.9,Y,,,5.9,Hoburg 68550,Y,1987,133
1987-05-14,5.2,Y,,,5.2,Hoburg 68550,Y,1987,134
1987-05-15,5.7,Y,,,5.7,Hoburg 68550,Y,1987,135
1987-05-16,6.8,Y,,,6.8,Hoburg 68550,Y,1987,136
1987-05-17,5.3,Y,,,5.3,Hoburg 68550,Y,1987,137
1987-05-18,6.1,Y,,,6.1,Hoburg 68550,Y,1987,138
1987-05-19,6.7,Y,,,6.7,Hoburg 68550,Y,1987,139
1987-05-20,5.9,Y,,,5.9,Hoburg 68550,Y,1987,140
1987-05-21,6.3,Y,,,6.3,Hoburg 68550,Y,1987,141
1987-05-22,10.4,Y,,,10.4,Hoburg 68550,Y,1987,142
1987-05-23,9.8,Y,,,9.8,Hoburg 68550,Y,1987,143
1987-05-24,9.4,Y,,,9.4,Hoburg 68550,Y,1987,144
1987-05-25,6.5,Y,,,6.5,Hoburg 68550,Y,1987,145
1987-05-26,9.3,Y,,,9.3,Hoburg 68550,Y,1987,146
1987-05-27,7.5,Y,,,7.5,Hoburg 68550,Y,1987,147
1987-05-28,7.5,Y,,,7.5,Hoburg 68550,Y,1987,148
1987-05-29,5.4,Y,,,5.4,Hoburg 68550,Y,1987,149
1987-05-30,5.4,Y,,,5.4,Hoburg 68550,Y,1987,150
1987-05-31,6.3,Y,,,6.3,Hoburg 68550,Y,1987,151
1987-06-01,6.1,Y,,,6.1,Hoburg 68550,Y,1987,152
1987-06-02,6.9,Y,,,6.9,Hoburg 68550,Y,1987,153
1987-06-03,8.2,Y,,,8.2,Hoburg 68550,Y,1987,154
1987-06-04,8.1,Y,,,8.1,Hoburg 68550,Y,1987,155
1987-06-05,12.2,Y,,,12.2,Hoburg 68550,Y,1987,156
1987-06-06,11.1,Y,,,11.1,Hoburg 68550,Y,1987,157
1987-06-07,10.1,Y,,,10.1,Hoburg 68550,Y,1987,158
1987-06-08,9.8,Y,,,9.8,Hoburg 68550,Y,1987,159
1987-06-09,9.5,Y,,,9.5,Hoburg 68550,Y,1987,160
1987-06-10,10.5,Y,,,10.5,Hoburg 68550,Y,1987,161
1987-06-11,10.4,Y,,,10.4,Hoburg 68550,Y,1987,162
1987-06-12,10.1,Y,,,10.1,Hoburg 68550,Y,1987,163
1987-06-13,9.5,Y,,,9.5,Hoburg 68550,Y,1987,164
1987-06-14,10.4,Y,,,10.4,Hoburg 68550,Y,1987,165
1987-06-15,9.7,Y,,,9.7,Hoburg 68550,Y,1987,166
1987-06-16,8.9,Y,,,8.9,Hoburg 68550,Y,1987,167
1987-06-17,8.5,Y,,,8.5,Hoburg 68550,Y,1987,168
1987-06-18,8.7,Y,,,8.7,Hoburg 68550,Y,1987,169
1987-06-19,8.2,Y,,,8.2,Hoburg 68550,Y,1987,170
1987-06-20,10,Y,,,10,Hoburg 68550,Y,1987,171
1987-06-21,14.2,Y,,,14.2,Hoburg 68550,Y,1987,172
1987-06-22,14.1,Y,,,14.1,Hoburg 68550,Y,1987,173
1987-06-23,10.8,Y,,,10.8,Hoburg 68550,Y,1987,174
1987-06-24,10.3,Y,,,10.3,Hoburg 68550,Y,1987,175
1987-06-25,10.8,Y,,,10.8,Hoburg 68550,Y,1987,176
1987-06-26,9.6,Y,,,9.6,Hoburg 68550,Y,1987,177
1987-06-27,10.5,Y,,,10.5,Hoburg 68550,Y,1987,178
1987-06-28,11.6,Y,,,11.6,Hoburg 68550,Y,1987,179
1987-06-29,12.4,Y,,,12.4,Hoburg 68550,Y,1987,180
1987-06-30,12.2,Y,,,12.2,Hoburg 68550,Y,1987,181
1987-07-01,14.8,Y,,,14.8,Hoburg 68550,Y,1987,182
1987-07-02,12.9,Y,,,12.9,Hoburg 68550,Y,1987,183
1987-07-03,13.1,Y,,,13.1,Hoburg 68550,Y,1987,184
1987-07-04,13.2,Y,,,13.2,Hoburg 68550,Y,1987,185
1987-07-05,14.2,Y,,,14.2,Hoburg 68550,Y,1987,186
1987-07-06,15,Y,,,15,Hoburg 68550,Y,1987,187
1987-07-07,16.4,Y,,,16.4,Hoburg 68550,Y,1987,188
1987-07-08,16.6,Y,,,16.6,Hoburg 68550,Y,1987,189
1987-07-09,15.1,Y,,,15.1,Hoburg 68550,Y,1987,190
1987-07-10,13.6,Y,,,13.6,Hoburg 68550,Y,1987,191
1987-07-11,13.8,Y,,,13.8,Hoburg 68550,Y,1987,192
1987-07-12,12.8,Y,,,12.8,Hoburg 68550,Y,1987,193
1987-07-13,13.9,Y,,,13.9,Hoburg 68550,Y,1987,194
1987-07-14,14.9,Y,,,14.9,Hoburg 68550,Y,1987,195
1987-07-15,14.9,Y,,,14.9,Hoburg 68550,Y,1987,196
1987-07-16,14.7,Y,,,14.7,Hoburg 68550,Y,1987,197
1987-07-17,14.7,Y,,,14.7,Hoburg 68550,Y,1987,198
1987-07-18,15,Y,,,15,Hoburg 68550,Y,1987,199
1987-07-19,16.1,Y,,,16.1,Hoburg 68550,Y,1987,200
1987-07-20,16.1,Y,,,16.1,Hoburg 68550,Y,1987,201
1987-07-21,17.8,Y,,,17.8,Hoburg 68550,Y,1987,202
1987-07-22,18.3,Y,,,18.3,Hoburg 68550,Y,1987,203
1987-07-23,18.1,Y,,,18.1,Hoburg 68550,Y,1987,204
1987-07-24,14.1,Y,,,14.1,Hoburg 68550,Y,1987,205
1987-07-25,13.8,Y,,,13.8,Hoburg 68550,Y,1987,206
1987-07-26,13.6,Y,,,13.6,Hoburg 68550,Y,1987,207
1987-07-27,12.6,Y,,,12.6,Hoburg 68550,Y,1987,208
1987-07-28,14.4,Y,,,14.4,Hoburg 68550,Y,1987,209
1987-07-29,13.8,Y,,,13.8,Hoburg 68550,Y,1987,210
1987-07-30,14,Y,,,14,Hoburg 68550,Y,1987,211
1987-07-31,13.8,Y,,,13.8,Hoburg 68550,Y,1987,212
1987-08-01,14.1,Y,,,14.1,Hoburg 68550,Y,1987,213
1987-08-02,12,Y,,,12,Hoburg 68550,Y,1987,214
1987-08-03,12.7,Y,,,12.7,Hoburg 68550,Y,1987,215
1987-08-04,12.7,Y,,,12.7,Hoburg 68550,Y,1987,216
1987-08-05,12.7,Y,,,12.7,Hoburg 68550,Y,1987,217
1987-08-06,12.8,Y,,,12.8,Hoburg 68550,Y,1987,218
1987-08-07,13,Y,,,13,Hoburg 68550,Y,1987,219
1987-08-08,13.3,Y,,,13.3,Hoburg 68550,Y,1987,220
1987-08-09,13.7,Y,,,13.7,Hoburg 68550,Y,1987,221
1987-08-10,12.7,Y,,,12.7,Hoburg 68550,Y,1987,222
1987-08-11,12.2,Y,,,12.2,Hoburg 68550,Y,1987,223
1987-08-12,13.1,Y,,,13.1,Hoburg 68550,Y,1987,224
1987-08-13,14.9,Y,,,14.9,Hoburg 68550,Y,1987,225
1987-08-14,13.1,Y,,,13.1,Hoburg 68550,Y,1987,226
1987-08-15,14.4,Y,,,14.4,Hoburg 68550,Y,1987,227
1987-08-16,12.3,Y,,,12.3,Hoburg 68550,Y,1987,228
1987-08-17,13.9,Y,,,13.9,Hoburg 68550,Y,1987,229
1987-08-18,13.9,Y,,,13.9,Hoburg 68550,Y,1987,230
1987-08-19,14.3,Y,,,14.3,Hoburg 68550,Y,1987,231
1987-08-20,14.8,Y,,,14.8,Hoburg 68550,Y,1987,232
1987-08-21,14.9,Y,,,14.9,Hoburg 68550,Y,1987,233
1987-08-22,16,Y,,,16,Hoburg 68550,Y,1987,234
1987-08-23,16.4,Y,,,16.4,Hoburg 68550,Y,1987,235
1987-08-24,13.6,Y,,,13.6,Hoburg 68550,Y,1987,236
1987-08-25,14.1,Y,,,14.1,Hoburg 68550,Y,1987,237
1987-08-26,15.3,Y,,,15.3,Hoburg 68550,Y,1987,238
1987-08-27,15.4,Y,,,15.4,Hoburg 68550,Y,1987,239
1987-08-28,13.3,Y,,,13.3,Hoburg 68550,Y,1987,240
1987-08-29,12.7,Y,,,12.7,Hoburg 68550,Y,1987,241
1987-08-30,12.7,Y,,,12.7,Hoburg 68550,Y,1987,242
1987-08-31,12.3,Y,,,12.3,Hoburg 68550,Y,1987,243
1987-09-01,11.7,Y,,,11.7,Hoburg 68550,Y,1987,244
1987-09-02,12.4,Y,,,12.4,Hoburg 68550,Y,1987,245
1987-09-03,13,Y,,,13,Hoburg 68550,Y,1987,246
1987-09-04,12.6,Y,,,12.6,Hoburg 68550,Y,1987,247
1987-09-05,13.9,Y,,,13.9,Hoburg 68550,Y,1987,248
1987-09-06,14,Y,,,14,Hoburg 68550,Y,1987,249
1987-09-07,13.3,Y,,,13.3,Hoburg 68550,Y,1987,250
1987-09-08,13.4,Y,,,13.4,Hoburg 68550,Y,1987,251
1987-09-09,13,Y,,,13,Hoburg 68550,Y,1987,252
1987-09-10,13,Y,,,13,Hoburg 68550,Y,1987,253
1987-09-11,13,Y,,,13,Hoburg 68550,Y,1987,254
1987-09-12,12.6,Y,,,12.6,Hoburg 68550,Y,1987,255
1987-09-13,13.8,Y,,,13.8,Hoburg 68550,Y,1987,256
1987-09-14,12.9,Y,,,12.9,Hoburg 68550,Y,1987,257
1987-09-15,12.6,Y,,,12.6,Hoburg 68550,Y,1987,258
1987-09-16,10.9,Y,,,10.9,Hoburg 68550,Y,1987,259
1987-09-17,9.2,Y,,,9.2,Hoburg 68550,Y,1987,260
1987-09-18,9.3,Y,,,9.3,Hoburg 68550,Y,1987,261
1987-09-19,11.2,Y,,,11.2,Hoburg 68550,Y,1987,262
1987-09-20,10.5,Y,,,10.5,Hoburg 68550,Y,1987,263
1987-09-21,9.7,Y,,,9.7,Hoburg 68550,Y,1987,264
1987-09-22,10.4,Y,,,10.4,Hoburg 68550,Y,1987,265
1987-09-23,11.1,Y,,,11.1,Hoburg 68550,Y,1987,266
1987-09-24,9.4,Y,,,9.4,Hoburg 68550,Y,1987,267
1987-09-25,10.8,Y,,,10.8,Hoburg 68550,Y,1987,268
1987-09-26,10.5,Y,,,10.5,Hoburg 68550,Y,1987,269
1987-09-27,8.9,Y,,,8.9,Hoburg 68550,Y,1987,270
1987-09-28,8.2,Y,,,8.2,Hoburg 68550,Y,1987,271
1987-09-29,8.7,Y,,,8.7,Hoburg 68550,Y,1987,272
1987-09-30,7.9,Y,,,7.9,Hoburg 68550,Y,1987,273
1987-10-01,8.2,Y,,,8.2,Hoburg 68550,Y,1987,274
1987-10-02,8.5,Y,,,8.5,Hoburg 68550,Y,1987,275
1987-10-03,8.8,Y,,,8.8,Hoburg 68550,Y,1987,276
1987-10-04,9.6,Y,,,9.6,Hoburg 68550,Y,1987,277
1987-10-05,10.7,Y,,,10.7,Hoburg 68550,Y,1987,278
1987-10-06,11.1,Y,,,11.1,Hoburg 68550,Y,1987,279
1987-10-07,10.7,Y,,,10.7,Hoburg 68550,Y,1987,280
1987-10-08,11.5,Y,,,11.5,Hoburg 68550,Y,1987,281
1987-10-09,10.5,Y,,,10.5,Hoburg 68550,Y,1987,282
1987-10-10,10.5,Y,,,10.5,Hoburg 68550,Y,1987,283
1987-10-11,11.4,Y,,,11.4,Hoburg 68550,Y,1987,284
1987-10-12,11.1,Y,,,11.1,Hoburg 68550,Y,1987,285
1987-10-13,9.5,Y,,,9.5,Hoburg 68550,Y,1987,286
1987-10-14,9.4,Y,,,9.4,Hoburg 68550,Y,1987,287
1987-10-15,9.9,Y,,,9.9,Hoburg 68550,Y,1987,288
1987-10-16,11.3,Y,,,11.3,Hoburg 68550,Y,1987,289
1987-10-17,10.9,Y,,,10.9,Hoburg 68550,Y,1987,290
1987-10-18,10.2,Y,,,10.2,Hoburg 68550,Y,1987,291
1987-10-19,9.5,Y,,,9.5,Hoburg 68550,Y,1987,292
1987-10-20,9,Y,,,9,Hoburg 68550,Y,1987,293
1987-10-21,8.1,Y,,,8.1,Hoburg 68550,Y,1987,294
1987-10-22,9,Y,,,9,Hoburg 68550,Y,1987,295
1987-10-23,8.6,Y,,,8.6,Hoburg 68550,Y,1987,296
1987-10-24,8.8,Y,,,8.8,Hoburg 68550,Y,1987,297
1987-10-25,8.3,Y,,,8.3,Hoburg 68550,Y,1987,298
1987-10-26,5.7,Y,,,5.7,Hoburg 68550,Y,1987,299
1987-10-27,7.7,Y,,,7.7,Hoburg 68550,Y,1987,300
1987-10-28,6.8,Y,,,6.8,Hoburg 68550,Y,1987,301
1987-10-29,6.3,Y,,,6.3,Hoburg 68550,Y,1987,302
1987-10-30,6.8,Y,,,6.8,Hoburg 68550,Y,1987,303
1987-10-31,6.5,Y,,,6.5,Hoburg 68550,Y,1987,304
1987-11-01,6.4,Y,,,6.4,Hoburg 68550,Y,1987,305
1987-11-02,5.9,Y,,,5.9,Hoburg 68550,Y,1987,306
1987-11-03,6.8,Y,,,6.8,Hoburg 68550,Y,1987,307
1987-11-04,6.8,Y,,,6.8,Hoburg 68550,Y,1987,308
1987-11-05,6.3,Y,,,6.3,Hoburg 68550,Y,1987,309
1987-11-06,6.8,Y,,,6.8,Hoburg 68550,Y,1987,310
1987-11-07,4.3,Y,,,4.3,Hoburg 68550,Y,1987,311
1987-11-08,3.6,Y,,,3.6,Hoburg 68550,Y,1987,312
1987-11-09,-0.4,Y,,,-0.4,Hoburg 68550,Y,1987,313
1987-11-10,0.1,Y,,,0.1,Hoburg 68550,Y,1987,314
1987-11-11,3.8,Y,,,3.8,Hoburg 68550,Y,1987,315
1987-11-12,6.3,Y,,,6.3,Hoburg 68550,Y,1987,316
1987-11-13,6.1,Y,,,6.1,Hoburg 68550,Y,1987,317
1987-11-14,5.7,Y,,,5.7,Hoburg 68550,Y,1987,318
1987-11-15,5.1,Y,,,5.1,Hoburg 68550,Y,1987,319
1987-11-16,6.1,Y,,,6.1,Hoburg 68550,Y,1987,320
1987-11-17,6.7,Y,,,6.7,Hoburg 68550,Y,1987,321
1987-11-18,5.2,Y,,,5.2,Hoburg 68550,Y,1987,322
1987-11-19,5,Y,,,5,Hoburg 68550,Y,1987,323
1987-11-20,5.6,Y,,,5.6,Hoburg 68550,Y,1987,324
1987-11-21,3.7,Y,,,3.7,Hoburg 68550,Y,1987,325
1987-11-22,3.9,Y,,,3.9,Hoburg 68550,Y,1987,326
1987-11-23,4.5,Y,,,4.5,Hoburg 68550,Y,1987,327
1987-11-24,2,Y,,,2,Hoburg 68550,Y,1987,328
1987-11-25,1.2,Y,,,1.2,Hoburg 68550,Y,1987,329
1987-11-26,5.2,Y,,,5.2,Hoburg 68550,Y,1987,330
1987-11-27,4.8,Y,,,4.8,Hoburg 68550,Y,1987,331
1987-11-28,3.2,Y,,,3.2,Hoburg 68550,Y,1987,332
1987-11-29,2.6,Y,,,2.6,Hoburg 68550,Y,1987,333
1987-11-30,1.7,Y,,,1.7,Hoburg 68550,Y,1987,334
1987-12-01,2.1,Y,,,2.1,Hoburg 68550,Y,1987,335
1987-12-02,3.7,Y,,,3.7,Hoburg 68550,Y,1987,336
1987-12-03,3.1,Y,,,3.1,Hoburg 68550,Y,1987,337
1987-12-04,2.9,Y,,,2.9,Hoburg 68550,Y,1987,338
1987-12-05,1.7,Y,,,1.7,Hoburg 68550,Y,1987,339
1987-12-06,0.1,Y,,,0.1,Hoburg 68550,Y,1987,340
1987-12-07,-3.1,Y,,,-3.1,Hoburg 68550,Y,1987,341
1987-12-08,-2.3,Y,,,-2.3,Hoburg 68550,Y,1987,342
1987-12-09,1.7,Y,,,1.7,Hoburg 68550,Y,1987,343
1987-12-10,3.3,Y,,,3.3,Hoburg 68550,Y,1987,344
1987-12-11,0.1,Y,,,0.1,Hoburg 68550,Y,1987,345
1987-12-12,-0.2,Y,,,-0.2,Hoburg 68550,Y,1987,346
1987-12-13,2.3,Y,,,2.3,Hoburg 68550,Y,1987,347
1987-12-14,1.2,Y,,,1.2,Hoburg 68550,Y,1987,348
1987-12-15,2.2,Y,,,2.2,Hoburg 68550,Y,1987,349
1987-12-16,-1.3,Y,,,-1.3,Hoburg 68550,Y,1987,350
1987-12-17,-0.9,Y,,,-0.9,Hoburg 68550,Y,1987,351
1987-12-18,2.4,Y,,,2.4,Hoburg 68550,Y,1987,352
1987-12-19,2.7,Y,,,2.7,Hoburg 68550,Y,1987,353
1987-12-20,3.6,Y,,,3.6,Hoburg 68550,Y,1987,354
1987-12-21,3.1,Y,,,3.1,Hoburg 68550,Y,1987,355
1987-12-22,0.7,Y,,,0.7,Hoburg 68550,Y,1987,356
1987-12-23,1.1,Y,,,1.1,Hoburg 68550,Y,1987,357
1987-12-24,2,Y,,,2,Hoburg 68550,Y,1987,358
1987-12-25,2.9,Y,,,2.9,Hoburg 68550,Y,1987,359
1987-12-26,4.6,Y,,,4.6,Hoburg 68550,Y,1987,360
1987-12-27,5.2,Y,,,5.2,Hoburg 68550,Y,1987,361
1987-12-28,2.5,Y,,,2.5,Hoburg 68550,Y,1987,362
1987-12-29,4.2,Y,,,4.2,Hoburg 68550,Y,1987,363
1987-12-30,5.4,Y,,,5.4,Hoburg 68550,Y,1987,364
1987-12-31,3,Y,,,3,Hoburg 68550,Y,1987,365
1988-01-01,4.2,Y,,,4.2,Hoburg 68550,Y,1988,1
1988-01-02,4.8,Y,,,4.8,Hoburg 68550,Y,1988,2
1988-01-03,5.4,Y,,,5.4,Hoburg 68550,Y,1988,3
1988-01-04,4.6,Y,,,4.6,Hoburg 68550,Y,1988,4
1988-01-05,3.6,Y,,,3.6,Hoburg 68550,Y,1988,5
1988-01-06,3.3,Y,,,3.3,Hoburg 68550,Y,1988,6
1988-01-07,3.7,Y,,,3.7,Hoburg 68550,Y,1988,7
1988-01-08,0.8,Y,,,0.8,Hoburg 68550,Y,1988,8
1988-01-09,0.3,Y,,,0.3,Hoburg 68550,Y,1988,9
1988-01-10,3.2,Y,,,3.2,Hoburg 68550,Y,1988,10
1988-01-11,2.4,Y,,,2.4,Hoburg 68550,Y,1988,11
1988-01-12,3.5,Y,,,3.5,Hoburg 68550,Y,1988,12
1988-01-13,2.9,Y,,,2.9,Hoburg 68550,Y,1988,13
1988-01-14,2.4,Y,,,2.4,Hoburg 68550,Y,1988,14
1988-01-15,2.1,Y,,,2.1,Hoburg 68550,Y,1988,15
1988-01-16,2.2,Y,,,2.2,Hoburg 68550,Y,1988,16
1988-01-17,1.6,Y,,,1.6,Hoburg 68550,Y,1988,17
1988-01-18,1.3,Y,,,1.3,Hoburg 68550,Y,1988,18
1988-01-19,1.7,Y,,,1.7,Hoburg 68550,Y,1988,19
1988-01-20,1.6,Y,,,1.6,Hoburg 68550,Y,1988,20
1988-01-21,2.1,Y,,,2.1,Hoburg 68550,Y,1988,21
1988-01-22,1.8,Y,,,1.8,Hoburg 68550,Y,1988,22
1988-01-23,1,Y,,,1,Hoburg 68550,Y,1988,23
1988-01-24,1.8,Y,,,1.8,Hoburg 68550,Y,1988,24
1988-01-25,-0.4,Y,,,-0.4,Hoburg 68550,Y,1988,25
1988-01-26,-0.4,Y,,,-0.4,Hoburg 68550,Y,1988,26
1988-01-27,-1.1,Y,,,-1.1,Hoburg 68550,Y,1988,27
1988-01-28,-1.1,Y,,,-1.1,Hoburg 68550,Y,1988,28
1988-01-29,-2.5,Y,,,-2.5,Hoburg 68550,Y,1988,29
1988-01-30,-2.7,Y,,,-2.7,Hoburg 68550,Y,1988,30
1988-01-31,-2.9,Y,,,-2.9,Hoburg 68550,Y,1988,31
1988-02-01,0.9,Y,,,0.9,Hoburg 68550,Y,1988,32
1988-02-02,1.9,Y,,,1.9,Hoburg 68550,Y,1988,33
1988-02-03,2.7,Y,,,2.7,Hoburg 68550,Y,1988,34
1988-02-04,3.4,Y,,,3.4,Hoburg 68550,Y,1988,35
1988-02-05,3.5,Y,,,3.5,Hoburg 68550,Y,1988,36
1988-02-06,2.9,Y,,,2.9,Hoburg 68550,Y,1988,37
1988-02-07,3.1,Y,,,3.1,Hoburg 68550,Y,1988,38
1988-02-08,2.5,Y,,,2.5,Hoburg 68550,Y,1988,39
1988-02-09,2.3,Y,,,2.3,Hoburg 68550,Y,1988,40
1988-02-10,3.3,Y,,,3.3,Hoburg 68550,Y,1988,41
1988-02-11,2.8,Y,,,2.8,Hoburg 68550,Y,1988,42
1988-02-12,2.5,Y,,,2.5,Hoburg 68550,Y,1988,43
1988-02-13,2.1,Y,,,2.1,Hoburg 68550,Y,1988,44
1988-02-14,1.7,Y,,,1.7,Hoburg 68550,Y,1988,45
1988-02-15,2.5,Y,,,2.5,Hoburg 68550,Y,1988,46
1988-02-16,1.1,Y,,,1.1,Hoburg 68550,Y,1988,47
1988-02-17,2.8,Y,,,2.8,Hoburg 68550,Y,1988,48
1988-02-18,-0.3,Y,,,-0.3,Hoburg 68550,Y,1988,49
1988-02-19,-2.9,Y,,,-2.9,Hoburg 68550,Y,1988,50
1988-02-20,-3.3,Y,,,-3.3,Hoburg 68550,Y,1988,51
1988-02-21,0.1,Y,,,0.1,Hoburg 68550,Y,1988,52
1988-02-22,0.1,Y,,,0.1,Hoburg 68550,Y,1988,53
1988-02-23,-0.1,Y,,,-0.1,Hoburg 68550,Y,1988,54
1988-02-24,-0.9,Y,,,-0.9,Hoburg 68550,Y,1988,55
1988-02-25,-0.9,Y,,,-0.9,Hoburg 68550,Y,1988,56
1988-02-26,-1,Y,,,-1,Hoburg 68550,Y,1988,57
1988-02-27,0.3,Y,,,0.3,Hoburg 68550,Y,1988,58
1988-02-28,0.5,Y,,,0.5,Hoburg 68550,Y,1988,59
1988-02-29,0.3,Y,,,0.3,Hoburg 68550,Y,1988,60
1988-03-01,-2.3,Y,,,-2.3,Hoburg 68550,Y,1988,61
1988-03-02,-3.3,Y,,,-3.3,Hoburg 68550,Y,1988,62
1988-03-03,-1.5,Y,,,-1.5,Hoburg 68550,Y,1988,63
1988-03-04,0.9,Y,,,0.9,Hoburg 68550,Y,1988,64
1988-03-05,1.8,Y,,,1.8,Hoburg 68550,Y,1988,65
1988-03-06,0.7,Y,,,0.7,Hoburg 68550,Y,1988,66
1988-03-07,0.5,Y,,,0.5,Hoburg 68550,Y,1988,67
1988-03-08,-0.8,Y,,,-0.8,Hoburg 68550,Y,1988,68
1988-03-09,-1.5,Y,,,-1.5,Hoburg 68550,Y,1988,69
1988-03-10,0.5,Y,,,0.5,Hoburg 68550,Y,1988,70
1988-03-11,1.8,Y,,,1.8,Hoburg 68550,Y,1988,71
1988-03-12,-0.7,Y,,,-0.7,Hoburg 68550,Y,1988,72
1988-03-13,-1,Y,,,-1,Hoburg 68550,Y,1988,73
1988-03-14,-1.5,Y,,,-1.5,Hoburg 68550,Y,1988,74
1988-03-15,-0.5,Y,,,-0.5,Hoburg 68550,Y,1988,75
1988-03-16,-1,Y,,,-1,Hoburg 68550,Y,1988,76
1988-03-17,-2,Y,,,-2,Hoburg 68550,Y,1988,77
1988-03-18,-2.6,Y,,,-2.6,Hoburg 68550,Y,1988,78
1988-03-19,-0.3,Y,,,-0.3,Hoburg 68550,Y,1988,79
1988-03-20,0,Y,,,0,Hoburg 68550,Y,1988,80
1988-03-21,0.4,Y,,,0.4,Hoburg 68550,Y,1988,81
1988-03-22,-0.1,Y,,,-0.1,Hoburg 68550,Y,1988,82
1988-03-23,-0.1,Y,,,-0.1,Hoburg 68550,Y,1988,83
1988-03-24,-0.5,Y,,,-0.5,Hoburg 68550,Y,1988,84
1988-03-25,1.8,Y,,,1.8,Hoburg 68550,Y,1988,85
1988-03-26,2.2,Y,,,2.2,Hoburg 68550,Y,1988,86
1988-03-27,1.3,Y,,,1.3,Hoburg 68550,Y,1988,87
1988-03-28,1.3,Y,,,1.3,Hoburg 68550,Y,1988,88
1988-03-29,1.9,Y,,,1.9,Hoburg 68550,Y,1988,89
1988-03-30,2.8,Y,,,2.8,Hoburg 68550,Y,1988,90
1988-03-31,4,Y,,,4,Hoburg 68550,Y,1988,91
1988-04-01,3.9,Y,,,3.9,Hoburg 68550,Y,1988,92
1988-04-02,3.8,Y,,,3.8,Hoburg 68550,Y,1988,93
1988-04-03,2.5,Y,,,2.5,Hoburg 68550,Y,1988,94
1988-04-04,3.4,Y,,,3.4,Hoburg 68550,Y,1988,95
1988-04-05,1.6,Y,,,1.6,Hoburg 68550,Y,1988,96
1988-04-06,2.5,Y,,,2.5,Hoburg 68550,Y,1988,97
1988-04-07,3.5,Y,,,3.5,Hoburg 68550,Y,1988,98
1988-04-08,4.9,Y,,,4.9,Hoburg 68550,Y,1988,99
1988-04-09,2.3,Y,,,2.3,Hoburg 68550,Y,1988,100
1988-04-10,1.7,Y,,,1.7,Hoburg 68550,Y,1988,101
1988-04-11,2.8,Y,,,2.8,Hoburg 68550,Y,1988,102
1988-04-12,2.7,Y,,,2.7,Hoburg 68550,Y,1988,103
1988-04-13,2.6,Y,,,2.6,Hoburg 68550,Y,1988,104
1988-04-14,2,Y,,,2,Hoburg 68550,Y,1988,105
1988-04-15,3.9,Y,,,3.9,Hoburg 68550,Y,1988,106
1988-04-16,5.4,Y,,,5.4,Hoburg 68550,Y,1988,107
1988-04-17,6.1,Y,,,6.1,Hoburg 68550,Y,1988,108
1988-04-18,4.1,Y,,,4.1,Hoburg 68550,Y,1988,109
1988-04-19,2.9,Y,,,2.9,Hoburg 68550,Y,1988,110
1988-04-20,5.4,Y,,,5.4,Hoburg 68550,Y,1988,111
1988-04-21,4.5,Y,,,4.5,Hoburg 68550,Y,1988,112
1988-04-22,-0.1,Y,,,-0.1,Hoburg 68550,Y,1988,113
1988-04-23,0.6,Y,,,0.6,Hoburg 68550,Y,1988,114
1988-04-24,1.2,Y,,,1.2,Hoburg 68550,Y,1988,115
1988-04-25,0.5,Y,,,0.5,Hoburg 68550,Y,1988,116
1988-04-26,1.5,Y,,,1.5,Hoburg 68550,Y,1988,117
1988-04-27,1.9,Y,,,1.9,Hoburg 68550,Y,1988,118
1988-04-28,2.6,Y,,,2.6,Hoburg 68550,Y,1988,119
1988-04-29,3.5,Y,,,3.5,Hoburg 68550,Y,1988,120
1988-04-30,6.1,Y,,,6.1,Hoburg 68550,Y,1988,121
1988-05-01,8.4,Y,,,8.4,Hoburg 68550,Y,1988,122
1988-05-02,8,Y,,,8,Hoburg 68550,Y,1988,123
1988-05-03,9.4,Y,,,9.4,Hoburg 68550,Y,1988,124
1988-05-04,6.7,Y,,,6.7,Hoburg 68550,Y,1988,125
1988-05-05,6.7,Y,,,6.7,Hoburg 68550,Y,1988,126
1988-05-06,6.9,Y,,,6.9,Hoburg 68550,Y,1988,127
1988-05-07,9.8,Y,,,9.8,Hoburg 68550,Y,1988,128
1988-05-08,9.6,Y,,,9.6,Hoburg 68550,Y,1988,129
1988-05-09,9.6,Y,,,9.6,Hoburg 68550,Y,1988,130
1988-05-10,6.4,Y,,,6.4,Hoburg 68550,Y,1988,131
1988-05-11,10.5,Y,,,10.5,Hoburg 68550,Y,1988,132
1988-05-12,12.3,Y,,,12.3,Hoburg 68550,Y,1988,133
1988-05-13,13.3,Y,,,13.3,Hoburg 68550,Y,1988,134
1988-05-14,13.2,Y,,,13.2,Hoburg 68550,Y,1988,135
1988-05-15,10.3,Y,,,10.3,Hoburg 68550,Y,1988,136
1988-05-16,8.6,Y,,,8.6,Hoburg 68550,Y,1988,137
1988-05-17,8.8,Y,,,8.8,Hoburg 68550,Y,1988,138
1988-05-18,9.2,Y,,,9.2,Hoburg 68550,Y,1988,139
1988-05-19,8.7,Y,,,8.7,Hoburg 68550,Y,1988,140
1988-05-20,8.9,Y,,,8.9,Hoburg 68550,Y,1988,141
1988-05-21,7.9,Y,,,7.9,Hoburg 68550,Y,1988,142
1988-05-22,8.6,Y,,,8.6,Hoburg 68550,Y,1988,143
1988-05-23,8.5,Y,,,8.5,Hoburg 68550,Y,1988,144
1988-05-24,8.8,Y,,,8.8,Hoburg 68550,Y,1988,145
1988-05-25,8,Y,,,8,Hoburg 68550,Y,1988,146
1988-05-26,10.3,Y,,,10.3,Hoburg 68550,Y,1988,147
1988-05-27,14.2,Y,,,14.2,Hoburg 68550,Y,1988,148
1988-05-28,15.9,Y,,,15.9,Hoburg 68550,Y,1988,149
1988-05-29,15.6,Y,,,15.6,Hoburg 68550,Y,1988,150
1988-05-30,14.9,Y,,,14.9,Hoburg 68550,Y,1988,151
1988-05-31,13.3,Y,,,13.3,Hoburg 68550,Y,1988,152
1988-06-01,12.7,Y,,,12.7,Hoburg 68550,Y,1988,153
1988-06-02,10.8,Y,,,10.8,Hoburg 68550,Y,1988,154
1988-06-03,12.4,Y,,,12.4,Hoburg 68550,Y,1988,155
1988-06-04,12.6,Y,,,12.6,Hoburg 68550,Y,1988,156
1988-06-05,11.3,Y,,,11.3,Hoburg 68550,Y,1988,157
1988-06-06,14.6,Y,,,14.6,Hoburg 68550,Y,1988,158
1988-06-07,15.1,Y,,,15.1,Hoburg 68550,Y,1988,159
1988-06-08,18,Y,,,18,Hoburg 68550,Y,1988,160
1988-06-09,17.1,Y,,,17.1,Hoburg 68550,Y,1988,161
1988-06-10,15.1,Y,,,15.1,Hoburg 68550,Y,1988,162
1988-06-11,11.7,Y,,,11.7,Hoburg 68550,Y,1988,163
1988-06-12,11.4,Y,,,11.4,Hoburg 68550,Y,1988,164
1988-06-13,13,Y,,,13,Hoburg 68550,Y,1988,165
1988-06-14,12.3,Y,,,12.3,Hoburg 68550,Y,1988,166
1988-06-15,13.3,Y,,,13.3,Hoburg 68550,Y,1988,167
1988-06-16,13.1,Y,,,13.1,Hoburg 68550,Y,1988,168
1988-06-17,14.6,Y,,,14.6,Hoburg 68550,Y,1988,169
1988-06-18,15.9,Y,,,15.9,Hoburg 68550,Y,1988,170
1988-06-19,16.9,Y,,,16.9,Hoburg 68550,Y,1988,171
1988-06-20,13.9,Y,,,13.9,Hoburg 68550,Y,1988,172
1988-06-21,14.5,Y,,,14.5,Hoburg 68550,Y,1988,173
1988-06-22,14.7,Y,,,14.7,Hoburg 68550,Y,1988,174
1988-06-23,13.9,Y,,,13.9,Hoburg 68550,Y,1988,175
1988-06-24,15.6,Y,,,15.6,Hoburg 68550,Y,1988,176
1988-06-25,14,Y,,,14,Hoburg 68550,Y,1988,177
1988-06-26,15.6,Y,,,15.6,Hoburg 68550,Y,1988,178
1988-06-27,15.6,Y,,,15.6,Hoburg 68550,Y,1988,179
1988-06-28,16.6,Y,,,16.6,Hoburg 68550,Y,1988,180
1988-06-29,18.3,Y,,,18.3,Hoburg 68550,Y,1988,181
1988-06-30,18.8,Y,,,18.8,Hoburg 68550,Y,1988,182
1988-07-01,18.7,Y,,,18.7,Hoburg 68550,Y,1988,183
1988-07-02,18.1,Y,,,18.1,Hoburg 68550,Y,1988,184
1988-07-03,17.7,Y,,,17.7,Hoburg 68550,Y,1988,185
1988-07-04,17.8,Y,,,17.8,Hoburg 68550,Y,1988,186
1988-07-05,19,Y,,,19,Hoburg 68550,Y,1988,187
1988-07-06,18.5,Y,,,18.5,Hoburg 68550,Y,1988,188
1988-07-07,17.8,Y,,,17.8,Hoburg 68550,Y,1988,189
1988-07-08,18.1,Y,,,18.1,Hoburg 68550,Y,1988,190
1988-07-09,16.9,Y,,,16.9,Hoburg 68550,Y,1988,191
1988-07-10,17.2,Y,,,17.2,Hoburg 68550,Y,1988,192
1988-07-11,18,Y,,,18,Hoburg 68550,Y,1988,193
1988-07-12,17.8,Y,,,17.8,Hoburg 68550,Y,1988,194
1988-07-13,18.7,Y,,,18.7,Hoburg 68550,Y,1988,195
1988-07-14,18.1,Y,,,18.1,Hoburg 68550,Y,1988,196
1988-07-15,17.7,Y,,,17.7,Hoburg 68550,Y,1988,197
1988-07-16,17.5,Y,,,17.5,Hoburg 68550,Y,1988,198
1988-07-17,17.8,Y,,,17.8,Hoburg 68550,Y,1988,199
1988-07-18,18.3,Y,,,18.3,Hoburg 68550,Y,1988,200
1988-07-19,17.7,Y,,,17.7,Hoburg 68550,Y,1988,201
1988-07-20,18.4,Y,,,18.4,Hoburg 68550,Y,1988,202
1988-07-21,18.1,Y,,,18.1,Hoburg 68550,Y,1988,203
1988-07-22,16.7,Y,,,16.7,Hoburg 68550,Y,1988,204
1988-07-23,17.3,Y,,,17.3,Hoburg 68550,Y,1988,205
1988-07-24,17.5,Y,,,17.5,Hoburg 68550,Y,1988,206
1988-07-25,17.7,Y,,,17.7,Hoburg 68550,Y,1988,207
1988-07-26,18.7,Y,,,18.7,Hoburg 68550,Y,1988,208
1988-07-27,15.8,Y,,,15.8,Hoburg 68550,Y,1988,209
1988-07-28,14.7,Y,,,14.7,Hoburg 68550,Y,1988,210
1988-07-29,16.4,Y,,,16.4,Hoburg 68550,Y,1988,211
1988-07-30,16,Y,,,16,Hoburg 68550,Y,1988,212
1988-07-31,16.1,Y,,,16.1,Hoburg 68550,Y,1988,213
1988-08-01,15.5,Y,,,15.5,Hoburg 68550,Y,1988,214
1988-08-02,13.7,Y,,,13.7,Hoburg 68550,Y,1988,215
1988-08-03,14.3,Y,,,14.3,Hoburg 68550,Y,1988,216
1988-08-04,15.3,Y,,,15.3,Hoburg 68550,Y,1988,217
1988-08-05,14.4,Y,,,14.4,Hoburg 68550,Y,1988,218
1988-08-06,17.1,Y,,,17.1,Hoburg 68550,Y,1988,219
1988-08-07,16.6,Y,,,16.6,Hoburg 68550,Y,1988,220
1988-08-08,16.7,Y,,,16.7,Hoburg 68550,Y,1988,221
1988-08-09,17.3,Y,,,17.3,Hoburg 68550,Y,1988,222
1988-08-10,16.5,Y,,,16.5,Hoburg 68550,Y,1988,223
1988-08-11,18,Y,,,18,Hoburg 68550,Y,1988,224
1988-08-12,17.6,Y,,,17.6,Hoburg 68550,Y,1988,225
1988-08-13,17.1,Y,,,17.1,Hoburg 68550,Y,1988,226
1988-08-14,16.4,Y,,,16.4,Hoburg 68550,Y,1988,227
1988-08-15,16.6,Y,,,16.6,Hoburg 68550,Y,1988,228
1988-08-16,16,Y,,,16,Hoburg 68550,Y,1988,229
1988-08-17,16.5,Y,,,16.5,Hoburg 68550,Y,1988,230
1988-08-18,15.3,Y,,,15.3,Hoburg 68550,Y,1988,231
1988-08-19,14.3,Y,,,14.3,Hoburg 68550,Y,1988,232
1988-08-20,16.5,Y,,,16.5,Hoburg 68550,Y,1988,233
1988-08-21,16.2,Y,,,16.2,Hoburg 68550,Y,1988,234
1988-08-22,16.5,Y,,,16.5,Hoburg 68550,Y,1988,235
1988-08-23,15,Y,,,15,Hoburg 68550,Y,1988,236
1988-08-24,14.6,Y,,,14.6,Hoburg 68550,Y,1988,237
1988-08-25,15.4,Y,,,15.4,Hoburg 68550,Y,1988,238
1988-08-26,16.6,Y,,,16.6,Hoburg 68550,Y,1988,239
1988-08-27,15.1,Y,,,15.1,Hoburg 68550,Y,1988,240
1988-08-28,16.1,Y,,,16.1,Hoburg 68550,Y,1988,241
1988-08-29,16.8,Y,,,16.8,Hoburg 68550,Y,1988,242
1988-08-30,15.4,Y,,,15.4,Hoburg 68550,Y,1988,243
1988-08-31,15.8,Y,,,15.8,Hoburg 68550,Y,1988,244
1988-09-01,16.2,Y,,,16.2,Hoburg 68550,Y,1988,245
1988-09-02,17.5,Y,,,17.5,Hoburg 68550,Y,1988,246
1988-09-03,15.6,Y,,,15.6,Hoburg 68550,Y,1988,247
1988-09-04,15.3,Y,,,15.3,Hoburg 68550,Y,1988,248
1988-09-05,14.9,Y,,,14.9,Hoburg 68550,Y,1988,249
1988-09-06,14.5,Y,,,14.5,Hoburg 68550,Y,1988,250
1988-09-07,15.2,Y,,,15.2,Hoburg 68550,Y,1988,251
1988-09-08,15.4,Y,,,15.4,Hoburg 68550,Y,1988,252
1988-09-09,14.8,Y,,,14.8,Hoburg 68550,Y,1988,253
1988-09-10,15.8,Y,,,15.8,Hoburg 68550,Y,1988,254
1988-09-11,14.8,Y,,,14.8,Hoburg 68550,Y,1988,255
1988-09-12,13.9,Y,,,13.9,Hoburg 68550,Y,1988,256
1988-09-13,12.3,Y,,,12.3,Hoburg 68550,Y,1988,257
1988-09-14,12.5,Y,,,12.5,Hoburg 68550,Y,1988,258
1988-09-15,12.7,Y,,,12.7,Hoburg 68550,Y,1988,259
1988-09-16,13.4,Y,,,13.4,Hoburg 68550,Y,1988,260
1988-09-17,13.8,Y,,,13.8,Hoburg 68550,Y,1988,261
1988-09-18,12.7,Y,,,12.7,Hoburg 68550,Y,1988,262
1988-09-19,14.5,Y,,,14.5,Hoburg 68550,Y,1988,263
1988-09-20,15.2,Y,,,15.2,Hoburg 68550,Y,1988,264
1988-09-21,14.6,Y,,,14.6,Hoburg 68550,Y,1988,265
1988-09-22,14.2,Y,,,14.2,Hoburg 68550,Y,1988,266
1988-09-23,14,Y,,,14,Hoburg 68550,Y,1988,267
1988-09-24,12.2,Y,,,12.2,Hoburg 68550,Y,1988,268
1988-09-25,12,Y,,,12,Hoburg 68550,Y,1988,269
1988-09-26,11.8,Y,,,11.8,Hoburg 68550,Y,1988,270
1988-09-27,12,Y,,,12,Hoburg 68550,Y,1988,271
1988-09-28,12.8,Y,,,12.8,Hoburg 68550,Y,1988,272
1988-09-29,11.8,Y,,,11.8,Hoburg 68550,Y,1988,273
1988-09-30,10.5,Y,,,10.5,Hoburg 68550,Y,1988,274
1988-10-01,9.8,Y,,,9.8,Hoburg 68550,Y,1988,275
1988-10-02,10.5,Y,,,10.5,Hoburg 68550,Y,1988,276
1988-10-03,10.3,Y,,,10.3,Hoburg 68550,Y,1988,277
1988-10-04,11.6,Y,,,11.6,Hoburg 68550,Y,1988,278
1988-10-05,12.4,Y,,,12.4,Hoburg 68550,Y,1988,279
1988-10-06,11.7,Y,,,11.7,Hoburg 68550,Y,1988,280
1988-10-07,10.1,Y,,,10.1,Hoburg 68550,Y,1988,281
1988-10-08,9.2,Y,,,9.2,Hoburg 68550,Y,1988,282
1988-10-09,9.3,Y,,,9.3,Hoburg 68550,Y,1988,283
1988-10-10,9.8,Y,,,9.8,Hoburg 68550,Y,1988,284
1988-10-11,6.7,Y,,,6.7,Hoburg 68550,Y,1988,285
1988-10-12,7.7,Y,,,7.7,Hoburg 68550,Y,1988,286
1988-10-13,9.6,Y,,,9.6,Hoburg 68550,Y,1988,287
1988-10-14,9.7,Y,,,9.7,Hoburg 68550,Y,1988,288
1988-10-15,9.6,Y,,,9.6,Hoburg 68550,Y,1988,289
1988-10-16,9.7,Y,,,9.7,Hoburg 68550,Y,1988,290
1988-10-17,9.3,Y,,,9.3,Hoburg 68550,Y,1988,291
1988-10-18,9.4,Y,,,9.4,Hoburg 68550,Y,1988,292
1988-10-19,7.3,Y,,,7.3,Hoburg 68550,Y,1988,293
1988-10-20,7.4,Y,,,7.4,Hoburg 68550,Y,1988,294
1988-10-21,6.7,Y,,,6.7,Hoburg 68550,Y,1988,295
1988-10-22,6.1,Y,,,6.1,Hoburg 68550,Y,1988,296
1988-10-23,6.6,Y,,,6.6,Hoburg 68550,Y,1988,297
1988-10-24,1.9,Y,,,1.9,Hoburg 68550,Y,1988,298
1988-10-25,1.6,Y,,,1.6,Hoburg 68550,Y,1988,299
1988-10-26,3.4,Y,,,3.4,Hoburg 68550,Y,1988,300
1988-10-27,7.6,Y,,,7.6,Hoburg 68550,Y,1988,301
1988-10-28,8.8,Y,,,8.8,Hoburg 68550,Y,1988,302
1988-10-29,2.2,Y,,,2.2,Hoburg 68550,Y,1988,303
1988-10-30,0.5,Y,,,0.5,Hoburg 68550,Y,1988,304
1988-10-31,2,Y,,,2,Hoburg 68550,Y,1988,305
1988-11-01,4.3,Y,,,4.3,Hoburg 68550,Y,1988,306
1988-11-02,1.3,Y,,,1.3,Hoburg 68550,Y,1988,307
1988-11-03,2.1,Y,,,2.1,Hoburg 68550,Y,1988,308
1988-11-04,4.4,Y,,,4.4,Hoburg 68550,Y,1988,309
1988-11-05,3.7,Y,,,3.7,Hoburg 68550,Y,1988,310
1988-11-06,4.5,Y,,,4.5,Hoburg 68550,Y,1988,311
1988-11-07,2.9,Y,,,2.9,Hoburg 68550,Y,1988,312
1988-11-08,1,Y,,,1,Hoburg 68550,Y,1988,313
1988-11-09,0.6,Y,,,0.6,Hoburg 68550,Y,1988,314
1988-11-10,2.4,Y,,,2.4,Hoburg 68550,Y,1988,315
1988-11-11,4.6,Y,,,4.6,Hoburg 68550,Y,1988,316
1988-11-12,5.4,Y,,,5.4,Hoburg 68550,Y,1988,317
1988-11-13,4.6,Y,,,4.6,Hoburg 68550,Y,1988,318
1988-11-14,3.4,Y,,,3.4,Hoburg 68550,Y,1988,319
1988-11-15,2.4,Y,,,2.4,Hoburg 68550,Y,1988,320
1988-11-16,3.8,Y,,,3.8,Hoburg 68550,Y,1988,321
1988-11-17,5.7,Y,,,5.7,Hoburg 68550,Y,1988,322
1988-11-18,3.6,Y,,,3.6,Hoburg 68550,Y,1988,323
1988-11-19,-1.1,Y,,,-1.1,Hoburg 68550,Y,1988,324
1988-11-20,-2.3,Y,,,-2.3,Hoburg 68550,Y,1988,325
1988-11-21,-3.8,Y,,,-3.8,Hoburg 68550,Y,1988,326
1988-11-22,0.7,Y,,,0.7,Hoburg 68550,Y,1988,327
1988-11-23,1.5,Y,,,1.5,Hoburg 68550,Y,1988,328
1988-11-24,2.3,Y,,,2.3,Hoburg 68550,Y,1988,329
1988-11-25,4.2,Y,,,4.2,Hoburg 68550,Y,1988,330
1988-11-26,1.2,Y,,,1.2,Hoburg 68550,Y,1988,331
1988-11-27,-0.3,Y,,,-0.3,Hoburg 68550,Y,1988,332
1988-11-28,1.2,Y,,,1.2,Hoburg 68550,Y,1988,333
1988-11-29,-0.4,Y,,,-0.4,Hoburg 68550,Y,1988,334
1988-11-30,-3.6,Y,,,-3.6,Hoburg 68550,Y,1988,335
1988-12-01,-3.7,Y,,,-3.7,Hoburg 68550,Y,1988,336
1988-12-02,-1.2,Y,,,-1.2,Hoburg 68550,Y,1988,337
1988-12-03,-1.5,Y,,,-1.5,Hoburg 68550,Y,1988,338
1988-12-04,-0.4,Y,,,-0.4,Hoburg 68550,Y,1988,339
1988-12-05,0.9,Y,,,0.9,Hoburg 68550,Y,1988,340
1988-12-06,0.4,Y,,,0.4,Hoburg 68550,Y,1988,341
1988-12-07,0.7,Y,,,0.7,Hoburg 68550,Y,1988,342
1988-12-08,1.4,Y,,,1.4,Hoburg 68550,Y,1988,343
1988-12-09,2.4,Y,,,2.4,Hoburg 68550,Y,1988,344
1988-12-10,0.2,Y,,,0.2,Hoburg 68550,Y,1988,345
1988-12-11,1.6,Y,,,1.6,Hoburg 68550,Y,1988,346
1988-12-12,-0.8,Y,,,-0.8,Hoburg 68550,Y,1988,347
1988-12-13,0.4,Y,,,0.4,Hoburg 68550,Y,1988,348
1988-12-14,-0.1,Y,,,-0.1,Hoburg 68550,Y,1988,349
1988-12-15,-1.8,Y,,,-1.8,Hoburg 68550,Y,1988,350
1988-12-16,0.7,Y,,,0.7,Hoburg 68550,Y,1988,351
1988-12-17,2.2,Y,,,2.2,Hoburg 68550,Y,1988,352
1988-12-18,0.5,Y,,,0.5,Hoburg 68550,Y,1988,353
1988-12-19,1,Y,,,1,Hoburg 68550,Y,1988,354
1988-12-20,-2.9,Y,,,-2.9,Hoburg 68550,Y,1988,355
1988-12-21,2.1,Y,,,2.1,Hoburg 68550,Y,1988,356
1988-12-22,3.3,Y,,,3.3,Hoburg 68550,Y,1988,357
1988-12-23,3.2,Y,,,3.2,Hoburg 68550,Y,1988,358
1988-12-24,2.1,Y,,,2.1,Hoburg 68550,Y,1988,359
1988-12-25,-0.9,Y,,,-0.9,Hoburg 68550,Y,1988,360
1988-12-26,3.1,Y,,,3.1,Hoburg 68550,Y,1988,361
1988-12-27,4.4,Y,,,4.4,Hoburg 68550,Y,1988,362
1988-12-28,2.8,Y,,,2.8,Hoburg 68550,Y,1988,363
1988-12-29,4.7,Y,,,4.7,Hoburg 68550,Y,1988,364
1988-12-30,4.2,Y,,,4.2,Hoburg 68550,Y,1988,365
1988-12-31,3.6,Y,,,3.6,Hoburg 68550,Y,1988,366
1989-01-01,0.7,Y,,,0.7,Hoburg 68550,Y,1989,1
1989-01-02,2.5,Y,,,2.5,Hoburg 68550,Y,1989,2
1989-01-03,3.4,Y,,,3.4,Hoburg 68550,Y,1989,3
1989-01-04,2.3,Y,,,2.3,Hoburg 68550,Y,1989,4
1989-01-05,3,Y,,,3,Hoburg 68550,Y,1989,5
1989-01-06,2.1,Y,,,2.1,Hoburg 68550,Y,1989,6
1989-01-07,2,Y,,,2,Hoburg 68550,Y,1989,7
1989-01-08,1.4,Y,,,1.4,Hoburg 68550,Y,1989,8
1989-01-09,4.1,Y,,,4.1,Hoburg 68550,Y,1989,9
1989-01-10,3.8,Y,,,3.8,Hoburg 68550,Y,1989,10
1989-01-11,2.5,Y,,,2.5,Hoburg 68550,Y,1989,11
1989-01-12,2.5,Y,,,2.5,Hoburg 68550,Y,1989,12
1989-01-13,3.8,Y,,,3.8,Hoburg 68550,Y,1989,13
1989-01-14,3.2,Y,,,3.2,Hoburg 68550,Y,1989,14
1989-01-15,5,Y,,,5,Hoburg 68550,Y,1989,15
1989-01-16,5.5,Y,,,5.5,Hoburg 68550,Y,1989,16
1989-01-17,4.4,Y,,,4.4,Hoburg 68550,Y,1989,17
1989-01-18,3.4,Y,,,3.4,Hoburg 68550,Y,1989,18
1989-01-19,4.3,Y,,,4.3,Hoburg 68550,Y,1989,19
1989-01-20,3.7,Y,,,3.7,Hoburg 68550,Y,1989,20
1989-01-21,1.6,Y,,,1.6,Hoburg 68550,Y,1989,21
1989-01-22,3.3,Y,,,3.3,Hoburg 68550,Y,1989,22
1989-01-23,1.8,Y,,,1.8,Hoburg 68550,Y,1989,23
1989-01-24,4.2,Y,,,4.2,Hoburg 68550,Y,1989,24
1989-01-25,3.6,Y,,,3.6,Hoburg 68550,Y,1989,25
1989-01-26,1.5,Y,,,1.5,Hoburg 68550,Y,1989,26
1989-01-27,1.9,Y,,,1.9,Hoburg 68550,Y,1989,27
1989-01-28,3.5,Y,,,3.5,Hoburg 68550,Y,1989,28
1989-01-29,2.8,Y,,,2.8,Hoburg 68550,Y,1989,29
1989-01-30,4.7,Y,,,4.7,Hoburg 68550,Y,1989,30
1989-01-31,4.1,Y,,,4.1,Hoburg 68550,Y,1989,31
1989-02-01,3.3,Y,,,3.3,Hoburg 68550,Y,1989,32
1989-02-02,3.6,Y,,,3.6,Hoburg 68550,Y,1989,33
1989-02-03,3.5,Y,,,3.5,Hoburg 68550,Y,1989,34
1989-02-04,3.1,Y,,,3.1,Hoburg 68550,Y,1989,35
1989-02-05,3.7,Y,,,3.7,Hoburg 68550,Y,1989,36
1989-02-06,4.4,Y,,,4.4,Hoburg 68550,Y,1989,37
1989-02-07,5.1,Y,,,5.1,Hoburg 68550,Y,1989,38
1989-02-08,5,Y,,,5,Hoburg 68550,Y,1989,39
1989-02-09,2.2,Y,,,2.2,Hoburg 68550,Y,1989,40
1989-02-10,2.5,Y,,,2.5,Hoburg 68550,Y,1989,41
1989-02-11,2.7,Y,,,2.7,Hoburg 68550,Y,1989,42
1989-02-12,2.9,Y,,,2.9,Hoburg 68550,Y,1989,43
1989-02-13,2.5,Y,,,2.5,Hoburg 68550,Y,1989,44
1989-02-14,2.2,Y,,,2.2,Hoburg 68550,Y,1989,45
1989-02-15,1.9,Y,,,1.9,Hoburg 68550,Y,1989,46
1989-02-16,2.3,Y,,,2.3,Hoburg 68550,Y,1989,47
1989-02-17,0.8,Y,,,0.8,Hoburg 68550,Y,1989,48
1989-02-18,1.5,Y,,,1.5,Hoburg 68550,Y,1989,49
1989-02-19,3.8,Y,,,3.8,Hoburg 68550,Y,1989,50
1989-02-20,2.5,Y,,,2.5,Hoburg 68550,Y,1989,51
1989-02-21,2.7,Y,,,2.7,Hoburg 68550,Y,1989,52
1989-02-22,2.2,Y,,,2.2,Hoburg 68550,Y,1989,53
1989-02-23,2.4,Y,,,2.4,Hoburg 68550,Y,1989,54
1989-02-24,1.7,Y,,,1.7,Hoburg 68550,Y,1989,55
1989-02-25,3.2,Y,,,3.2,Hoburg 68550,Y,1989,56
1989-02-26,5,Y,,,5,Hoburg 68550,Y,1989,57
1989-02-27,3.2,Y,,,3.2,Hoburg 68550,Y,1989,58
1989-02-28,2.6,Y,,,2.6,Hoburg 68550,Y,1989,59
1989-03-01,2.6,Y,,,2.6,Hoburg 68550,Y,1989,60
1989-03-02,2.8,Y,,,2.8,Hoburg 68550,Y,1989,61
1989-03-03,3.5,Y,,,3.5,Hoburg 68550,Y,1989,62
1989-03-04,1.8,Y,,,1.8,Hoburg 68550,Y,1989,63
1989-03-05,3.3,Y,,,3.3,Hoburg 68550,Y,1989,64
1989-03-06,2.9,Y,,,2.9,Hoburg 68550,Y,1989,65
1989-03-07,1.5,Y,,,1.5,Hoburg 68550,Y,1989,66
1989-03-08,2,Y,,,2,Hoburg 68550,Y,1989,67
1989-03-09,2.2,Y,,,2.2,Hoburg 68550,Y,1989,68
1989-03-10,2.6,Y,,,2.6,Hoburg 68550,Y,1989,69
1989-03-11,3.5,Y,,,3.5,Hoburg 68550,Y,1989,70
1989-03-12,2.9,Y,,,2.9,Hoburg 68550,Y,1989,71
1989-03-13,2.2,Y,,,2.2,Hoburg 68550,Y,1989,72
1989-03-14,3.9,Y,,,3.9,Hoburg 68550,Y,1989,73
1989-03-15,3.2,Y,,,3.2,Hoburg 68550,Y,1989,74
1989-03-16,3,Y,,,3,Hoburg 68550,Y,1989,75
1989-03-17,2,Y,,,2,Hoburg 68550,Y,1989,76
1989-03-18,2.9,Y,,,2.9,Hoburg 68550,Y,1989,77
1989-03-19,3.8,Y,,,3.8,Hoburg 68550,Y,1989,78
1989-03-20,4.4,Y,,,4.4,Hoburg 68550,Y,1989,79
1989-03-21,4.2,Y,,,4.2,Hoburg 68550,Y,1989,80
1989-03-22,3.5,Y,,,3.5,Hoburg 68550,Y,1989,81
1989-03-23,4.2,Y,,,4.2,Hoburg 68550,Y,1989,82
1989-03-24,3.2,Y,,,3.2,Hoburg 68550,Y,1989,83
1989-03-25,3.5,Y,,,3.5,Hoburg 68550,Y,1989,84
1989-03-26,3.4,Y,,,3.4,Hoburg 68550,Y,1989,85
1989-03-27,4.1,Y,,,4.1,Hoburg 68550,Y,1989,86
1989-03-28,4.9,Y,,,4.9,Hoburg 68550,Y,1989,87
1989-03-29,5.3,Y,,,5.3,Hoburg 68550,Y,1989,88
1989-03-30,4.2,Y,,,4.2,Hoburg 68550,Y,1989,89
1989-03-31,4.5,Y,,,4.5,Hoburg 68550,Y,1989,90
1989-04-01,0.2,Y,,,0.2,Hoburg 68550,Y,1989,91
1989-04-02,-2,Y,,,-2,Hoburg 68550,Y,1989,92
1989-04-03,-1,Y,,,-1,Hoburg 68550,Y,1989,93
1989-04-04,-0.2,Y,,,-0.2,Hoburg 68550,Y,1989,94
1989-04-05,2.7,Y,,,2.7,Hoburg 68550,Y,1989,95
1989-04-06,2.4,Y,,,2.4,Hoburg 68550,Y,1989,96
1989-04-07,3.2,Y,,,3.2,Hoburg 68550,Y,1989,97
1989-04-08,4,Y,,,4,Hoburg 68550,Y,1989,98
1989-04-09,4.2,Y,,,4.2,Hoburg 68550,Y,1989,99
1989-04-10,4.6,Y,,,4.6,Hoburg 68550,Y,1989,100
1989-04-11,5.1,Y,,,5.1,Hoburg 68550,Y,1989,101
1989-04-12,7.4,Y,,,7.4,Hoburg 68550,Y,1989,102
1989-04-13,8.4,Y,,,8.4,Hoburg 68550,Y,1989,103
1989-04-14,10.1,Y,,,10.1,Hoburg 68550,Y,1989,104
1989-04-15,9.3,Y,,,9.3,Hoburg 68550,Y,1989,105
1989-04-16,4.1,Y,,,4.1,Hoburg 68550,Y,1989,106
1989-04-17,3.2,Y,,,3.2,Hoburg 68550,Y,1989,107
1989-04-18,3.1,Y,,,3.1,Hoburg 68550,Y,1989,108
1989-04-19,4.2,Y,,,4.2,Hoburg 68550,Y,1989,109
1989-04-20,5,Y,,,5,Hoburg 68550,Y,1989,110
1989-04-21,4.2,Y,,,4.2,Hoburg 68550,Y,1989,111
1989-04-22,7,Y,,,7,Hoburg 68550,Y,1989,112
1989-04-23,5.4,Y,,,5.4,Hoburg 68550,Y,1989,113
1989-04-24,5,Y,,,5,Hoburg 68550,Y,1989,114
1989-04-25,6.7,Y,,,6.7,Hoburg 68550,Y,1989,115
1989-04-26,8.2,Y,,,8.2,Hoburg 68550,Y,1989,116
1989-04-27,6.8,Y,,,6.8,Hoburg 68550,Y,1989,117
1989-04-28,6.6,Y,,,6.6,Hoburg 68550,Y,1989,118
1989-04-29,5.9,Y,,,5.9,Hoburg 68550,Y,1989,119
1989-04-30,7.2,Y,,,7.2,Hoburg 68550,Y,1989,120
1989-05-01,7.8,Y,,,7.8,Hoburg 68550,Y,1989,121
1989-05-02,8.6,Y,,,8.6,Hoburg 68550,Y,1989,122
1989-05-03,9.5,Y,,,9.5,Hoburg 68550,Y,1989,123
1989-05-04,8.2,Y,,,8.2,Hoburg 68550,Y,1989,124
1989-05-05,8.3,Y,,,8.3,Hoburg 68550,Y,1989,125
1989-05-06,8,Y,,,8,Hoburg 68550,Y,1989,126
1989-05-07,8.4,Y,,,8.4,Hoburg 68550,Y,1989,127
1989-05-08,8.5,Y,,,8.5,Hoburg 68550,Y,1989,128
1989-05-09,8.3,Y,,,8.3,Hoburg 68550,Y,1989,129
1989-05-10,7.8,Y,,,7.8,Hoburg 68550,Y,1989,130
1989-05-11,7.8,Y,,,7.8,Hoburg 68550,Y,1989,131
1989-05-12,7.1,Y,,,7.1,Hoburg 68550,Y,1989,132
1989-05-13,8.6,Y,,,8.6,Hoburg 68550,Y,1989,133
1989-05-14,8.6,Y,,,8.6,Hoburg 68550,Y,1989,134
1989-05-15,9.6,Y,,,9.6,Hoburg 68550,Y,1989,135
1989-05-16,10.8,Y,,,10.8,Hoburg 68550,Y,1989,136
1989-05-17,11.3,Y,,,11.3,Hoburg 68550,Y,1989,137
1989-05-18,10.8,Y,,,10.8,Hoburg 68550,Y,1989,138
1989-05-19,10.8,Y,,,10.8,Hoburg 68550,Y,1989,139
1989-05-20,12.1,Y,,,12.1,Hoburg 68550,Y,1989,140
1989-05-21,10.1,Y,,,10.1,Hoburg 68550,Y,1989,141
1989-05-22,9.7,Y,,,9.7,Hoburg 68550,Y,1989,142
1989-05-23,13.1,Y,,,13.1,Hoburg 68550,Y,1989,143
1989-05-24,15.9,Y,,,15.9,Hoburg 68550,Y,1989,144
1989-05-25,15.3,Y,,,15.3,Hoburg 68550,Y,1989,145
1989-05-26,14.8,Y,,,14.8,Hoburg 68550,Y,1989,146
1989-05-27,12.6,Y,,,12.6,Hoburg 68550,Y,1989,147
1989-05-28,11,Y,,,11,Hoburg 68550,Y,1989,148
1989-05-29,12.2,Y,,,12.2,Hoburg 68550,Y,1989,149
1989-05-30,11.6,Y,,,11.6,Hoburg 68550,Y,1989,150
1989-05-31,11.3,Y,,,11.3,Hoburg 68550,Y,1989,151
1989-06-01,10.9,Y,,,10.9,Hoburg 68550,Y,1989,152
1989-06-02,12.3,Y,,,12.3,Hoburg 68550,Y,1989,153
1989-06-03,11.1,Y,,,11.1,Hoburg 68550,Y,1989,154
1989-06-04,10.7,Y,,,10.7,Hoburg 68550,Y,1989,155
1989-06-05,11.3,Y,,,11.3,Hoburg 68550,Y,1989,156
1989-06-06,12,Y,,,12,Hoburg 68550,Y,1989,157
1989-06-07,10.9,Y,,,10.9,Hoburg 68550,Y,1989,158
1989-06-08,12,Y,,,12,Hoburg 68550,Y,1989,159
1989-06-09,12.8,Y,,,12.8,Hoburg 68550,Y,1989,160
1989-06-10,13.2,Y,,,13.2,Hoburg 68550,Y,1989,161
1989-06-11,13.6,Y,,,13.6,Hoburg 68550,Y,1989,162
1989-06-12,14.9,Y,,,14.9,Hoburg 68550,Y,1989,163
1989-06-13,15.6,Y,,,15.6,Hoburg 68550,Y,1989,164
1989-06-14,10.9,Y,,,10.9,Hoburg 68550,Y,1989,165
1989-06-15,11.4,Y,,,11.4,Hoburg 68550,Y,1989,166
1989-06-16,11.4,Y,,,11.4,Hoburg 68550,Y,1989,167
1989-06-17,13.4,Y,,,13.4,Hoburg 68550,Y,1989,168
1989-06-18,15.5,Y,,,15.5,Hoburg 68550,Y,1989,169
1989-06-19,15.4,Y,,,15.4,Hoburg 68550,Y,1989,170
1989-06-20,15.7,Y,,,15.7,Hoburg 68550,Y,1989,171
1989-06-21,18.8,Y,,,18.8,Hoburg 68550,Y,1989,172
1989-06-22,18.9,Y,,,18.9,Hoburg 68550,Y,1989,173
1989-06-23,18.6,Y,,,18.6,Hoburg 68550,Y,1989,174
1989-06-24,17.1,Y,,,17.1,Hoburg 68550,Y,1989,175
1989-06-25,16.2,Y,,,16.2,Hoburg 68550,Y,1989,176
1989-06-26,17.4,Y,,,17.4,Hoburg 68550,Y,1989,177
1989-06-27,17.3,Y,,,17.3,Hoburg 68550,Y,1989,178
1989-06-28,17.1,Y,,,17.1,Hoburg 68550,Y,1989,179
1989-06-29,16.8,Y,,,16.8,Hoburg 68550,Y,1989,180
1989-06-30,14,Y,,,14,Hoburg 68550,Y,1989,181
1989-07-01,14.7,Y,,,14.7,Hoburg 68550,Y,1989,182
1989-07-02,15.5,Y,,,15.5,Hoburg 68550,Y,1989,183
1989-07-03,15.9,Y,,,15.9,Hoburg 68550,Y,1989,184
1989-07-04,18.9,Y,,,18.9,Hoburg 68550,Y,1989,185
1989-07-05,20.9,Y,,,20.9,Hoburg 68550,Y,1989,186
1989-07-06,20.1,Y,,,20.1,Hoburg 68550,Y,1989,187
1989-07-07,19.7,Y,,,19.7,Hoburg 68550,Y,1989,188
1989-07-08,21.6,Y,,,21.6,Hoburg 68550,Y,1989,189
1989-07-09,21.4,Y,,,21.4,Hoburg 68550,Y,1989,190
1989-07-10,19.1,Y,,,19.1,Hoburg 68550,Y,1989,191
1989-07-11,18.9,Y,,,18.9,Hoburg 68550,Y,1989,192
1989-07-12,18.1,Y,,,18.1,Hoburg 68550,Y,1989,193
1989-07-13,16.9,Y,,,16.9,Hoburg 68550,Y,1989,194
1989-07-14,15.8,Y,,,15.8,Hoburg 68550,Y,1989,195
1989-07-15,15.1,Y,,,15.1,Hoburg 68550,Y,1989,196
1989-07-16,14.6,Y,,,14.6,Hoburg 68550,Y,1989,197
1989-07-17,14.4,Y,,,14.4,Hoburg 68550,Y,1989,198
1989-07-18,12.7,Y,,,12.7,Hoburg 68550,Y,1989,199
1989-07-19,14.8,Y,,,14.8,Hoburg 68550,Y,1989,200
1989-07-20,15.4,Y,,,15.4,Hoburg 68550,Y,1989,201
1989-07-21,15.8,Y,,,15.8,Hoburg 68550,Y,1989,202
1989-07-22,17,Y,,,17,Hoburg 68550,Y,1989,203
1989-07-23,19.8,Y,,,19.8,Hoburg 68550,Y,1989,204
1989-07-24,19.1,Y,,,19.1,Hoburg 68550,Y,1989,205
1989-07-25,18.4,Y,,,18.4,Hoburg 68550,Y,1989,206
1989-07-26,18.7,Y,,,18.7,Hoburg 68550,Y,1989,207
1989-07-27,20.2,Y,,,20.2,Hoburg 68550,Y,1989,208
1989-07-28,18.6,Y,,,18.6,Hoburg 68550,Y,1989,209
1989-07-29,18.3,Y,,,18.3,Hoburg 68550,Y,1989,210
1989-07-30,19,Y,,,19,Hoburg 68550,Y,1989,211
1989-07-31,17,Y,,,17,Hoburg 68550,Y,1989,212
1989-08-01,15.6,Y,,,15.6,Hoburg 68550,Y,1989,213
1989-08-02,15.6,Y,,,15.6,Hoburg 68550,Y,1989,214
1989-08-03,14.5,Y,,,14.5,Hoburg 68550,Y,1989,215
1989-08-04,13.8,Y,,,13.8,Hoburg 68550,Y,1989,216
1989-08-05,13.6,Y,,,13.6,Hoburg 68550,Y,1989,217
1989-08-06,14.9,Y,,,14.9,Hoburg 68550,Y,1989,218
1989-08-07,16.4,Y,,,16.4,Hoburg 68550,Y,1989,219
1989-08-08,15.5,Y,,,15.5,Hoburg 68550,Y,1989,220
1989-08-09,14,Y,,,14,Hoburg 68550,Y,1989,221
1989-08-10,15.8,Y,,,15.8,Hoburg 68550,Y,1989,222
1989-08-11,16.6,Y,,,16.6,Hoburg 68550,Y,1989,223
1989-08-12,17,Y,,,17,Hoburg 68550,Y,1989,224
1989-08-13,16.4,Y,,,16.4,Hoburg 68550,Y,1989,225
1989-08-14,16.2,Y,,,16.2,Hoburg 68550,Y,1989,226
1989-08-15,17,Y,,,17,Hoburg 68550,Y,1989,227
1989-08-16,19.5,Y,,,19.5,Hoburg 68550,Y,1989,228
1989-08-17,18.9,Y,,,18.9,Hoburg 68550,Y,1989,229
1989-08-18,17.2,Y,,,17.2,Hoburg 68550,Y,1989,230
1989-08-19,16.4,Y,,,16.4,Hoburg 68550,Y,1989,231
1989-08-20,16.8,Y,,,16.8,Hoburg 68550,Y,1989,232
1989-08-21,19.2,Y,,,19.2,Hoburg 68550,Y,1989,233
1989-08-22,17.2,Y,,,17.2,Hoburg 68550,Y,1989,234
1989-08-23,16.7,Y,,,16.7,Hoburg 68550,Y,1989,235
1989-08-24,15.9,Y,,,15.9,Hoburg 68550,Y,1989,236
1989-08-25,13.1,Y,,,13.1,Hoburg 68550,Y,1989,237
1989-08-26,12.9,Y,,,12.9,Hoburg 68550,Y,1989,238
1989-08-27,12.5,Y,,,12.5,Hoburg 68550,Y,1989,239
1989-08-28,14.1,Y,,,14.1,Hoburg 68550,Y,1989,240
1989-08-29,14,Y,,,14,Hoburg 68550,Y,1989,241
1989-08-30,13.5,Y,,,13.5,Hoburg 68550,Y,1989,242
1989-08-31,13.7,Y,,,13.7,Hoburg 68550,Y,1989,243
1989-09-01,14.6,Y,,,14.6,Hoburg 68550,Y,1989,244
1989-09-02,14.9,Y,,,14.9,Hoburg 68550,Y,1989,245
1989-09-03,15,Y,,,15,Hoburg 68550,Y,1989,246
1989-09-04,13.9,Y,,,13.9,Hoburg 68550,Y,1989,247
1989-09-05,14.7,Y,,,14.7,Hoburg 68550,Y,1989,248
1989-09-06,15,Y,,,15,Hoburg 68550,Y,1989,249
1989-09-07,15.3,Y,,,15.3,Hoburg 68550,Y,1989,250
1989-09-08,15.5,Y,,,15.5,Hoburg 68550,Y,1989,251
1989-09-09,14.3,Y,,,14.3,Hoburg 68550,Y,1989,252
1989-09-10,13.9,Y,,,13.9,Hoburg 68550,Y,1989,253
1989-09-11,11.9,Y,,,11.9,Hoburg 68550,Y,1989,254
1989-09-12,12.5,Y,,,12.5,Hoburg 68550,Y,1989,255
1989-09-13,13.8,Y,,,13.8,Hoburg 68550,Y,1989,256
1989-09-14,14.8,Y,,,14.8,Hoburg 68550,Y,1989,257
1989-09-15,13.4,Y,,,13.4,Hoburg 68550,Y,1989,258
1989-09-16,13.1,Y,,,13.1,Hoburg 68550,Y,1989,259
1989-09-17,14.1,Y,,,14.1,Hoburg 68550,Y,1989,260
1989-09-18,13.5,Y,,,13.5,Hoburg 68550,Y,1989,261
1989-09-19,15.7,Y,,,15.7,Hoburg 68550,Y,1989,262
1989-09-20,15.3,Y,,,15.3,Hoburg 68550,Y,1989,263
1989-09-21,15.3,Y,,,15.3,Hoburg 68550,Y,1989,264
1989-09-22,15.3,Y,,,15.3,Hoburg 68550,Y,1989,265
1989-09-23,14.2,Y,,,14.2,Hoburg 68550,Y,1989,266
1989-09-24,13.7,Y,,,13.7,Hoburg 68550,Y,1989,267
1989-09-25,14.3,Y,,,14.3,Hoburg 68550,Y,1989,268
1989-09-26,13.9,Y,,,13.9,Hoburg 68550,Y,1989,269
1989-09-27,14.7,Y,,,14.7,Hoburg 68550,Y,1989,270
1989-09-28,13.3,Y,,,13.3,Hoburg 68550,Y,1989,271
1989-09-29,11,Y,,,11,Hoburg 68550,Y,1989,272
1989-09-30,10.6,Y,,,10.6,Hoburg 68550,Y,1989,273
1989-10-01,9.1,Y,,,9.1,Hoburg 68550,Y,1989,274
1989-10-02,9.3,Y,,,9.3,Hoburg 68550,Y,1989,275
1989-10-03,8.4,Y,,,8.4,Hoburg 68550,Y,1989,276
1989-10-04,10.6,Y,,,10.6,Hoburg 68550,Y,1989,277
1989-10-05,10.8,Y,,,10.8,Hoburg 68550,Y,1989,278
1989-10-06,11.7,Y,,,11.7,Hoburg 68550,Y,1989,279
1989-10-07,10.2,Y,,,10.2,Hoburg 68550,Y,1989,280
1989-10-08,7.9,Y,,,7.9,Hoburg 68550,Y,1989,281
1989-10-09,8.8,Y,,,8.8,Hoburg 68550,Y,1989,282
1989-10-10,10.8,Y,,,10.8,Hoburg 68550,Y,1989,283
1989-10-11,8,Y,,,8,Hoburg 68550,Y,1989,284
1989-10-12,7.7,Y,,,7.7,Hoburg 68550,Y,1989,285
1989-10-13,10.4,Y,,,10.4,Hoburg 68550,Y,1989,286
1989-10-14,10.1,Y,,,10.1,Hoburg 68550,Y,1989,287
1989-10-15,8.6,Y,,,8.6,Hoburg 68550,Y,1989,288
1989-10-16,9.2,Y,,,9.2,Hoburg 68550,Y,1989,289
1989-10-17,10.9,Y,,,10.9,Hoburg 68550,Y,1989,290
1989-10-18,10.7,Y,,,10.7,Hoburg 68550,Y,1989,291
1989-10-19,10.9,Y,,,10.9,Hoburg 68550,Y,1989,292
1989-10-20,11.3,Y,,,11.3,Hoburg 68550,Y,1989,293
1989-10-21,11.3,Y,,,11.3,Hoburg 68550,Y,1989,294
1989-10-22,12.4,Y,,,12.4,Hoburg 68550,Y,1989,295
1989-10-23,12.3,Y,,,12.3,Hoburg 68550,Y,1989,296
1989-10-24,10.5,Y,,,10.5,Hoburg 68550,Y,1989,297
1989-10-25,11.3,Y,,,11.3,Hoburg 68550,Y,1989,298
1989-10-26,11.2,Y,,,11.2,Hoburg 68550,Y,1989,299
1989-10-27,8.7,Y,,,8.7,Hoburg 68550,Y,1989,300
1989-10-28,10,Y,,,10,Hoburg 68550,Y,1989,301
1989-10-29,9.8,Y,,,9.8,Hoburg 68550,Y,1989,302
1989-10-30,9.7,Y,,,9.7,Hoburg 68550,Y,1989,303
1989-10-31,8,Y,,,8,Hoburg 68550,Y,1989,304
1989-11-01,7.6,Y,,,7.6,Hoburg 68550,Y,1989,305
1989-11-02,7.5,Y,,,7.5,Hoburg 68550,Y,1989,306
1989-11-03,8.7,Y,,,8.7,Hoburg 68550,Y,1989,307
1989-11-04,8.9,Y,,,8.9,Hoburg 68550,Y,1989,308
1989-11-05,9,Y,,,9,Hoburg 68550,Y,1989,309
1989-11-06,8.8,Y,,,8.8,Hoburg 68550,Y,1989,310
1989-11-07,9.9,Y,,,9.9,Hoburg 68550,Y,1989,311
1989-11-08,6.6,Y,,,6.6,Hoburg 68550,Y,1989,312
1989-11-09,8.8,Y,,,8.8,Hoburg 68550,Y,1989,313
1989-11-10,8.1,Y,,,8.1,Hoburg 68550,Y,1989,314
1989-11-11,8.8,Y,,,8.8,Hoburg 68550,Y,1989,315
1989-11-12,8.9,Y,,,8.9,Hoburg 68550,Y,1989,316
1989-11-13,7.7,Y,,,7.7,Hoburg 68550,Y,1989,317
1989-11-14,7.7,Y,,,7.7,Hoburg 68550,Y,1989,318
1989-11-15,5.1,Y,,,5.1,Hoburg 68550,Y,1989,319
1989-11-16,3.8,Y,,,3.8,Hoburg 68550,Y,1989,320
1989-11-17,5,Y,,,5,Hoburg 68550,Y,1989,321
1989-11-18,5.5,Y,,,5.5,Hoburg 68550,Y,1989,322
1989-11-19,6.1,Y,,,6.1,Hoburg 68550,Y,1989,323
1989-11-20,4.6,Y,,,4.6,Hoburg 68550,Y,1989,324
1989-11-21,3.1,Y,,,3.1,Hoburg 68550,Y,1989,325
1989-11-22,1.7,Y,,,1.7,Hoburg 68550,Y,1989,326
1989-11-23,-0.8,Y,,,-0.8,Hoburg 68550,Y,1989,327
1989-11-24,-2.3,Y,,,-2.3,Hoburg 68550,Y,1989,328
1989-11-25,-2.7,Y,,,-2.7,Hoburg 68550,Y,1989,329
1989-11-26,0.9,Y,,,0.9,Hoburg 68550,Y,1989,330
1989-11-27,0.8,Y,,,0.8,Hoburg 68550,Y,1989,331
1989-11-28,-0.4,Y,,,-0.4,Hoburg 68550,Y,1989,332
1989-11-29,1.8,Y,,,1.8,Hoburg 68550,Y,1989,333
1989-11-30,3.8,Y,,,3.8,Hoburg 68550,Y,1989,334
1989-12-01,4.3,Y,,,4.3,Hoburg 68550,Y,1989,335
1989-12-02,3.2,Y,,,3.2,Hoburg 68550,Y,1989,336
1989-12-03,4.7,Y,,,4.7,Hoburg 68550,Y,1989,337
1989-12-04,4,Y,,,4,Hoburg 68550,Y,1989,338
1989-12-05,0.7,Y,,,0.7,Hoburg 68550,Y,1989,339
1989-12-06,4.2,Y,,,4.2,Hoburg 68550,Y,1989,340
1989-12-07,0.2,Y,,,0.2,Hoburg 68550,Y,1989,341
1989-12-08,-0.3,Y,,,-0.3,Hoburg 68550,Y,1989,342
1989-12-09,-3.9,Y,,,-3.9,Hoburg 68550,Y,1989,343
1989-12-10,-1.3,Y,,,-1.3,Hoburg 68550,Y,1989,344
1989-12-11,0.3,Y,,,0.3,Hoburg 68550,Y,1989,345
1989-12-12,0.2,Y,,,0.2,Hoburg 68550,Y,1989,346
1989-12-13,-1.7,Y,,,-1.7,Hoburg 68550,Y,1989,347
1989-12-14,-4.8,Y,,,-4.8,Hoburg 68550,Y,1989,348
1989-12-15,-4,Y,,,-4,Hoburg 68550,Y,1989,349
1989-12-16,-2.1,Y,,,-2.1,Hoburg 68550,Y,1989,350
1989-12-17,3.4,Y,,,3.4,Hoburg 68550,Y,1989,351
1989-12-18,5.6,Y,,,5.6,Hoburg 68550,Y,1989,352
1989-12-19,6.1,Y,,,6.1,Hoburg 68550,Y,1989,353
1989-12-20,2.3,Y,,,2.3,Hoburg 68550,Y,1989,354
1989-12-21,5.4,Y,,,5.4,Hoburg 68550,Y,1989,355
1989-12-22,5.6,Y,,,5.6,Hoburg 68550,Y,1989,356
1989-12-23,4.6,Y,,,4.6,Hoburg 68550,Y,1989,357
1989-12-24,3.5,Y,,,3.5,Hoburg 68550,Y,1989,358
1989-12-25,4.4,Y,,,4.4,Hoburg 68550,Y,1989,359
1989-12-26,4,Y,,,4,Hoburg 68550,Y,1989,360
1989-12-27,2.6,Y,,,2.6,Hoburg 68550,Y,1989,361
1989-12-28,1.3,Y,,,1.3,Hoburg 68550,Y,1989,362
1989-12-29,1.7,Y,,,1.7,Hoburg 68550,Y,1989,363
1989-12-30,1,Y,,,1,Hoburg 68550,Y,1989,364
1989-12-31,0.6,Y,,,0.6,Hoburg 68550,Y,1989,365
1990-01-01,-2.1,Y,,,-2.1,Hoburg 68550,Y,1990,1
1990-01-02,-0.9,Y,,,-0.9,Hoburg 68550,Y,1990,2
1990-01-03,-0.3,Y,,,-0.3,Hoburg 68550,Y,1990,3
1990-01-04,0.5,Y,,,0.5,Hoburg 68550,Y,1990,4
1990-01-05,-0.1,Y,,,-0.1,Hoburg 68550,Y,1990,5
1990-01-06,0.5,Y,,,0.5,Hoburg 68550,Y,1990,6
1990-01-07,2.5,Y,,,2.5,Hoburg 68550,Y,1990,7
1990-01-08,3.3,Y,,,3.3,Hoburg 68550,Y,1990,8
1990-01-09,3.3,Y,,,3.3,Hoburg 68550,Y,1990,9
1990-01-10,3.4,Y,,,3.4,Hoburg 68550,Y,1990,10
1990-01-11,5.1,Y,,,5.1,Hoburg 68550,Y,1990,11
1990-01-12,4.6,Y,,,4.6,Hoburg 68550,Y,1990,12
1990-01-13,3.9,Y,,,3.9,Hoburg 68550,Y,1990,13
1990-01-14,2.3,Y,,,2.3,Hoburg 68550,Y,1990,14
1990-01-15,3.4,Y,,,3.4,Hoburg 68550,Y,1990,15
1990-01-16,5.5,Y,,,5.5,Hoburg 68550,Y,1990,16
1990-01-17,4.9,Y,,,4.9,Hoburg 68550,Y,1990,17
1990-01-18,4.5,Y,,,4.5,Hoburg 68550,Y,1990,18
1990-01-19,2.9,Y,,,2.9,Hoburg 68550,Y,1990,19
1990-01-20,4,Y,,,4,Hoburg 68550,Y,1990,20
1990-01-21,3.8,Y,,,3.8,Hoburg 68550,Y,1990,21
1990-01-22,3.1,Y,,,3.1,Hoburg 68550,Y,1990,22
1990-01-23,4.3,Y,,,4.3,Hoburg 68550,Y,1990,23
1990-01-24,3.6,Y,,,3.6,Hoburg 68550,Y,1990,24
1990-01-25,2.8,Y,,,2.8,Hoburg 68550,Y,1990,25
1990-01-26,4.4,Y,,,4.4,Hoburg 68550,Y,1990,26
1990-01-27,3.8,Y,,,3.8,Hoburg 68550,Y,1990,27
1990-01-28,3.7,Y,,,3.7,Hoburg 68550,Y,1990,28
1990-01-29,4.3,Y,,,4.3,Hoburg 68550,Y,1990,29
1990-01-30,3.3,Y,,,3.3,Hoburg 68550,Y,1990,30
1990-01-31,4.2,Y,,,4.2,Hoburg 68550,Y,1990,31
1990-02-01,4.1,Y,,,4.1,Hoburg 68550,Y,1990,32
1990-02-02,3.7,Y,,,3.7,Hoburg 68550,Y,1990,33
1990-02-03,4.1,Y,,,4.1,Hoburg 68550,Y,1990,34
1990-02-04,4,Y,,,4,Hoburg 68550,Y,1990,35
1990-02-05,4.8,Y,,,4.8,Hoburg 68550,Y,1990,36
1990-02-06,4.4,Y,,,4.4,Hoburg 68550,Y,1990,37
1990-02-07,4.8,Y,,,4.8,Hoburg 68550,Y,1990,38
1990-02-08,6.5,Y,,,6.5,Hoburg 68550,Y,1990,39
1990-02-09,4.4,Y,,,4.4,Hoburg 68550,Y,1990,40
1990-02-10,4.5,Y,,,4.5,Hoburg 68550,Y,1990,41
1990-02-11,3.6,Y,,,3.6,Hoburg 68550,Y,1990,42
1990-02-12,3.4,Y,,,3.4,Hoburg 68550,Y,1990,43
1990-02-13,3.3,Y,,,3.3,Hoburg 68550,Y,1990,44
1990-02-14,1.7,Y,,,1.7,Hoburg 68550,Y,1990,45
1990-02-15,1,Y,,,1,Hoburg 68550,Y,1990,46
1990-02-16,1.5,Y,,,1.5,Hoburg 68550,Y,1990,47
1990-02-17,2.4,Y,,,2.4,Hoburg 68550,Y,1990,48
1990-02-18,3,Y,,,3,Hoburg 68550,Y,1990,49
1990-02-19,3,Y,,,3,Hoburg 68550,Y,1990,50
1990-02-20,5.9,Y,,,5.9,Hoburg 68550,Y,1990,51
1990-02-21,6.2,Y,,,6.2,Hoburg 68550,Y,1990,52
1990-02-22,5.6,Y,,,5.6,Hoburg 68550,Y,1990,53
1990-02-23,6.1,Y,,,6.1,Hoburg 68550,Y,1990,54
1990-02-24,5.3,Y,,,5.3,Hoburg 68550,Y,1990,55
1990-02-25,6.5,Y,,,6.5,Hoburg 68550,Y,1990,56
1990-02-26,4.8,Y,,,4.8,Hoburg 68550,Y,1990,57
1990-02-27,4.1,Y,,,4.1,Hoburg 68550,Y,1990,58
1990-02-28,3.8,Y,,,3.8,Hoburg 68550,Y,1990,59
1990-03-01,2,Y,,,2,Hoburg 68550,Y,1990,60
1990-03-02,1.3,Y,,,1.3,Hoburg 68550,Y,1990,61
1990-03-03,0.9,Y,,,0.9,Hoburg 68550,Y,1990,62
1990-03-04,3.8,Y,,,3.8,Hoburg 68550,Y,1990,63
1990-03-05,3.9,Y,,,3.9,Hoburg 68550,Y,1990,64
1990-03-06,4.2,Y,,,4.2,Hoburg 68550,Y,1990,65
1990-03-07,3,Y,,,3,Hoburg 68550,Y,1990,66
1990-03-08,5,Y,,,5,Hoburg 68550,Y,1990,67
1990-03-09,4.1,Y,,,4.1,Hoburg 68550,Y,1990,68
1990-03-10,2.6,Y,,,2.6,Hoburg 68550,Y,1990,69
1990-03-11,3.7,Y,,,3.7,Hoburg 68550,Y,1990,70
1990-03-12,5.8,Y,,,5.8,Hoburg 68550,Y,1990,71
1990-03-13,0.6,Y,,,0.6,Hoburg 68550,Y,1990,72
1990-03-14,1.4,Y,,,1.4,Hoburg 68550,Y,1990,73
1990-03-15,3.6,Y,,,3.6,Hoburg 68550,Y,1990,74
1990-03-16,5.4,Y,,,5.4,Hoburg 68550,Y,1990,75
1990-03-17,5.9,Y,,,5.9,Hoburg 68550,Y,1990,76
1990-03-18,6.5,Y,,,6.5,Hoburg 68550,Y,1990,77
1990-03-19,6.3,Y,,,6.3,Hoburg 68550,Y,1990,78
1990-03-20,5.3,Y,,,5.3,Hoburg 68550,Y,1990,79
1990-03-21,5.2,Y,,,5.2,Hoburg 68550,Y,1990,80
1990-03-22,5.9,Y,,,5.9,Hoburg 68550,Y,1990,81
1990-03-23,5.5,Y,,,5.5,Hoburg 68550,Y,1990,82
1990-03-24,5.7,Y,,,5.7,Hoburg 68550,Y,1990,83
1990-03-25,4.6,Y,,,4.6,Hoburg 68550,Y,1990,84
1990-03-26,2.9,Y,,,2.9,Hoburg 68550,Y,1990,85
1990-03-27,1.9,Y,,,1.9,Hoburg 68550,Y,1990,86
1990-03-28,3.4,Y,,,3.4,Hoburg 68550,Y,1990,87
1990-03-29,3.1,Y,,,3.1,Hoburg 68550,Y,1990,88
1990-03-30,5.9,Y,,,5.9,Hoburg 68550,Y,1990,89
1990-03-31,7.1,Y,,,7.1,Hoburg 68550,Y,1990,90
1990-04-01,6.7,Y,,,6.7,Hoburg 68550,Y,1990,91
1990-04-02,6.3,Y,,,6.3,Hoburg 68550,Y,1990,92
1990-04-03,6.6,Y,,,6.6,Hoburg 68550,Y,1990,93
1990-04-04,4.8,Y,,,4.8,Hoburg 68550,Y,1990,94
1990-04-05,3.2,Y,,,3.2,Hoburg 68550,Y,1990,95
1990-04-06,4.3,Y,,,4.3,Hoburg 68550,Y,1990,96
1990-04-07,1.5,Y,,,1.5,Hoburg 68550,Y,1990,97
1990-04-08,1.7,Y,,,1.7,Hoburg 68550,Y,1990,98
1990-04-09,4.1,Y,,,4.1,Hoburg 68550,Y,1990,99
1990-04-10,4.1,Y,,,4.1,Hoburg 68550,Y,1990,100
1990-04-11,4.4,Y,,,4.4,Hoburg 68550,Y,1990,101
1990-04-12,4.1,Y,,,4.1,Hoburg 68550,Y,1990,102
1990-04-13,5.1,Y,,,5.1,Hoburg 68550,Y,1990,103
1990-04-14,6.4,Y,,,6.4,Hoburg 68550,Y,1990,104
1990-04-15,7.6,Y,,,7.6,Hoburg 68550,Y,1990,105
1990-04-16,6.1,Y,,,6.1,Hoburg 68550,Y,1990,106
1990-04-17,5.9,Y,,,5.9,Hoburg 68550,Y,1990,107
1990-04-18,7.1,Y,,,7.1,Hoburg 68550,Y,1990,108
1990-04-19,6.8,Y,,,6.8,Hoburg 68550,Y,1990,109
1990-04-20,8.7,Y,,,8.7,Hoburg 68550,Y,1990,110
1990-04-21,10.8,Y,,,10.8,Hoburg 68550,Y,1990,111
1990-04-22,10.3,Y,,,10.3,Hoburg 68550,Y,1990,112
1990-04-23,10.6,Y,,,10.6,Hoburg 68550,Y,1990,113
1990-04-24,11.5,Y,,,11.5,Hoburg 68550,Y,1990,114
1990-04-25,11.2,Y,,,11.2,Hoburg 68550,Y,1990,115
1990-04-26,10.6,Y,,,10.6,Hoburg 68550,Y,1990,116
1990-04-27,5.4,Y,,,5.4,Hoburg 68550,Y,1990,117
1990-04-28,5.3,Y,,,5.3,Hoburg 68550,Y,1990,118
1990-04-29,6.1,Y,,,6.1,Hoburg 68550,Y,1990,119
1990-04-30,10.9,Y,,,10.9,Hoburg 68550,Y,1990,120
1990-05-01,13.3,Y,,,13.3,Hoburg 68550,Y,1990,121
1990-05-02,10.4,Y,,,10.4,Hoburg 68550,Y,1990,122
1990-05-03,13.9,Y,,,13.9,Hoburg 68550,Y,1990,123
1990-05-04,14,Y,,,14,Hoburg 68550,Y,1990,124
1990-05-05,11.3,Y,,,11.3,Hoburg 68550,Y,1990,125
1990-05-06,12.9,Y,,,12.9,Hoburg 68550,Y,1990,126
1990-05-07,13.3,Y,,,13.3,Hoburg 68550,Y,1990,127
1990-05-08,10.3,Y,,,10.3,Hoburg 68550,Y,1990,128
1990-05-09,12.6,Y,,,12.6,Hoburg 68550,Y,1990,129
1990-05-10,11.6,Y,,,11.6,Hoburg 68550,Y,1990,130
1990-05-11,11,Y,,,11,Hoburg 68550,Y,1990,131
1990-05-12,10.3,Y,,,10.3,Hoburg 68550,Y,1990,132
1990-05-13,9.2,Y,,,9.2,Hoburg 68550,Y,1990,133
1990-05-14,9.9,Y,,,9.9,Hoburg 68550,Y,1990,134
1990-05-15,10.2,Y,,,10.2,Hoburg 68550,Y,1990,135
1990-05-16,9.9,Y,,,9.9,Hoburg 68550,Y,1990,136
1990-05-17,8.4,Y,,,8.4,Hoburg 68550,Y,1990,137
1990-05-18,8.1,Y,,,8.1,Hoburg 68550,Y,1990,138
1990-05-19,8.7,Y,,,8.7,Hoburg 68550,Y,1990,139
1990-05-20,9.6,Y,,,9.6,Hoburg 68550,Y,1990,140
1990-05-21,10.5,Y,,,10.5,Hoburg 68550,Y,1990,141
1990-05-22,9.3,Y,,,9.3,Hoburg 68550,Y,1990,142
1990-05-23,10,Y,,,10,Hoburg 68550,Y,1990,143
1990-05-24,11.4,Y,,,11.4,Hoburg 68550,Y,1990,144
1990-05-25,10.1,Y,,,10.1,Hoburg 68550,Y,1990,145
1990-05-26,9.2,Y,,,9.2,Hoburg 68550,Y,1990,146
1990-05-27,8.2,Y,,,8.2,Hoburg 68550,Y,1990,147
1990-05-28,8.7,Y,,,8.7,Hoburg 68550,Y,1990,148
1990-05-29,9.9,Y,,,9.9,Hoburg 68550,Y,1990,149
1990-05-30,9.6,Y,,,9.6,Hoburg 68550,Y,1990,150
1990-05-31,11.5,Y,,,11.5,Hoburg 68550,Y,1990,151
1990-06-01,12.4,Y,,,12.4,Hoburg 68550,Y,1990,152
1990-06-02,12.5,Y,,,12.5,Hoburg 68550,Y,1990,153
1990-06-03,11.9,Y,,,11.9,Hoburg 68550,Y,1990,154
1990-06-04,13.4,Y,,,13.4,Hoburg 68550,Y,1990,155
1990-06-05,12.7,Y,,,12.7,Hoburg 68550,Y,1990,156
1990-06-06,12.5,Y,,,12.5,Hoburg 68550,Y,1990,157
1990-06-07,11.6,Y,,,11.6,Hoburg 68550,Y,1990,158
1990-06-08,12.9,Y,,,12.9,Hoburg 68550,Y,1990,159
1990-06-09,15.2,Y,,,15.2,Hoburg 68550,Y,1990,160
1990-06-10,16.1,Y,,,16.1,Hoburg 68550,Y,1990,161
1990-06-11,13.9,Y,,,13.9,Hoburg 68550,Y,1990,162
1990-06-12,15,Y,,,15,Hoburg 68550,Y,1990,163
1990-06-13,15,Y,,,15,Hoburg 68550,Y,1990,164
1990-06-14,13.3,Y,,,13.3,Hoburg 68550,Y,1990,165
1990-06-15,14.1,Y,,,14.1,Hoburg 68550,Y,1990,166
1990-06-16,14,Y,,,14,Hoburg 68550,Y,1990,167
1990-06-17,14,Y,,,14,Hoburg 68550,Y,1990,168
1990-06-18,13.1,Y,,,13.1,Hoburg 68550,Y,1990,169
1990-06-19,14.6,Y,,,14.6,Hoburg 68550,Y,1990,170
1990-06-20,15.9,Y,,,15.9,Hoburg 68550,Y,1990,171
1990-06-21,17.5,Y,,,17.5,Hoburg 68550,Y,1990,172
1990-06-22,15.7,Y,,,15.7,Hoburg 68550,Y,1990,173
1990-06-23,16.2,Y,,,16.2,Hoburg 68550,Y,1990,174
1990-06-24,15,Y,,,15,Hoburg 68550,Y,1990,175
1990-06-25,16.6,Y,,,16.6,Hoburg 68550,Y,1990,176
1990-06-26,16.9,Y,,,16.9,Hoburg 68550,Y,1990,177
1990-06-27,17.9,Y,,,17.9,Hoburg 68550,Y,1990,178
1990-06-28,17.7,Y,,,17.7,Hoburg 68550,Y,1990,179
1990-06-29,17.2,Y,,,17.2,Hoburg 68550,Y,1990,180
1990-06-30,17.5,Y,,,17.5,Hoburg 68550,Y,1990,181
1990-07-01,16.3,Y,,,16.3,Hoburg 68550,Y,1990,182
1990-07-02,17,Y,,,17,Hoburg 68550,Y,1990,183
1990-07-03,16,Y,,,16,Hoburg 68550,Y,1990,184
1990-07-04,15.5,Y,,,15.5,Hoburg 68550,Y,1990,185
1990-07-05,14.6,Y,,,14.6,Hoburg 68550,Y,1990,186
1990-07-06,15.7,Y,,,15.7,Hoburg 68550,Y,1990,187
1990-07-07,16.3,Y,,,16.3,Hoburg 68550,Y,1990,188
1990-07-08,15.7,Y,,,15.7,Hoburg 68550,Y,1990,189
1990-07-09,16.6,Y,,,16.6,Hoburg 68550,Y,1990,190
1990-07-10,15.8,Y,,,15.8,Hoburg 68550,Y,1990,191
1990-07-11,16.4,Y,,,16.4,Hoburg 68550,Y,1990,192
1990-07-12,16.2,Y,,,16.2,Hoburg 68550,Y,1990,193
1990-07-13,15.3,Y,,,15.3,Hoburg 68550,Y,1990,194
1990-07-14,15.1,Y,,,15.1,Hoburg 68550,Y,1990,195
1990-07-15,14.1,Y,,,14.1,Hoburg 68550,Y,1990,196
1990-07-16,13.4,Y,,,13.4,Hoburg 68550,Y,1990,197
1990-07-17,14.5,Y,,,14.5,Hoburg 68550,Y,1990,198
1990-07-18,14.4,Y,,,14.4,Hoburg 68550,Y,1990,199
1990-07-19,14,Y,,,14,Hoburg 68550,Y,1990,200
1990-07-20,15.2,Y,,,15.2,Hoburg 68550,Y,1990,201
1990-07-21,17.4,Y,,,17.4,Hoburg 68550,Y,1990,202
1990-07-22,15.3,Y,,,15.3,Hoburg 68550,Y,1990,203
1990-07-23,14.5,Y,,,14.5,Hoburg 68550,Y,1990,204
1990-07-24,15.1,Y,,,15.1,Hoburg 68550,Y,1990,205
1990-07-25,14.9,Y,,,14.9,Hoburg 68550,Y,1990,206
1990-07-26,15.8,Y,,,15.8,Hoburg 68550,Y,1990,207
1990-07-27,15.9,Y,,,15.9,Hoburg 68550,Y,1990,208
1990-07-28,17.6,Y,,,17.6,Hoburg 68550,Y,1990,209
1990-07-29,17.4,Y,,,17.4,Hoburg 68550,Y,1990,210
1990-07-30,18.5,Y,,,18.5,Hoburg 68550,Y,1990,211
1990-07-31,18.8,Y,,,18.8,Hoburg 68550,Y,1990,212
1990-08-01,17.8,Y,,,17.8,Hoburg 68550,Y,1990,213
1990-08-02,18.4,Y,,,18.4,Hoburg 68550,Y,1990,214
1990-08-03,19.9,Y,,,19.9,Hoburg 68550,Y,1990,215
1990-08-04,19.9,Y,,,19.9,Hoburg 68550,Y,1990,216
1990-08-05,19.3,Y,,,19.3,Hoburg 68550,Y,1990,217
1990-08-06,17.1,Y,,,17.1,Hoburg 68550,Y,1990,218
1990-08-07,16.8,Y,,,16.8,Hoburg 68550,Y,1990,219
1990-08-08,17,Y,,,17,Hoburg 68550,Y,1990,220
1990-08-09,16.7,Y,,,16.7,Hoburg 68550,Y,1990,221
1990-08-10,16.6,Y,,,16.6,Hoburg 68550,Y,1990,222
1990-08-11,17.6,Y,,,17.6,Hoburg 68550,Y,1990,223
1990-08-12,17.8,Y,,,17.8,Hoburg 68550,Y,1990,224
1990-08-13,17.8,Y,,,17.8,Hoburg 68550,Y,1990,225
1990-08-14,18.8,Y,,,18.8,Hoburg 68550,Y,1990,226
1990-08-15,18.8,Y,,,18.8,Hoburg 68550,Y,1990,227
1990-08-16,18.7,Y,,,18.7,Hoburg 68550,Y,1990,228
1990-08-17,18,Y,,,18,Hoburg 68550,Y,1990,229
1990-08-18,17.2,Y,,,17.2,Hoburg 68550,Y,1990,230
1990-08-19,16.4,Y,,,16.4,Hoburg 68550,Y,1990,231
1990-08-20,16.7,Y,,,16.7,Hoburg 68550,Y,1990,232
1990-08-21,16.4,Y,,,16.4,Hoburg 68550,Y,1990,233
1990-08-22,17.7,Y,,,17.7,Hoburg 68550,Y,1990,234
1990-08-23,17.2,Y,,,17.2,Hoburg 68550,Y,1990,235
1990-08-24,17,Y,,,17,Hoburg 68550,Y,1990,236
1990-08-25,16.4,Y,,,16.4,Hoburg 68550,Y,1990,237
1990-08-26,15,Y,,,15,Hoburg 68550,Y,1990,238
1990-08-27,16.7,Y,,,16.7,Hoburg 68550,Y,1990,239
1990-08-28,17.6,Y,,,17.6,Hoburg 68550,Y,1990,240
1990-08-29,18.1,Y,,,18.1,Hoburg 68550,Y,1990,241
1990-08-30,18.1,Y,,,18.1,Hoburg 68550,Y,1990,242
1990-08-31,18.3,Y,,,18.3,Hoburg 68550,Y,1990,243
1990-09-01,17.1,Y,,,17.1,Hoburg 68550,Y,1990,244
1990-09-02,15.5,Y,,,15.5,Hoburg 68550,Y,1990,245
1990-09-03,14.1,Y,,,14.1,Hoburg 68550,Y,1990,246
1990-09-04,13.4,Y,,,13.4,Hoburg 68550,Y,1990,247
1990-09-05,12.1,Y,,,12.1,Hoburg 68550,Y,1990,248
1990-09-06,13.5,Y,,,13.5,Hoburg 68550,Y,1990,249
1990-09-07,14.3,Y,,,14.3,Hoburg 68550,Y,1990,250
1990-09-08,14.2,Y,,,14.2,Hoburg 68550,Y,1990,251
1990-09-09,14.3,Y,,,14.3,Hoburg 68550,Y,1990,252
1990-09-10,14.6,Y,,,14.6,Hoburg 68550,Y,1990,253
1990-09-11,12.6,Y,,,12.6,Hoburg 68550,Y,1990,254
1990-09-12,11.3,Y,,,11.3,Hoburg 68550,Y,1990,255
1990-09-13,13.3,Y,,,13.3,Hoburg 68550,Y,1990,256
1990-09-14,14.5,Y,,,14.5,Hoburg 68550,Y,1990,257
1990-09-15,12.1,Y,,,12.1,Hoburg 68550,Y,1990,258
1990-09-16,12,Y,,,12,Hoburg 68550,Y,1990,259
1990-09-17,11.5,Y,,,11.5,Hoburg 68550,Y,1990,260
1990-09-18,12.6,Y,,,12.6,Hoburg 68550,Y,1990,261
1990-09-19,12.4,Y,,,12.4,Hoburg 68550,Y,1990,262
1990-09-20,11.9,Y,,,11.9,Hoburg 68550,Y,1990,263
1990-09-21,9.9,Y,,,9.9,Hoburg 68550,Y,1990,264
1990-09-22,10.7,Y,,,10.7,Hoburg 68550,Y,1990,265
1990-09-23,11.3,Y,,,11.3,Hoburg 68550,Y,1990,266
1990-09-24,10.9,Y,,,10.9,Hoburg 68550,Y,1990,267
1990-09-25,11.3,Y,,,11.3,Hoburg 68550,Y,1990,268
1990-09-26,8.6,Y,,,8.6,Hoburg 68550,Y,1990,269
1990-09-27,8.5,Y,,,8.5,Hoburg 68550,Y,1990,270
1990-09-28,10.8,Y,,,10.8,Hoburg 68550,Y,1990,271
1990-09-29,12.7,Y,,,12.7,Hoburg 68550,Y,1990,272
1990-09-30,11.9,Y,,,11.9,Hoburg 68550,Y,1990,273
1990-10-01,9.1,Y,,,9.1,Hoburg 68550,Y,1990,274
1990-10-02,9.8,Y,,,9.8,Hoburg 68550,Y,1990,275
1990-10-03,12,Y,,,12,Hoburg 68550,Y,1990,276
1990-10-04,11.6,Y,,,11.6,Hoburg 68550,Y,1990,277
1990-10-05,11.1,Y,,,11.1,Hoburg 68550,Y,1990,278
1990-10-06,12.3,Y,,,12.3,Hoburg 68550,Y,1990,279
1990-10-07,11.9,Y,,,11.9,Hoburg 68550,Y,1990,280
1990-10-08,8.9,Y,,,8.9,Hoburg 68550,Y,1990,281
1990-10-09,10.7,Y,,,10.7,Hoburg 68550,Y,1990,282
1990-10-10,11.6,Y,,,11.6,Hoburg 68550,Y,1990,283
1990-10-11,10,Y,,,10,Hoburg 68550,Y,1990,284
1990-10-12,8.9,Y,,,8.9,Hoburg 68550,Y,1990,285
1990-10-13,9.8,Y,,,9.8,Hoburg 68550,Y,1990,286
1990-10-14,10.2,Y,,,10.2,Hoburg 68550,Y,1990,287
1990-10-15,11,Y,,,11,Hoburg 68550,Y,1990,288
1990-10-16,11.2,Y,,,11.2,Hoburg 68550,Y,1990,289
1990-10-17,11.1,Y,,,11.1,Hoburg 68550,Y,1990,290
1990-10-18,10.1,Y,,,10.1,Hoburg 68550,Y,1990,291
1990-10-19,10.1,Y,,,10.1,Hoburg 68550,Y,1990,292
1990-10-20,6.9,Y,,,6.9,Hoburg 68550,Y,1990,293
1990-10-21,4.6,Y,,,4.6,Hoburg 68550,Y,1990,294
1990-10-22,6,Y,,,6,Hoburg 68550,Y,1990,295
1990-10-23,6.7,Y,,,6.7,Hoburg 68550,Y,1990,296
1990-10-24,5.5,Y,,,5.5,Hoburg 68550,Y,1990,297
1990-10-25,7.5,Y,,,7.5,Hoburg 68550,Y,1990,298
1990-10-26,7.1,Y,,,7.1,Hoburg 68550,Y,1990,299
1990-10-27,8.4,Y,,,8.4,Hoburg 68550,Y,1990,300
1990-10-28,7.8,Y,,,7.8,Hoburg 68550,Y,1990,301
1990-10-29,8.2,Y,,,8.2,Hoburg 68550,Y,1990,302
1990-10-30,7.4,Y,,,7.4,Hoburg 68550,Y,1990,303
1990-10-31,7.1,Y,,,7.1,Hoburg 68550,Y,1990,304
1990-11-01,6.1,Y,,,6.1,Hoburg 68550,Y,1990,305
1990-11-02,6.5,Y,,,6.5,Hoburg 68550,Y,1990,306
1990-11-03,6.7,Y,,,6.7,Hoburg 68550,Y,1990,307
1990-11-04,5.7,Y,,,5.7,Hoburg 68550,Y,1990,308
1990-11-05,4.8,Y,,,4.8,Hoburg 68550,Y,1990,309
1990-11-06,6.6,Y,,,6.6,Hoburg 68550,Y,1990,310
1990-11-07,7.2,Y,,,7.2,Hoburg 68550,Y,1990,311
1990-11-08,7.7,Y,,,7.7,Hoburg 68550,Y,1990,312
1990-11-09,7.5,Y,,,7.5,Hoburg 68550,Y,1990,313
1990-11-10,6.2,Y,,,6.2,Hoburg 68550,Y,1990,314
1990-11-11,4.7,Y,,,4.7,Hoburg 68550,Y,1990,315
1990-11-12,3.2,Y,,,3.2,Hoburg 68550,Y,1990,316
1990-11-13,5.8,Y,,,5.8,Hoburg 68550,Y,1990,317
1990-11-14,7.7,Y,,,7.7,Hoburg 68550,Y,1990,318
1990-11-15,7.9,Y,,,7.9,Hoburg 68550,Y,1990,319
1990-11-16,8.4,Y,,,8.4,Hoburg 68550,Y,1990,320
1990-11-17,8,Y,,,8,Hoburg 68550,Y,1990,321
1990-11-18,6.5,Y,,,6.5,Hoburg 68550,Y,1990,322
1990-11-19,4.2,Y,,,4.2,Hoburg 68550,Y,1990,323
1990-11-20,2.2,Y,,,2.2,Hoburg 68550,Y,1990,324
1990-11-21,2.2,Y,,,2.2,Hoburg 68550,Y,1990,325
1990-11-22,0.1,Y,,,0.1,Hoburg 68550,Y,1990,326
1990-11-23,2.6,Y,,,2.6,Hoburg 68550,Y,1990,327
1990-11-24,3.3,Y,,,3.3,Hoburg 68550,Y,1990,328
1990-11-25,4.3,Y,,,4.3,Hoburg 68550,Y,1990,329
1990-11-26,3.5,Y,,,3.5,Hoburg 68550,Y,1990,330
1990-11-27,4.1,Y,,,4.1,Hoburg 68550,Y,1990,331
1990-11-28,3,Y,,,3,Hoburg 68550,Y,1990,332
1990-11-29,3.8,Y,,,3.8,Hoburg 68550,Y,1990,333
1990-11-30,0.5,Y,,,0.5,Hoburg 68550,Y,1990,334
1990-12-01,3.4,Y,,,3.4,Hoburg 68550,Y,1990,335
1990-12-02,4.6,Y,,,4.6,Hoburg 68550,Y,1990,336
1990-12-03,6.5,Y,,,6.5,Hoburg 68550,Y,1990,337
1990-12-04,4.3,Y,,,4.3,Hoburg 68550,Y,1990,338
1990-12-05,2.2,Y,,,2.2,Hoburg 68550,Y,1990,339
1990-12-06,2.7,Y,,,2.7,Hoburg 68550,Y,1990,340
1990-12-07,5.6,Y,,,5.6,Hoburg 68550,Y,1990,341
1990-12-08,3.9,Y,,,3.9,Hoburg 68550,Y,1990,342
1990-12-09,3,Y,,,3,Hoburg 68550,Y,1990,343
1990-12-10,3.1,Y,,,3.1,Hoburg 68550,Y,1990,344
1990-12-11,1.6,Y,,,1.6,Hoburg 68550,Y,1990,345
1990-12-12,3.1,Y,,,3.1,Hoburg 68550,Y,1990,346
1990-12-13,1.9,Y,,,1.9,Hoburg 68550,Y,1990,347
1990-12-14,0.6,Y,,,0.6,Hoburg 68550,Y,1990,348
1990-12-15,0.9,Y,,,0.9,Hoburg 68550,Y,1990,349
1990-12-16,-0.3,Y,,,-0.3,Hoburg 68550,Y,1990,350
1990-12-17,1.7,Y,,,1.7,Hoburg 68550,Y,1990,351
1990-12-18,1.2,Y,,,1.2,Hoburg 68550,Y,1990,352
1990-12-19,1.7,Y,,,1.7,Hoburg 68550,Y,1990,353
1990-12-20,1.7,Y,,,1.7,Hoburg 68550,Y,1990,354
1990-12-21,2.2,Y,,,2.2,Hoburg 68550,Y,1990,355
1990-12-22,0.8,Y,,,0.8,Hoburg 68550,Y,1990,356
1990-12-23,3.3,Y,,,3.3,Hoburg 68550,Y,1990,357
1990-12-24,3.5,Y,,,3.5,Hoburg 68550,Y,1990,358
1990-12-25,1.1,Y,,,1.1,Hoburg 68550,Y,1990,359
1990-12-26,2.1,Y,,,2.1,Hoburg 68550,Y,1990,360
1990-12-27,3.7,Y,,,3.7,Hoburg 68550,Y,1990,361
1990-12-28,3.6,Y,,,3.6,Hoburg 68550,Y,1990,362
1990-12-29,4.1,Y,,,4.1,Hoburg 68550,Y,1990,363
1990-12-30,3.9,Y,,,3.9,Hoburg 68550,Y,1990,364
1990-12-31,4,Y,,,4,Hoburg 68550,Y,1990,365
1991-01-01,3.2,Y,,,3.2,Hoburg 68550,Y,1991,1
1991-01-02,3.3,Y,,,3.3,Hoburg 68550,Y,1991,2
1991-01-03,4.1,Y,,,4.1,Hoburg 68550,Y,1991,3
1991-01-04,3.6,Y,,,3.6,Hoburg 68550,Y,1991,4
1991-01-05,4,Y,,,4,Hoburg 68550,Y,1991,5
1991-01-06,3.5,Y,,,3.5,Hoburg 68550,Y,1991,6
1991-01-07,4.2,Y,,,4.2,Hoburg 68550,Y,1991,7
1991-01-08,4.3,Y,,,4.3,Hoburg 68550,Y,1991,8
1991-01-09,4.6,Y,,,4.6,Hoburg 68550,Y,1991,9
1991-01-10,5.4,Y,,,5.4,Hoburg 68550,Y,1991,10
1991-01-11,4.6,Y,,,4.6,Hoburg 68550,Y,1991,11
1991-01-12,3.8,Y,,,3.8,Hoburg 68550,Y,1991,12
1991-01-13,-0.2,Y,,,-0.2,Hoburg 68550,Y,1991,13
1991-01-14,0.1,Y,,,0.1,Hoburg 68550,Y,1991,14
1991-01-15,0.5,Y,,,0.5,Hoburg 68550,Y,1991,15
1991-01-16,-0.2,Y,,,-0.2,Hoburg 68550,Y,1991,16
1991-01-17,0.8,Y,,,0.8,Hoburg 68550,Y,1991,17
1991-01-18,1.9,Y,,,1.9,Hoburg 68550,Y,1991,18
1991-01-19,2.4,Y,,,2.4,Hoburg 68550,Y,1991,19
1991-01-20,2.6,Y,,,2.6,Hoburg 68550,Y,1991,20
1991-01-21,3.2,Y,,,3.2,Hoburg 68550,Y,1991,21
1991-01-22,1.2,Y,,,1.2,Hoburg 68550,Y,1991,22
1991-01-23,3.1,Y,,,3.1,Hoburg 68550,Y,1991,23
1991-01-24,1.8,Y,,,1.8,Hoburg 68550,Y,1991,24
1991-01-25,2.2,Y,,,2.2,Hoburg 68550,Y,1991,25
1991-01-26,2.9,Y,,,2.9,Hoburg 68550,Y,1991,26
1991-01-27,1.7,Y,,,1.7,Hoburg 68550,Y,1991,27
1991-01-28,2.2,Y,,,2.2,Hoburg 68550,Y,1991,28
1991-01-29,0.4,Y,,,0.4,Hoburg 68550,Y,1991,29
1991-01-30,-5.4,Y,,,-5.4,Hoburg 68550,Y,1991,30
1991-01-31,-3.6,Y,,,-3.6,Hoburg 68550,Y,1991,31
1991-02-01,-2.8,Y,,,-2.8,Hoburg 68550,Y,1991,32
1991-02-02,-2.2,Y,,,-2.2,Hoburg 68550,Y,1991,33
1991-02-03,-1.9,Y,,,-1.9,Hoburg 68550,Y,1991,34
1991-02-04,0.8,Y,,,0.8,Hoburg 68550,Y,1991,35
1991-02-05,-1.3,Y,,,-1.3,Hoburg 68550,Y,1991,36
1991-02-06,-4.6,Y,,,-4.6,Hoburg 68550,Y,1991,37
1991-02-07,-3.7,Y,,,-3.7,Hoburg 68550,Y,1991,38
1991-02-08,-4.6,Y,,,-4.6,Hoburg 68550,Y,1991,39
1991-02-09,-3,Y,,,-3,Hoburg 68550,Y,1991,40
1991-02-10,-2.3,Y,,,-2.3,Hoburg 68550,Y,1991,41
1991-02-11,-1.6,Y,,,-1.6,Hoburg 68550,Y,1991,42
1991-02-12,-2,Y,,,-2,Hoburg 68550,Y,1991,43
1991-02-13,-1.8,Y,,,-1.8,Hoburg 68550,Y,1991,44
1991-02-14,-3.6,Y,,,-3.6,Hoburg 68550,Y,1991,45
1991-02-15,-4.3,Y,,,-4.3,Hoburg 68550,Y,1991,46
1991-02-16,-3.1,Y,,,-3.1,Hoburg 68550,Y,1991,47
1991-02-17,-1.6,Y,,,-1.6,Hoburg 68550,Y,1991,48
1991-02-18,-2.7,Y,,,-2.7,Hoburg 68550,Y,1991,49
1991-02-19,-0.4,Y,,,-0.4,Hoburg 68550,Y,1991,50
1991-02-20,1.4,Y,,,1.4,Hoburg 68550,Y,1991,51
1991-02-21,1.8,Y,,,1.8,Hoburg 68550,Y,1991,52
1991-02-22,2,Y,,,2,Hoburg 68550,Y,1991,53
1991-02-23,2.1,Y,,,2.1,Hoburg 68550,Y,1991,54
1991-02-24,3.9,Y,,,3.9,Hoburg 68550,Y,1991,55
1991-02-25,4,Y,,,4,Hoburg 68550,Y,1991,56
1991-02-26,0.9,Y,,,0.9,Hoburg 68550,Y,1991,57
1991-02-27,-1.2,Y,,,-1.2,Hoburg 68550,Y,1991,58
1991-02-28,0.2,Y,,,0.2,Hoburg 68550,Y,1991,59
1991-03-01,0.9,Y,,,0.9,Hoburg 68550,Y,1991,60
1991-03-02,1,Y,,,1,Hoburg 68550,Y,1991,61
1991-03-03,1,Y,,,1,Hoburg 68550,Y,1991,62
1991-03-04,2.6,Y,,,2.6,Hoburg 68550,Y,1991,63
1991-03-05,0.7,Y,,,0.7,Hoburg 68550,Y,1991,64
1991-03-06,1.6,Y,,,1.6,Hoburg 68550,Y,1991,65
1991-03-07,1.6,Y,,,1.6,Hoburg 68550,Y,1991,66
1991-03-08,1.9,Y,,,1.9,Hoburg 68550,Y,1991,67
1991-03-09,1.6,Y,,,1.6,Hoburg 68550,Y,1991,68
1991-03-10,2,Y,,,2,Hoburg 68550,Y,1991,69
1991-03-11,2.6,Y,,,2.6,Hoburg 68550,Y,1991,70
1991-03-12,3.5,Y,,,3.5,Hoburg 68550,Y,1991,71
1991-03-13,2.5,Y,,,2.5,Hoburg 68550,Y,1991,72
1991-03-14,2.7,Y,,,2.7,Hoburg 68550,Y,1991,73
1991-03-15,3.7,Y,,,3.7,Hoburg 68550,Y,1991,74
1991-03-16,0.6,Y,,,0.6,Hoburg 68550,Y,1991,75
1991-03-17,2.3,Y,,,2.3,Hoburg 68550,Y,1991,76
1991-03-18,2.9,Y,,,2.9,Hoburg 68550,Y,1991,77
1991-03-19,3,Y,,,3,Hoburg 68550,Y,1991,78
1991-03-20,3.6,Y,,,3.6,Hoburg 68550,Y,1991,79
1991-03-21,3.5,Y,,,3.5,Hoburg 68550,Y,1991,80
1991-03-22,3.4,Y,,,3.4,Hoburg 68550,Y,1991,81
1991-03-23,3.5,Y,,,3.5,Hoburg 68550,Y,1991,82
1991-03-24,1.9,Y,,,1.9,Hoburg 68550,Y,1991,83
1991-03-25,1.6,Y,,,1.6,Hoburg 68550,Y,1991,84
1991-03-26,4.1,Y,,,4.1,Hoburg 68550,Y,1991,85
1991-03-27,1.1,Y,,,1.1,Hoburg 68550,Y,1991,86
1991-03-28,1.4,Y,,,1.4,Hoburg 68550,Y,1991,87
1991-03-29,3.3,Y,,,3.3,Hoburg 68550,Y,1991,88
1991-03-30,3,Y,,,3,Hoburg 68550,Y,1991,89
1991-03-31,2.6,Y,,,2.6,Hoburg 68550,Y,1991,90
1991-04-01,3.3,Y,,,3.3,Hoburg 68550,Y,1991,91
1991-04-02,4.4,Y,,,4.4,Hoburg 68550,Y,1991,92
1991-04-03,5.2,Y,,,5.2,Hoburg 68550,Y,1991,93
1991-04-04,6.5,Y,,,6.5,Hoburg 68550,Y,1991,94
1991-04-05,5.7,Y,,,5.7,Hoburg 68550,Y,1991,95
1991-04-06,5.5,Y,,,5.5,Hoburg 68550,Y,1991,96
1991-04-07,5.5,Y,,,5.5,Hoburg 68550,Y,1991,97
1991-04-08,4.9,Y,,,4.9,Hoburg 68550,Y,1991,98
1991-04-09,4.7,Y,,,4.7,Hoburg 68550,Y,1991,99
1991-04-10,5.2,Y,,,5.2,Hoburg 68550,Y,1991,100
1991-04-11,5.7,Y,,,5.7,Hoburg 68550,Y,1991,101
1991-04-12,8.5,Y,,,8.5,Hoburg 68550,Y,1991,102
1991-04-13,8.9,Y,,,8.9,Hoburg 68550,Y,1991,103
1991-04-14,7.6,Y,,,7.6,Hoburg 68550,Y,1991,104
1991-04-15,5.4,Y,,,5.4,Hoburg 68550,Y,1991,105
1991-04-16,4.4,Y,,,4.4,Hoburg 68550,Y,1991,106
1991-04-17,2.2,Y,,,2.2,Hoburg 68550,Y,1991,107
1991-04-18,0.2,Y,,,0.2,Hoburg 68550,Y,1991,108
1991-04-19,0.4,Y,,,0.4,Hoburg 68550,Y,1991,109
1991-04-20,1,Y,,,1,Hoburg 68550,Y,1991,110
1991-04-21,2.2,Y,,,2.2,Hoburg 68550,Y,1991,111
1991-04-22,2.8,Y,,,2.8,Hoburg 68550,Y,1991,112
1991-04-23,4.7,Y,,,4.7,Hoburg 68550,Y,1991,113
1991-04-24,5.2,Y,,,5.2,Hoburg 68550,Y,1991,114
1991-04-25,2.8,Y,,,2.8,Hoburg 68550,Y,1991,115
1991-04-26,3.7,Y,,,3.7,Hoburg 68550,Y,1991,116
1991-04-27,6.9,Y,,,6.9,Hoburg 68550,Y,1991,117
1991-04-28,5.7,Y,,,5.7,Hoburg 68550,Y,1991,118
1991-04-29,5.2,Y,,,5.2,Hoburg 68550,Y,1991,119
1991-04-30,7.6,Y,,,7.6,Hoburg 68550,Y,1991,120
1991-05-01,6,Y,,,6,Hoburg 68550,Y,1991,121
1991-05-02,4.9,Y,,,4.9,Hoburg 68550,Y,1991,122
1991-05-03,5.2,Y,,,5.2,Hoburg 68550,Y,1991,123
1991-05-04,7.6,Y,,,7.6,Hoburg 68550,Y,1991,124
1991-05-05,8,Y,,,8,Hoburg 68550,Y,1991,125
1991-05-06,6.5,Y,,,6.5,Hoburg 68550,Y,1991,126
1991-05-07,5.3,Y,,,5.3,Hoburg 68550,Y,1991,127
1991-05-08,8.1,Y,,,8.1,Hoburg 68550,Y,1991,128
1991-05-09,6.4,Y,,,6.4,Hoburg 68550,Y,1991,129
1991-05-10,7.2,Y,,,7.2,Hoburg 68550,Y,1991,130
1991-05-11,8.3,Y,,,8.3,Hoburg 68550,Y,1991,131
1991-05-12,9,Y,,,9,Hoburg 68550,Y,1991,132
1991-05-13,8.8,Y,,,8.8,Hoburg 68550,Y,1991,133
1991-05-14,8.6,Y,,,8.6,Hoburg 68550,Y,1991,134
1991-05-15,7.5,Y,,,7.5,Hoburg 68550,Y,1991,135
1991-05-16,6.1,Y,,,6.1,Hoburg 68550,Y,1991,136
1991-05-17,6.5,Y,,,6.5,Hoburg 68550,Y,1991,137
1991-05-18,6.1,Y,,,6.1,Hoburg 68550,Y,1991,138
1991-05-19,6.7,Y,,,6.7,Hoburg 68550,Y,1991,139
1991-05-20,7.8,Y,,,7.8,Hoburg 68550,Y,1991,140
1991-05-21,10.2,Y,,,10.2,Hoburg 68550,Y,1991,141
1991-05-22,9.1,Y,,,9.1,Hoburg 68550,Y,1991,142
1991-05-23,6.8,Y,,,6.8,Hoburg 68550,Y,1991,143
1991-05-24,7.6,Y,,,7.6,Hoburg 68550,Y,1991,144
1991-05-25,7.7,Y,,,7.7,Hoburg 68550,Y,1991,145
1991-05-26,8.1,Y,,,8.1,Hoburg 68550,Y,1991,146
1991-05-27,9.3,Y,,,9.3,Hoburg 68550,Y,1991,147
1991-05-28,8.9,Y,,,8.9,Hoburg 68550,Y,1991,148
1991-05-29,10.7,Y,,,10.7,Hoburg 68550,Y,1991,149
1991-05-30,10.7,Y,,,10.7,Hoburg 68550,Y,1991,150
1991-05-31,10.2,Y,,,10.2,Hoburg 68550,Y,1991,151
1991-06-01,8.2,Y,,,8.2,Hoburg 68550,Y,1991,152
1991-06-02,8.8,Y,,,8.8,Hoburg 68550,Y,1991,153
1991-06-03,9.9,Y,,,9.9,Hoburg 68550,Y,1991,154
1991-06-04,9,Y,,,9,Hoburg 68550,Y,1991,155
1991-06-05,9.2,Y,,,9.2,Hoburg 68550,Y,1991,156
1991-06-06,10.2,Y,,,10.2,Hoburg 68550,Y,1991,157
1991-06-07,9.9,Y,,,9.9,Hoburg 68550,Y,1991,158
1991-06-08,9.5,Y,,,9.5,Hoburg 68550,Y,1991,159
1991-06-09,11,Y,,,11,Hoburg 68550,Y,1991,160
1991-06-10,9.9,Y,,,9.9,Hoburg 68550,Y,1991,161
1991-06-11,10.9,Y,,,10.9,Hoburg 68550,Y,1991,162
1991-06-12,10.6,Y,,,10.6,Hoburg 68550,Y,1991,163
1991-06-13,10.3,Y,,,10.3,Hoburg 68550,Y,1991,164
1991-06-14,11.2,Y,,,11.2,Hoburg 68550,Y,1991,165
1991-06-15,11,Y,,,11,Hoburg 68550,Y,1991,166
1991-06-16,9.9,Y,,,9.9,Hoburg 68550,Y,1991,167
1991-06-17,10.2,Y,,,10.2,Hoburg 68550,Y,1991,168
1991-06-18,9.6,Y,,,9.6,Hoburg 68550,Y,1991,169
1991-06-19,10.9,Y,,,10.9,Hoburg 68550,Y,1991,170
1991-06-20,11.5,Y,,,11.5,Hoburg 68550,Y,1991,171
1991-06-21,11.7,Y,,,11.7,Hoburg 68550,Y,1991,172
1991-06-22,12.7,Y,,,12.7,Hoburg 68550,Y,1991,173
1991-06-23,12.7,Y,,,12.7,Hoburg 68550,Y,1991,174
1991-06-24,11.3,Y,,,11.3,Hoburg 68550,Y,1991,175
1991-06-25,12.6,Y,,,12.6,Hoburg 68550,Y,1991,176
1991-06-26,11.9,Y,,,11.9,Hoburg 68550,Y,1991,177
1991-06-27,12.6,Y,,,12.6,Hoburg 68550,Y,1991,178
1991-06-28,10.8,Y,,,10.8,Hoburg 68550,Y,1991,179
1991-06-29,10.5,Y,,,10.5,Hoburg 68550,Y,1991,180
1991-06-30,10.8,Y,,,10.8,Hoburg 68550,Y,1991,181
1991-07-01,11.2,Y,,,11.2,Hoburg 68550,Y,1991,182
1991-07-02,14.1,Y,,,14.1,Hoburg 68550,Y,1991,183
1991-07-03,16.8,Y,,,16.8,Hoburg 68550,Y,1991,184
1991-07-04,17.9,Y,,,17.9,Hoburg 68550,Y,1991,185
1991-07-05,18.6,Y,,,18.6,Hoburg 68550,Y,1991,186
1991-07-06,19.8,Y,,,19.8,Hoburg 68550,Y,1991,187
1991-07-07,20.8,Y,,,20.8,Hoburg 68550,Y,1991,188
1991-07-08,20.3,Y,,,20.3,Hoburg 68550,Y,1991,189
1991-07-09,19.5,Y,,,19.5,Hoburg 68550,Y,1991,190
1991-07-10,17.6,Y,,,17.6,Hoburg 68550,Y,1991,191
1991-07-11,17.2,Y,,,17.2,Hoburg 68550,Y,1991,192
1991-07-12,17.3,Y,,,17.3,Hoburg 68550,Y,1991,193
1991-07-13,17.4,Y,,,17.4,Hoburg 68550,Y,1991,194
1991-07-14,17,Y,,,17,Hoburg 68550,Y,1991,195
1991-07-15,16.3,Y,,,16.3,Hoburg 68550,Y,1991,196
1991-07-16,16.2,Y,,,16.2,Hoburg 68550,Y,1991,197
1991-07-17,16,Y,,,16,Hoburg 68550,Y,1991,198
1991-07-18,16.5,Y,,,16.5,Hoburg 68550,Y,1991,199
1991-07-19,16.6,Y,,,16.6,Hoburg 68550,Y,1991,200
1991-07-20,17,Y,,,17,Hoburg 68550,Y,1991,201
1991-07-21,15.7,Y,,,15.7,Hoburg 68550,Y,1991,202
1991-07-22,16.9,Y,,,16.9,Hoburg 68550,Y,1991,203
1991-07-23,16.9,Y,,,16.9,Hoburg 68550,Y,1991,204
1991-07-24,15.7,Y,,,15.7,Hoburg 68550,Y,1991,205
1991-07-25,17.4,Y,,,17.4,Hoburg 68550,Y,1991,206
1991-07-26,17.1,Y,,,17.1,Hoburg 68550,Y,1991,207
1991-07-27,18,Y,,,18,Hoburg 68550,Y,1991,208
1991-07-28,20,Y,,,20,Hoburg 68550,Y,1991,209
1991-07-29,19.5,Y,,,19.5,Hoburg 68550,Y,1991,210
1991-07-30,21,Y,,,21,Hoburg 68550,Y,1991,211
1991-07-31,21.3,Y,,,21.3,Hoburg 68550,Y,1991,212
1991-08-01,20.8,Y,,,20.8,Hoburg 68550,Y,1991,213
1991-08-02,22.3,Y,,,22.3,Hoburg 68550,Y,1991,214
1991-08-03,21.3,Y,,,21.3,Hoburg 68550,Y,1991,215
1991-08-04,21.8,Y,,,21.8,Hoburg 68550,Y,1991,216
1991-08-05,22.5,Y,,,22.5,Hoburg 68550,Y,1991,217
1991-08-06,20.8,Y,,,20.8,Hoburg 68550,Y,1991,218
1991-08-07,20.2,Y,,,20.2,Hoburg 68550,Y,1991,219
1991-08-08,20.6,Y,,,20.6,Hoburg 68550,Y,1991,220
1991-08-09,19.9,Y,,,19.9,Hoburg 68550,Y,1991,221
1991-08-10,18.5,Y,,,18.5,Hoburg 68550,Y,1991,222
1991-08-11,18.3,Y,,,18.3,Hoburg 68550,Y,1991,223
1991-08-12,14.7,Y,,,14.7,Hoburg 68550,Y,1991,224
1991-08-13,16.6,Y,,,16.6,Hoburg 68550,Y,1991,225
1991-08-14,16.9,Y,,,16.9,Hoburg 68550,Y,1991,226
1991-08-15,17.4,Y,,,17.4,Hoburg 68550,Y,1991,227
1991-08-16,16.8,Y,,,16.8,Hoburg 68550,Y,1991,228
1991-08-17,16.7,Y,,,16.7,Hoburg 68550,Y,1991,229
1991-08-18,15.5,Y,,,15.5,Hoburg 68550,Y,1991,230
1991-08-19,16,Y,,,16,Hoburg 68550,Y,1991,231
1991-08-20,16.5,Y,,,16.5,Hoburg 68550,Y,1991,232
1991-08-21,17.1,Y,,,17.1,Hoburg 68550,Y,1991,233
1991-08-22,17.6,Y,,,17.6,Hoburg 68550,Y,1991,234
1991-08-23,17.9,Y,,,17.9,Hoburg 68550,Y,1991,235
1991-08-24,17.5,Y,,,17.5,Hoburg 68550,Y,1991,236
1991-08-25,16.4,Y,,,16.4,Hoburg 68550,Y,1991,237
1991-08-26,16,Y,,,16,Hoburg 68550,Y,1991,238
1991-08-27,17.1,Y,,,17.1,Hoburg 68550,Y,1991,239
1991-08-28,14.9,Y,,,14.9,Hoburg 68550,Y,1991,240
1991-08-29,15.6,Y,,,15.6,Hoburg 68550,Y,1991,241
1991-08-30,15.5,Y,,,15.5,Hoburg 68550,Y,1991,242
1991-08-31,16.5,Y,,,16.5,Hoburg 68550,Y,1991,243
1991-09-01,17.3,Y,,,17.3,Hoburg 68550,Y,1991,244
1991-09-02,18.2,Y,,,18.2,Hoburg 68550,Y,1991,245
1991-09-03,18.3,Y,,,18.3,Hoburg 68550,Y,1991,246
1991-09-04,17.2,Y,,,17.2,Hoburg 68550,Y,1991,247
1991-09-05,14.5,Y,,,14.5,Hoburg 68550,Y,1991,248
1991-09-06,9.8,Y,,,9.8,Hoburg 68550,Y,1991,249
1991-09-07,9,Y,,,9,Hoburg 68550,Y,1991,250
1991-09-08,12.1,Y,,,12.1,Hoburg 68550,Y,1991,251
1991-09-09,14.2,Y,,,14.2,Hoburg 68550,Y,1991,252
1991-09-10,14.2,Y,,,14.2,Hoburg 68550,Y,1991,253
1991-09-11,12.7,Y,,,12.7,Hoburg 68550,Y,1991,254
1991-09-12,11.1,Y,,,11.1,Hoburg 68550,Y,1991,255
1991-09-13,12.9,Y,,,12.9,Hoburg 68550,Y,1991,256
1991-09-14,13.7,Y,,,13.7,Hoburg 68550,Y,1991,257
1991-09-15,14.7,Y,,,14.7,Hoburg 68550,Y,1991,258
1991-09-16,13.1,Y,,,13.1,Hoburg 68550,Y,1991,259
1991-09-17,13.3,Y,,,13.3,Hoburg 68550,Y,1991,260
1991-09-18,11.7,Y,,,11.7,Hoburg 68550,Y,1991,261
1991-09-19,13.2,Y,,,13.2,Hoburg 68550,Y,1991,262
1991-09-20,12.7,Y,,,12.7,Hoburg 68550,Y,1991,263
1991-09-21,11.9,Y,,,11.9,Hoburg 68550,Y,1991,264
1991-09-22,13.4,Y,,,13.4,Hoburg 68550,Y,1991,265
1991-09-23,13.2,Y,,,13.2,Hoburg 68550,Y,1991,266
1991-09-24,13.1,Y,,,13.1,Hoburg 68550,Y,1991,267
1991-09-25,13.3,Y,,,13.3,Hoburg 68550,Y,1991,268
1991-09-26,12.8,Y,,,12.8,Hoburg 68550,Y,1991,269
1991-09-27,11.2,Y,,,11.2,Hoburg 68550,Y,1991,270
1991-09-28,11.1,Y,,,11.1,Hoburg 68550,Y,1991,271
1991-09-29,10.8,Y,,,10.8,Hoburg 68550,Y,1991,272
1991-09-30,12.6,Y,,,12.6,Hoburg 68550,Y,1991,273
1991-10-01,11.7,Y,,,11.7,Hoburg 68550,Y,1991,274
1991-10-02,10.6,Y,,,10.6,Hoburg 68550,Y,1991,275
1991-10-03,9.8,Y,,,9.8,Hoburg 68550,Y,1991,276
1991-10-04,11.9,Y,,,11.9,Hoburg 68550,Y,1991,277
1991-10-05,11.2,Y,,,11.2,Hoburg 68550,Y,1991,278
1991-10-06,11.7,Y,,,11.7,Hoburg 68550,Y,1991,279
1991-10-07,10.1,Y,,,10.1,Hoburg 68550,Y,1991,280
1991-10-08,12.8,Y,,,12.8,Hoburg 68550,Y,1991,281
1991-10-09,12.3,Y,,,12.3,Hoburg 68550,Y,1991,282
1991-10-10,11.8,Y,,,11.8,Hoburg 68550,Y,1991,283
1991-10-11,11.2,Y,,,11.2,Hoburg 68550,Y,1991,284
1991-10-12,11.6,Y,,,11.6,Hoburg 68550,Y,1991,285
1991-10-13,11.5,Y,,,11.5,Hoburg 68550,Y,1991,286
1991-10-14,10.7,Y,,,10.7,Hoburg 68550,Y,1991,287
1991-10-15,11.8,Y,,,11.8,Hoburg 68550,Y,1991,288
1991-10-16,11.8,Y,,,11.8,Hoburg 68550,Y,1991,289
1991-10-17,10.8,Y,,,10.8,Hoburg 68550,Y,1991,290
1991-10-18,8.9,Y,,,8.9,Hoburg 68550,Y,1991,291
1991-10-19,8.2,Y,,,8.2,Hoburg 68550,Y,1991,292
1991-10-20,4.5,Y,,,4.5,Hoburg 68550,Y,1991,293
1991-10-21,3.1,Y,,,3.1,Hoburg 68550,Y,1991,294
1991-10-22,5.7,Y,,,5.7,Hoburg 68550,Y,1991,295
1991-10-23,5.5,Y,,,5.5,Hoburg 68550,Y,1991,296
1991-10-24,4.6,Y,,,4.6,Hoburg 68550,Y,1991,297
1991-10-25,5.4,Y,,,5.4,Hoburg 68550,Y,1991,298
1991-10-26,7.9,Y,,,7.9,Hoburg 68550,Y,1991,299
1991-10-27,7.9,Y,,,7.9,Hoburg 68550,Y,1991,300
1991-10-28,7.3,Y,,,7.3,Hoburg 68550,Y,1991,301
1991-10-29,5,Y,,,5,Hoburg 68550,Y,1991,302
1991-10-30,5.1,Y,,,5.1,Hoburg 68550,Y,1991,303
1991-10-31,5.2,Y,,,5.2,Hoburg 68550,Y,1991,304
1991-11-01,4.6,Y,,,4.6,Hoburg 68550,Y,1991,305
1991-11-02,6.7,Y,,,6.7,Hoburg 68550,Y,1991,306
1991-11-03,8.1,Y,,,8.1,Hoburg 68550,Y,1991,307
1991-11-04,7.6,Y,,,7.6,Hoburg 68550,Y,1991,308
1991-11-05,6.9,Y,,,6.9,Hoburg 68550,Y,1991,309
1991-11-06,5.8,Y,,,5.8,Hoburg 68550,Y,1991,310
1991-11-07,6.2,Y,,,6.2,Hoburg 68550,Y,1991,311
1991-11-08,7.5,Y,,,7.5,Hoburg 68550,Y,1991,312
1991-11-09,6.1,Y,,,6.1,Hoburg 68550,Y,1991,313
1991-11-10,4.1,Y,,,4.1,Hoburg 68550,Y,1991,314
1991-11-11,5.1,Y,,,5.1,Hoburg 68550,Y,1991,315
1991-11-12,5.8,Y,,,5.8,Hoburg 68550,Y,1991,316
1991-11-13,6.7,Y,,,6.7,Hoburg 68550,Y,1991,317
1991-11-14,6.6,Y,,,6.6,Hoburg 68550,Y,1991,318
1991-11-15,4.6,Y,,,4.6,Hoburg 68550,Y,1991,319
1991-11-16,4,Y,,,4,Hoburg 68550,Y,1991,320
1991-11-17,3.8,Y,,,3.8,Hoburg 68550,Y,1991,321
1991-11-18,4.1,Y,,,4.1,Hoburg 68550,Y,1991,322
1991-11-19,3.1,Y,,,3.1,Hoburg 68550,Y,1991,323
1991-11-20,1,Y,,,1,Hoburg 68550,Y,1991,324
1991-11-21,1.4,Y,,,1.4,Hoburg 68550,Y,1991,325
1991-11-22,4.7,Y,,,4.7,Hoburg 68550,Y,1991,326
1991-11-23,6.4,Y,,,6.4,Hoburg 68550,Y,1991,327
1991-11-24,6.7,Y,,,6.7,Hoburg 68550,Y,1991,328
1991-11-25,5.8,Y,,,5.8,Hoburg 68550,Y,1991,329
1991-11-26,4.8,Y,,,4.8,Hoburg 68550,Y,1991,330
1991-11-27,5.7,Y,,,5.7,Hoburg 68550,Y,1991,331
1991-11-28,6.2,Y,,,6.2,Hoburg 68550,Y,1991,332
1991-11-29,5.8,Y,,,5.8,Hoburg 68550,Y,1991,333
1991-11-30,5,Y,,,5,Hoburg 68550,Y,1991,334
1991-12-01,4.7,Y,,,4.7,Hoburg 68550,Y,1991,335
1991-12-02,4.1,Y,,,4.1,Hoburg 68550,Y,1991,336
1991-12-03,4.3,Y,,,4.3,Hoburg 68550,Y,1991,337
1991-12-04,4.7,Y,,,4.7,Hoburg 68550,Y,1991,338
1991-12-05,1.3,Y,,,1.3,Hoburg 68550,Y,1991,339
1991-12-06,0.9,Y,,,0.9,Hoburg 68550,Y,1991,340
1991-12-07,0.1,Y,,,0.1,Hoburg 68550,Y,1991,341
1991-12-08,2.4,Y,,,2.4,Hoburg 68550,Y,1991,342
1991-12-09,3.4,Y,,,3.4,Hoburg 68550,Y,1991,343
1991-12-10,2.4,Y,,,2.4,Hoburg 68550,Y,1991,344
1991-12-11,3.5,Y,,,3.5,Hoburg 68550,Y,1991,345
1991-12-12,1.4,Y,,,1.4,Hoburg 68550,Y,1991,346
1991-12-13,5.5,Y,,,5.5,Hoburg 68550,Y,1991,347
1991-12-14,6,Y,,,6,Hoburg 68550,Y,1991,348
1991-12-15,3.5,Y,,,3.5,Hoburg 68550,Y,1991,349
1991-12-16,3.3,Y,,,3.3,Hoburg 68550,Y,1991,350
1991-12-17,3.7,Y,,,3.7,Hoburg 68550,Y,1991,351
1991-12-18,3.3,Y,,,3.3,Hoburg 68550,Y,1991,352
1991-12-19,4,Y,,,4,Hoburg 68550,Y,1991,353
1991-12-20,4.2,Y,,,4.2,Hoburg 68550,Y,1991,354
1991-12-21,3.9,Y,,,3.9,Hoburg 68550,Y,1991,355
1991-12-22,1.2,Y,,,1.2,Hoburg 68550,Y,1991,356
1991-12-23,4.9,Y,,,4.9,Hoburg 68550,Y,1991,357
1991-12-24,1.4,Y,,,1.4,Hoburg 68550,Y,1991,358
1991-12-25,0.2,Y,,,0.2,Hoburg 68550,Y,1991,359
1991-12-26,2.7,Y,,,2.7,Hoburg 68550,Y,1991,360
1991-12-27,1.3,Y,,,1.3,Hoburg 68550,Y,1991,361
1991-12-28,2.2,Y,,,2.2,Hoburg 68550,Y,1991,362
1991-12-29,4.9,Y,,,4.9,Hoburg 68550,Y,1991,363
1991-12-30,3.6,Y,,,3.6,Hoburg 68550,Y,1991,364
1991-12-31,0.8,Y,,,0.8,Hoburg 68550,Y,1991,365
1992-01-01,4.1,Y,,,4.1,Hoburg 68550,Y,1992,1
1992-01-02,5.5,Y,,,5.5,Hoburg 68550,Y,1992,2
1992-01-03,6,Y,,,6,Hoburg 68550,Y,1992,3
1992-01-04,4.5,Y,,,4.5,Hoburg 68550,Y,1992,4
1992-01-05,2.6,Y,,,2.6,Hoburg 68550,Y,1992,5
1992-01-06,1.6,Y,,,1.6,Hoburg 68550,Y,1992,6
1992-01-07,4.6,Y,,,4.6,Hoburg 68550,Y,1992,7
1992-01-08,4.3,Y,,,4.3,Hoburg 68550,Y,1992,8
1992-01-09,3,Y,,,3,Hoburg 68550,Y,1992,9
1992-01-10,1.1,Y,,,1.1,Hoburg 68550,Y,1992,10
1992-01-11,4.1,Y,,,4.1,Hoburg 68550,Y,1992,11
1992-01-12,4,Y,,,4,Hoburg 68550,Y,1992,12
1992-01-13,1.3,Y,,,1.3,Hoburg 68550,Y,1992,13
1992-01-14,4.1,Y,,,4.1,Hoburg 68550,Y,1992,14
1992-01-15,4.8,Y,,,4.8,Hoburg 68550,Y,1992,15
1992-01-16,4.5,Y,,,4.5,Hoburg 68550,Y,1992,16
1992-01-17,0.7,Y,,,0.7,Hoburg 68550,Y,1992,17
1992-01-18,0.9,Y,,,0.9,Hoburg 68550,Y,1992,18
1992-01-19,-2.3,Y,,,-2.3,Hoburg 68550,Y,1992,19
1992-01-20,-3.2,Y,,,-3.2,Hoburg 68550,Y,1992,20
1992-01-21,0.5,Y,,,0.5,Hoburg 68550,Y,1992,21
1992-01-22,0.7,Y,,,0.7,Hoburg 68550,Y,1992,22
1992-01-23,0.1,Y,,,0.1,Hoburg 68550,Y,1992,23
1992-01-24,0.5,Y,,,0.5,Hoburg 68550,Y,1992,24
1992-01-25,0.9,Y,,,0.9,Hoburg 68550,Y,1992,25
1992-01-26,0.8,Y,,,0.8,Hoburg 68550,Y,1992,26
1992-01-27,2.5,Y,,,2.5,Hoburg 68550,Y,1992,27
1992-01-28,3.5,Y,,,3.5,Hoburg 68550,Y,1992,28
1992-01-29,4.1,Y,,,4.1,Hoburg 68550,Y,1992,29
1992-01-30,3.5,Y,,,3.5,Hoburg 68550,Y,1992,30
1992-01-31,2.4,Y,,,2.4,Hoburg 68550,Y,1992,31
1992-02-01,1.2,Y,,,1.2,Hoburg 68550,Y,1992,32
1992-02-02,1.7,Y,,,1.7,Hoburg 68550,Y,1992,33
1992-02-03,2.1,Y,,,2.1,Hoburg 68550,Y,1992,34
1992-02-04,1,Y,,,1,Hoburg 68550,Y,1992,35
1992-02-05,0.3,Y,,,0.3,Hoburg 68550,Y,1992,36
1992-02-06,-0.5,Y,,,-0.5,Hoburg 68550,Y,1992,37
1992-02-07,3,Y,,,3,Hoburg 68550,Y,1992,38
1992-02-08,4.2,Y,,,4.2,Hoburg 68550,Y,1992,39
1992-02-09,3.3,Y,,,3.3,Hoburg 68550,Y,1992,40
1992-02-10,2.8,Y,,,2.8,Hoburg 68550,Y,1992,41
1992-02-11,3.4,Y,,,3.4,Hoburg 68550,Y,1992,42
1992-02-12,2.7,Y,,,2.7,Hoburg 68550,Y,1992,43
1992-02-13,3.2,Y,,,3.2,Hoburg 68550,Y,1992,44
1992-02-14,3.7,Y,,,3.7,Hoburg 68550,Y,1992,45
1992-02-15,3.2,Y,,,3.2,Hoburg 68550,Y,1992,46
1992-02-16,-1.7,Y,,,-1.7,Hoburg 68550,Y,1992,47
1992-02-17,-2.9,Y,,,-2.9,Hoburg 68550,Y,1992,48
1992-02-18,0,Y,,,0,Hoburg 68550,Y,1992,49
1992-02-19,-0.2,Y,,,-0.2,Hoburg 68550,Y,1992,50
1992-02-20,-0.5,Y,,,-0.5,Hoburg 68550,Y,1992,51
1992-02-21,-0.4,Y,,,-0.4,Hoburg 68550,Y,1992,52
1992-02-22,1.8,Y,,,1.8,Hoburg 68550,Y,1992,53
1992-02-23,4.6,Y,,,4.6,Hoburg 68550,Y,1992,54
1992-02-24,3.1,Y,,,3.1,Hoburg 68550,Y,1992,55
1992-02-25,4.4,Y,,,4.4,Hoburg 68550,Y,1992,56
1992-02-26,1.2,Y,,,1.2,Hoburg 68550,Y,1992,57
1992-02-27,2.7,Y,,,2.7,Hoburg 68550,Y,1992,58
1992-02-28,3.5,Y,,,3.5,Hoburg 68550,Y,1992,59
1992-02-29,3.7,Y,,,3.7,Hoburg 68550,Y,1992,60
1992-03-01,3.3,Y,,,3.3,Hoburg 68550,Y,1992,61
1992-03-02,4.2,Y,,,4.2,Hoburg 68550,Y,1992,62
1992-03-03,4.3,Y,,,4.3,Hoburg 68550,Y,1992,63
1992-03-04,3.4,Y,,,3.4,Hoburg 68550,Y,1992,64
1992-03-05,3.6,Y,,,3.6,Hoburg 68550,Y,1992,65
1992-03-06,3.3,Y,,,3.3,Hoburg 68550,Y,1992,66
1992-03-07,3.4,Y,,,3.4,Hoburg 68550,Y,1992,67
1992-03-08,3.4,Y,,,3.4,Hoburg 68550,Y,1992,68
1992-03-09,3.8,Y,,,3.8,Hoburg 68550,Y,1992,69
1992-03-10,4,Y,,,4,Hoburg 68550,Y,1992,70
1992-03-11,3.7,Y,,,3.7,Hoburg 68550,Y,1992,71
1992-03-12,2.9,Y,,,2.9,Hoburg 68550,Y,1992,72
1992-03-13,3.2,Y,,,3.2,Hoburg 68550,Y,1992,73
1992-03-14,1.6,Y,,,1.6,Hoburg 68550,Y,1992,74
1992-03-15,-1.4,Y,,,-1.4,Hoburg 68550,Y,1992,75
1992-03-16,1.9,Y,,,1.9,Hoburg 68550,Y,1992,76
1992-03-17,2.1,Y,,,2.1,Hoburg 68550,Y,1992,77
1992-03-18,3.5,Y,,,3.5,Hoburg 68550,Y,1992,78
1992-03-19,3.9,Y,,,3.9,Hoburg 68550,Y,1992,79
1992-03-20,3.7,Y,,,3.7,Hoburg 68550,Y,1992,80
1992-03-21,3.8,Y,,,3.8,Hoburg 68550,Y,1992,81
1992-03-22,3.6,Y,,,3.6,Hoburg 68550,Y,1992,82
1992-03-23,3.6,Y,,,3.6,Hoburg 68550,Y,1992,83
1992-03-24,3.6,Y,,,3.6,Hoburg 68550,Y,1992,84
1992-03-25,1.5,Y,,,1.5,Hoburg 68550,Y,1992,85
1992-03-26,1.9,Y,,,1.9,Hoburg 68550,Y,1992,86
1992-03-27,1.8,Y,,,1.8,Hoburg 68550,Y,1992,87
1992-03-28,1.6,Y,,,1.6,Hoburg 68550,Y,1992,88
1992-03-29,1.3,Y,,,1.3,Hoburg 68550,Y,1992,89
1992-03-30,0.2,Y,,,0.2,Hoburg 68550,Y,1992,90
1992-03-31,0.1,Y,,,0.1,Hoburg 68550,Y,1992,91
1992-04-01,3.8,Y,,,3.8,Hoburg 68550,Y,1992,92
1992-04-02,5.1,Y,,,5.1,Hoburg 68550,Y,1992,93
1992-04-03,4.6,Y,,,4.6,Hoburg 68550,Y,1992,94
1992-04-04,2.4,Y,,,2.4,Hoburg 68550,Y,1992,95
1992-04-05,3.2,Y,,,3.2,Hoburg 68550,Y,1992,96
1992-04-06,2.3,Y,,,2.3,Hoburg 68550,Y,1992,97
1992-04-07,2.6,Y,,,2.6,Hoburg 68550,Y,1992,98
1992-04-08,3.3,Y,,,3.3,Hoburg 68550,Y,1992,99
1992-04-09,3.6,Y,,,3.6,Hoburg 68550,Y,1992,100
1992-04-10,2.7,Y,,,2.7,Hoburg 68550,Y,1992,101
1992-04-11,4.9,Y,,,4.9,Hoburg 68550,Y,1992,102
1992-04-12,4.5,Y,,,4.5,Hoburg 68550,Y,1992,103
1992-04-13,5.8,Y,,,5.8,Hoburg 68550,Y,1992,104
1992-04-14,4.9,Y,,,4.9,Hoburg 68550,Y,1992,105
1992-04-15,2.7,Y,,,2.7,Hoburg 68550,Y,1992,106
1992-04-16,2.7,Y,,,2.7,Hoburg 68550,Y,1992,107
1992-04-17,2.4,Y,,,2.4,Hoburg 68550,Y,1992,108
1992-04-18,3.3,Y,,,3.3,Hoburg 68550,Y,1992,109
1992-04-19,4.4,Y,,,4.4,Hoburg 68550,Y,1992,110
1992-04-20,3.4,Y,,,3.4,Hoburg 68550,Y,1992,111
1992-04-21,3,Y,,,3,Hoburg 68550,Y,1992,112
1992-04-22,1.9,Y,,,1.9,Hoburg 68550,Y,1992,113
1992-04-23,2.3,Y,,,2.3,Hoburg 68550,Y,1992,114
1992-04-24,4.4,Y,,,4.4,Hoburg 68550,Y,1992,115
1992-04-25,5.1,Y,,,5.1,Hoburg 68550,Y,1992,116
1992-04-26,6.3,Y,,,6.3,Hoburg 68550,Y,1992,117
1992-04-27,6.2,Y,,,6.2,Hoburg 68550,Y,1992,118
1992-04-28,6.6,Y,,,6.6,Hoburg 68550,Y,1992,119
1992-04-29,5.7,Y,,,5.7,Hoburg 68550,Y,1992,120
1992-04-30,6.2,Y,,,6.2,Hoburg 68550,Y,1992,121
1992-05-01,6.8,Y,,,6.8,Hoburg 68550,Y,1992,122
1992-05-02,7,Y,,,7,Hoburg 68550,Y,1992,123
1992-05-03,7.1,Y,,,7.1,Hoburg 68550,Y,1992,124
1992-05-04,7.3,Y,,,7.3,Hoburg 68550,Y,1992,125
1992-05-05,7.4,Y,,,7.4,Hoburg 68550,Y,1992,126
1992-05-06,8.1,Y,,,8.1,Hoburg 68550,Y,1992,127
1992-05-07,8.1,Y,,,8.1,Hoburg 68550,Y,1992,128
1992-05-08,7.1,Y,,,7.1,Hoburg 68550,Y,1992,129
1992-05-09,5.5,Y,,,5.5,Hoburg 68550,Y,1992,130
1992-05-10,6.9,Y,,,6.9,Hoburg 68550,Y,1992,131
1992-05-11,6.6,Y,,,6.6,Hoburg 68550,Y,1992,132
1992-05-12,7.1,Y,,,7.1,Hoburg 68550,Y,1992,133
1992-05-13,10.2,Y,,,10.2,Hoburg 68550,Y,1992,134
1992-05-14,9.5,Y,,,9.5,Hoburg 68550,Y,1992,135
1992-05-15,9.7,Y,,,9.7,Hoburg 68550,Y,1992,136
1992-05-16,10.9,Y,,,10.9,Hoburg 68550,Y,1992,137
1992-05-17,9.2,Y,,,9.2,Hoburg 68550,Y,1992,138
1992-05-18,10.5,Y,,,10.5,Hoburg 68550,Y,1992,139
1992-05-19,12,Y,,,12,Hoburg 68550,Y,1992,140
1992-05-20,14.1,Y,,,14.1,Hoburg 68550,Y,1992,141
1992-05-21,14.2,Y,,,14.2,Hoburg 68550,Y,1992,142
1992-05-22,14.1,Y,,,14.1,Hoburg 68550,Y,1992,143
1992-05-23,12.7,Y,,,12.7,Hoburg 68550,Y,1992,144
1992-05-24,12.2,Y,,,12.2,Hoburg 68550,Y,1992,145
1992-05-25,13.7,Y,,,13.7,Hoburg 68550,Y,1992,146
1992-05-26,15.9,Y,,,15.9,Hoburg 68550,Y,1992,147
1992-05-27,16.5,Y,,,16.5,Hoburg 68550,Y,1992,148
1992-05-28,16.3,Y,,,16.3,Hoburg 68550,Y,1992,149
1992-05-29,17.2,Y,,,17.2,Hoburg 68550,Y,1992,150
1992-05-30,16.8,Y,,,16.8,Hoburg 68550,Y,1992,151
1992-05-31,17.9,Y,,,17.9,Hoburg 68550,Y,1992,152
1992-06-01,18.3,Y,,,18.3,Hoburg 68550,Y,1992,153
1992-06-02,18,Y,,,18,Hoburg 68550,Y,1992,154
1992-06-03,18,Y,,,18,Hoburg 68550,Y,1992,155
1992-06-04,17.1,Y,,,17.1,Hoburg 68550,Y,1992,156
1992-06-05,18.3,Y,,,18.3,Hoburg 68550,Y,1992,157
1992-06-06,18.6,Y,,,18.6,Hoburg 68550,Y,1992,158
1992-06-07,19.3,Y,,,19.3,Hoburg 68550,Y,1992,159
1992-06-08,20.3,Y,,,20.3,Hoburg 68550,Y,1992,160
1992-06-09,15.5,Y,,,15.5,Hoburg 68550,Y,1992,161
1992-06-10,14.7,Y,,,14.7,Hoburg 68550,Y,1992,162
1992-06-11,14,Y,,,14,Hoburg 68550,Y,1992,163
1992-06-12,15.5,Y,,,15.5,Hoburg 68550,Y,1992,164
1992-06-13,15.7,Y,,,15.7,Hoburg 68550,Y,1992,165
1992-06-14,17.6,Y,,,17.6,Hoburg 68550,Y,1992,166
1992-06-15,17.8,Y,,,17.8,Hoburg 68550,Y,1992,167
1992-06-16,17.9,Y,,,17.9,Hoburg 68550,Y,1992,168
1992-06-17,15.5,Y,,,15.5,Hoburg 68550,Y,1992,169
1992-06-18,16.5,Y,,,16.5,Hoburg 68550,Y,1992,170
1992-06-19,17.7,Y,,,17.7,Hoburg 68550,Y,1992,171
1992-06-20,17.7,Y,,,17.7,Hoburg 68550,Y,1992,172
1992-06-21,15.9,Y,,,15.9,Hoburg 68550,Y,1992,173
1992-06-22,14.6,Y,,,14.6,Hoburg 68550,Y,1992,174
1992-06-23,16.1,Y,,,16.1,Hoburg 68550,Y,1992,175
1992-06-24,15.4,Y,,,15.4,Hoburg 68550,Y,1992,176
1992-06-25,16.3,Y,,,16.3,Hoburg 68550,Y,1992,177
1992-06-26,15.8,Y,,,15.8,Hoburg 68550,Y,1992,178
1992-06-27,18.7,Y,,,18.7,Hoburg 68550,Y,1992,179
1992-06-28,19.6,Y,,,19.6,Hoburg 68550,Y,1992,180
1992-06-29,18.6,Y,,,18.6,Hoburg 68550,Y,1992,181
1992-06-30,19.3,Y,,,19.3,Hoburg 68550,Y,1992,182
1992-07-01,20.1,Y,,,20.1,Hoburg 68550,Y,1992,183
1992-07-02,16.7,Y,,,16.7,Hoburg 68550,Y,1992,184
1992-07-03,16,Y,,,16,Hoburg 68550,Y,1992,185
1992-07-04,17.7,Y,,,17.7,Hoburg 68550,Y,1992,186
1992-07-05,15.2,Y,,,15.2,Hoburg 68550,Y,1992,187
1992-07-06,15,Y,,,15,Hoburg 68550,Y,1992,188
1992-07-07,16.5,Y,,,16.5,Hoburg 68550,Y,1992,189
1992-07-08,15.8,Y,,,15.8,Hoburg 68550,Y,1992,190
1992-07-09,18.3,Y,,,18.3,Hoburg 68550,Y,1992,191
1992-07-10,19.1,Y,,,19.1,Hoburg 68550,Y,1992,192
1992-07-11,19.3,Y,,,19.3,Hoburg 68550,Y,1992,193
1992-07-12,18.5,Y,,,18.5,Hoburg 68550,Y,1992,194
1992-07-13,18.8,Y,,,18.8,Hoburg 68550,Y,1992,195
1992-07-14,16.7,Y,,,16.7,Hoburg 68550,Y,1992,196
1992-07-15,16.7,Y,,,16.7,Hoburg 68550,Y,1992,197
1992-07-16,16.4,Y,,,16.4,Hoburg 68550,Y,1992,198
1992-07-17,17.8,Y,,,17.8,Hoburg 68550,Y,1992,199
1992-07-18,17.1,Y,,,17.1,Hoburg 68550,Y,1992,200
1992-07-19,17.9,Y,,,17.9,Hoburg 68550,Y,1992,201
1992-07-20,19.3,Y,,,19.3,Hoburg 68550,Y,1992,202
1992-07-21,20.7,Y,,,20.7,Hoburg 68550,Y,1992,203
1992-07-22,20.4,Y,,,20.4,Hoburg 68550,Y,1992,204
1992-07-23,18.8,Y,,,18.8,Hoburg 68550,Y,1992,205
1992-07-24,18.7,Y,,,18.7,Hoburg 68550,Y,1992,206
1992-07-25,18.8,Y,,,18.8,Hoburg 68550,Y,1992,207
1992-07-26,19.3,Y,,,19.3,Hoburg 68550,Y,1992,208
1992-07-27,19.5,Y,,,19.5,Hoburg 68550,Y,1992,209
1992-07-28,15.9,Y,,,15.9,Hoburg 68550,Y,1992,210
1992-07-29,17.8,Y,,,17.8,Hoburg 68550,Y,1992,211
1992-07-30,17.2,Y,,,17.2,Hoburg 68550,Y,1992,212
1992-07-31,18,Y,,,18,Hoburg 68550,Y,1992,213
1992-08-01,17.1,Y,,,17.1,Hoburg 68550,Y,1992,214
1992-08-02,17.3,Y,,,17.3,Hoburg 68550,Y,1992,215
1992-08-03,18.6,Y,,,18.6,Hoburg 68550,Y,1992,216
1992-08-04,18.5,Y,,,18.5,Hoburg 68550,Y,1992,217
1992-08-05,17.2,Y,,,17.2,Hoburg 68550,Y,1992,218
1992-08-06,19.4,Y,,,19.4,Hoburg 68550,Y,1992,219
1992-08-07,17.1,Y,,,17.1,Hoburg 68550,Y,1992,220
1992-08-08,16.5,Y,,,16.5,Hoburg 68550,Y,1992,221
1992-08-09,16.2,Y,,,16.2,Hoburg 68550,Y,1992,222
1992-08-10,19.7,Y,,,19.7,Hoburg 68550,Y,1992,223
1992-08-11,18.3,Y,,,18.3,Hoburg 68550,Y,1992,224
1992-08-12,17.9,Y,,,17.9,Hoburg 68550,Y,1992,225
1992-08-13,15.6,Y,,,15.6,Hoburg 68550,Y,1992,226
1992-08-14,14.8,Y,,,14.8,Hoburg 68550,Y,1992,227
1992-08-15,16.3,Y,,,16.3,Hoburg 68550,Y,1992,228
1992-08-16,16.1,Y,,,16.1,Hoburg 68550,Y,1992,229
1992-08-17,15.6,Y,,,15.6,Hoburg 68550,Y,1992,230
1992-08-18,15.5,Y,,,15.5,Hoburg 68550,Y,1992,231
1992-08-19,16.1,Y,,,16.1,Hoburg 68550,Y,1992,232
1992-08-20,16.5,Y,,,16.5,Hoburg 68550,Y,1992,233
1992-08-21,15.1,Y,,,15.1,Hoburg 68550,Y,1992,234
1992-08-22,14.6,Y,,,14.6,Hoburg 68550,Y,1992,235
1992-08-23,16.1,Y,,,16.1,Hoburg 68550,Y,1992,236
1992-08-24,14.8,Y,,,14.8,Hoburg 68550,Y,1992,237
1992-08-25,14,Y,,,14,Hoburg 68550,Y,1992,238
1992-08-26,15.1,Y,,,15.1,Hoburg 68550,Y,1992,239
1992-08-27,15.8,Y,,,15.8,Hoburg 68550,Y,1992,240
1992-08-28,17.8,Y,,,17.8,Hoburg 68550,Y,1992,241
1992-08-29,17.6,Y,,,17.6,Hoburg 68550,Y,1992,242
1992-08-30,14.7,Y,,,14.7,Hoburg 68550,Y,1992,243
1992-08-31,15.6,Y,,,15.6,Hoburg 68550,Y,1992,244
1992-09-01,13.7,Y,,,13.7,Hoburg 68550,Y,1992,245
1992-09-02,14.4,Y,,,14.4,Hoburg 68550,Y,1992,246
1992-09-03,14.7,Y,,,14.7,Hoburg 68550,Y,1992,247
1992-09-04,13.9,Y,,,13.9,Hoburg 68550,Y,1992,248
1992-09-05,12.5,Y,,,12.5,Hoburg 68550,Y,1992,249
1992-09-06,12.2,Y,,,12.2,Hoburg 68550,Y,1992,250
1992-09-07,10.9,Y,,,10.9,Hoburg 68550,Y,1992,251
1992-09-08,12.4,Y,,,12.4,Hoburg 68550,Y,1992,252
1992-09-09,13.3,Y,,,13.3,Hoburg 68550,Y,1992,253
1992-09-10,14.3,Y,,,14.3,Hoburg 68550,Y,1992,254
1992-09-11,14.6,Y,,,14.6,Hoburg 68550,Y,1992,255
1992-09-12,14.8,Y,,,14.8,Hoburg 68550,Y,1992,256
1992-09-13,14,Y,,,14,Hoburg 68550,Y,1992,257
1992-09-14,13,Y,,,13,Hoburg 68550,Y,1992,258
1992-09-15,13.5,Y,,,13.5,Hoburg 68550,Y,1992,259
1992-09-16,13.4,Y,,,13.4,Hoburg 68550,Y,1992,260
1992-09-17,11.9,Y,,,11.9,Hoburg 68550,Y,1992,261
1992-09-18,12.2,Y,,,12.2,Hoburg 68550,Y,1992,262
1992-09-19,11.6,Y,,,11.6,Hoburg 68550,Y,1992,263
1992-09-20,12,Y,,,12,Hoburg 68550,Y,1992,264
1992-09-21,12.7,Y,,,12.7,Hoburg 68550,Y,1992,265
1992-09-22,14.1,Y,,,14.1,Hoburg 68550,Y,1992,266
1992-09-23,14.4,Y,,,14.4,Hoburg 68550,Y,1992,267
1992-09-24,13.6,Y,,,13.6,Hoburg 68550,Y,1992,268
1992-09-25,13.4,Y,,,13.4,Hoburg 68550,Y,1992,269
1992-09-26,12.7,Y,,,12.7,Hoburg 68550,Y,1992,270
1992-09-27,12.8,Y,,,12.8,Hoburg 68550,Y,1992,271
1992-09-28,11.1,Y,,,11.1,Hoburg 68550,Y,1992,272
1992-09-29,11.1,Y,,,11.1,Hoburg 68550,Y,1992,273
1992-09-30,11.2,Y,,,11.2,Hoburg 68550,Y,1992,274
1992-10-01,10.7,Y,,,10.7,Hoburg 68550,Y,1992,275
1992-10-02,8.7,Y,,,8.7,Hoburg 68550,Y,1992,276
1992-10-03,8.4,Y,,,8.4,Hoburg 68550,Y,1992,277
1992-10-04,8,Y,,,8,Hoburg 68550,Y,1992,278
1992-10-05,8.3,Y,,,8.3,Hoburg 68550,Y,1992,279
1992-10-06,10,Y,,,10,Hoburg 68550,Y,1992,280
1992-10-07,9.9,Y,,,9.9,Hoburg 68550,Y,1992,281
1992-10-08,11.3,Y,,,11.3,Hoburg 68550,Y,1992,282
1992-10-09,8.3,Y,,,8.3,Hoburg 68550,Y,1992,283
1992-10-10,6.7,Y,,,6.7,Hoburg 68550,Y,1992,284
1992-10-11,6.8,Y,,,6.8,Hoburg 68550,Y,1992,285
1992-10-12,3.3,Y,,,3.3,Hoburg 68550,Y,1992,286
1992-10-13,3.7,Y,,,3.7,Hoburg 68550,Y,1992,287
1992-10-14,8,Y,,,8,Hoburg 68550,Y,1992,288
1992-10-15,8,Y,,,8,Hoburg 68550,Y,1992,289
1992-10-16,7.1,Y,,,7.1,Hoburg 68550,Y,1992,290
1992-10-17,4.4,Y,,,4.4,Hoburg 68550,Y,1992,291
1992-10-18,4.6,Y,,,4.6,Hoburg 68550,Y,1992,292
1992-10-19,7.6,Y,,,7.6,Hoburg 68550,Y,1992,293
1992-10-20,9,Y,,,9,Hoburg 68550,Y,1992,294
1992-10-21,8,Y,,,8,Hoburg 68550,Y,1992,295
1992-10-22,6,Y,,,6,Hoburg 68550,Y,1992,296
1992-10-23,4.4,Y,,,4.4,Hoburg 68550,Y,1992,297
1992-10-24,5.4,Y,,,5.4,Hoburg 68550,Y,1992,298
1992-10-25,4.5,Y,,,4.5,Hoburg 68550,Y,1992,299
1992-10-26,3.7,Y,,,3.7,Hoburg 68550,Y,1992,300
1992-10-27,2.5,Y,,,2.5,Hoburg 68550,Y,1992,301
1992-10-28,3.6,Y,,,3.6,Hoburg 68550,Y,1992,302
1992-10-29,2.4,Y,,,2.4,Hoburg 68550,Y,1992,303
1992-10-30,0.4,Y,,,0.4,Hoburg 68550,Y,1992,304
1992-10-31,2.5,Y,,,2.5,Hoburg 68550,Y,1992,305
1992-11-01,6,Y,,,6,Hoburg 68550,Y,1992,306
1992-11-02,7.5,Y,,,7.5,Hoburg 68550,Y,1992,307
1992-11-03,8.4,Y,,,8.4,Hoburg 68550,Y,1992,308
1992-11-04,6.7,Y,,,6.7,Hoburg 68550,Y,1992,309
1992-11-05,5.4,Y,,,5.4,Hoburg 68550,Y,1992,310
1992-11-06,6,Y,,,6,Hoburg 68550,Y,1992,311
1992-11-07,7.8,Y,,,7.8,Hoburg 68550,Y,1992,312
1992-11-08,2.7,Y,,,2.7,Hoburg 68550,Y,1992,313
1992-11-09,3.7,Y,,,3.7,Hoburg 68550,Y,1992,314
1992-11-10,5.4,Y,,,5.4,Hoburg 68550,Y,1992,315
1992-11-11,6.4,Y,,,6.4,Hoburg 68550,Y,1992,316
1992-11-12,5.8,Y,,,5.8,Hoburg 68550,Y,1992,317
1992-11-13,5.7,Y,,,5.7,Hoburg 68550,Y,1992,318
1992-11-14,3.9,Y,,,3.9,Hoburg 68550,Y,1992,319
1992-11-15,2.9,Y,,,2.9,Hoburg 68550,Y,1992,320
1992-11-16,1.9,Y,,,1.9,Hoburg 68550,Y,1992,321
1992-11-17,4.7,Y,,,4.7,Hoburg 68550,Y,1992,322
1992-11-18,4.7,Y,,,4.7,Hoburg 68550,Y,1992,323
1992-11-19,4.7,Y,,,4.7,Hoburg 68550,Y,1992,324
1992-11-20,4.5,Y,,,4.5,Hoburg 68550,Y,1992,325
1992-11-21,2.6,Y,,,2.6,Hoburg 68550,Y,1992,326
1992-11-22,1.3,Y,,,1.3,Hoburg 68550,Y,1992,327
1992-11-23,-0.1,Y,,,-0.1,Hoburg 68550,Y,1992,328
1992-11-24,5,Y,,,5,Hoburg 68550,Y,1992,329
1992-11-25,5.1,Y,,,5.1,Hoburg 68550,Y,1992,330
1992-11-26,5.5,Y,,,5.5,Hoburg 68550,Y,1992,331
1992-11-27,4,Y,,,4,Hoburg 68550,Y,1992,332
1992-11-28,3.9,Y,,,3.9,Hoburg 68550,Y,1992,333
1992-11-29,2.5,Y,,,2.5,Hoburg 68550,Y,1992,334
1992-11-30,3.8,Y,,,3.8,Hoburg 68550,Y,1992,335
1992-12-01,5.3,Y,,,5.3,Hoburg 68550,Y,1992,336
1992-12-02,6.1,Y,,,6.1,Hoburg 68550,Y,1992,337
1992-12-03,6,Y,,,6,Hoburg 68550,Y,1992,338
1992-12-04,5.2,Y,,,5.2,Hoburg 68550,Y,1992,339
1992-12-05,3.8,Y,,,3.8,Hoburg 68550,Y,1992,340
1992-12-06,3.6,Y,,,3.6,Hoburg 68550,Y,1992,341
1992-12-07,2,Y,,,2,Hoburg 68550,Y,1992,342
1992-12-08,2.6,Y,,,2.6,Hoburg 68550,Y,1992,343
1992-12-09,3,Y,,,3,Hoburg 68550,Y,1992,344
1992-12-10,3,Y,,,3,Hoburg 68550,Y,1992,345
1992-12-11,4.4,Y,,,4.4,Hoburg 68550,Y,1992,346
1992-12-12,3.2,Y,,,3.2,Hoburg 68550,Y,1992,347
1992-12-13,1.4,Y,,,1.4,Hoburg 68550,Y,1992,348
1992-12-14,3.5,Y,,,3.5,Hoburg 68550,Y,1992,349
1992-12-15,6.2,Y,,,6.2,Hoburg 68550,Y,1992,350
1992-12-16,5.2,Y,,,5.2,Hoburg 68550,Y,1992,351
1992-12-17,4,Y,,,4,Hoburg 68550,Y,1992,352
1992-12-18,3.7,Y,,,3.7,Hoburg 68550,Y,1992,353
1992-12-19,4.4,Y,,,4.4,Hoburg 68550,Y,1992,354
1992-12-20,2.1,Y,,,2.1,Hoburg 68550,Y,1992,355
1992-12-21,-0.6,Y,,,-0.6,Hoburg 68550,Y,1992,356
1992-12-22,0.7,Y,,,0.7,Hoburg 68550,Y,1992,357
1992-12-23,0.9,Y,,,0.9,Hoburg 68550,Y,1992,358
1992-12-24,1.3,Y,,,1.3,Hoburg 68550,Y,1992,359
1992-12-25,1.3,Y,,,1.3,Hoburg 68550,Y,1992,360
1992-12-26,1.8,Y,,,1.8,Hoburg 68550,Y,1992,361
1992-12-27,1.4,Y,,,1.4,Hoburg 68550,Y,1992,362
1992-12-28,1.5,Y,,,1.5,Hoburg 68550,Y,1992,363
1992-12-29,3.4,Y,,,3.4,Hoburg 68550,Y,1992,364
1992-12-30,1.1,Y,,,1.1,Hoburg 68550,Y,1992,365
1992-12-31,1.5,Y,,,1.5,Hoburg 68550,Y,1992,366
1993-01-01,-0.6,Y,,,-0.6,Hoburg 68550,Y,1993,1
1993-01-02,0,Y,,,0,Hoburg 68550,Y,1993,2
1993-01-03,-0.8,Y,,,-0.8,Hoburg 68550,Y,1993,3
1993-01-04,-0.2,Y,,,-0.2,Hoburg 68550,Y,1993,4
1993-01-05,0,Y,,,0,Hoburg 68550,Y,1993,5
1993-01-06,3.2,Y,,,3.2,Hoburg 68550,Y,1993,6
1993-01-07,3.2,Y,,,3.2,Hoburg 68550,Y,1993,7
1993-01-08,3.2,Y,,,3.2,Hoburg 68550,Y,1993,8
1993-01-09,3.1,Y,,,3.1,Hoburg 68550,Y,1993,9
1993-01-10,4,Y,,,4,Hoburg 68550,Y,1993,10
1993-01-11,5.6,Y,,,5.6,Hoburg 68550,Y,1993,11
1993-01-12,3.4,Y,,,3.4,Hoburg 68550,Y,1993,12
1993-01-13,4.2,Y,,,4.2,Hoburg 68550,Y,1993,13
1993-01-14,4.4,Y,,,4.4,Hoburg 68550,Y,1993,14
1993-01-15,4,Y,,,4,Hoburg 68550,Y,1993,15
1993-01-16,5.1,Y,,,5.1,Hoburg 68550,Y,1993,16
1993-01-17,5.6,Y,,,5.6,Hoburg 68550,Y,1993,17
1993-01-18,4.4,Y,,,4.4,Hoburg 68550,Y,1993,18
1993-01-19,3.2,Y,,,3.2,Hoburg 68550,Y,1993,19
1993-01-20,4,Y,,,4,Hoburg 68550,Y,1993,20
1993-01-21,4.8,Y,,,4.8,Hoburg 68550,Y,1993,21
1993-01-22,5.6,Y,,,5.6,Hoburg 68550,Y,1993,22
1993-01-23,2.8,Y,,,2.8,Hoburg 68550,Y,1993,23
1993-01-24,2.7,Y,,,2.7,Hoburg 68550,Y,1993,24
1993-01-25,0.3,Y,,,0.3,Hoburg 68550,Y,1993,25
1993-01-26,-2.7,Y,,,-2.7,Hoburg 68550,Y,1993,26
1993-01-27,-1.8,Y,,,-1.8,Hoburg 68550,Y,1993,27
1993-01-28,-1.1,Y,,,-1.1,Hoburg 68550,Y,1993,28
1993-01-29,-2.8,Y,,,-2.8,Hoburg 68550,Y,1993,29
1993-01-30,-1,Y,,,-1,Hoburg 68550,Y,1993,30
1993-01-31,-0.1,Y,,,-0.1,Hoburg 68550,Y,1993,31
1993-02-01,2.6,Y,,,2.6,Hoburg 68550,Y,1993,32
1993-02-02,1.4,Y,,,1.4,Hoburg 68550,Y,1993,33
1993-02-03,3.4,Y,,,3.4,Hoburg 68550,Y,1993,34
1993-02-04,4.8,Y,,,4.8,Hoburg 68550,Y,1993,35
1993-02-05,3.3,Y,,,3.3,Hoburg 68550,Y,1993,36
1993-02-06,1.1,Y,,,1.1,Hoburg 68550,Y,1993,37
1993-02-07,1,Y,,,1,Hoburg 68550,Y,1993,38
1993-02-08,3,Y,,,3,Hoburg 68550,Y,1993,39
1993-02-09,2.9,Y,,,2.9,Hoburg 68550,Y,1993,40
1993-02-10,2.7,Y,,,2.7,Hoburg 68550,Y,1993,41
1993-02-11,0.9,Y,,,0.9,Hoburg 68550,Y,1993,42
1993-02-12,1,Y,,,1,Hoburg 68550,Y,1993,43
1993-02-13,2.5,Y,,,2.5,Hoburg 68550,Y,1993,44
1993-02-14,0.9,Y,,,0.9,Hoburg 68550,Y,1993,45
1993-02-15,1.7,Y,,,1.7,Hoburg 68550,Y,1993,46
1993-02-16,2.2,Y,,,2.2,Hoburg 68550,Y,1993,47
1993-02-17,1.5,Y,,,1.5,Hoburg 68550,Y,1993,48
1993-02-18,2.1,Y,,,2.1,Hoburg 68550,Y,1993,49
1993-02-19,2.7,Y,,,2.7,Hoburg 68550,Y,1993,50
1993-02-20,-1.9,Y,,,-1.9,Hoburg 68550,Y,1993,51
1993-02-21,-2.8,Y,,,-2.8,Hoburg 68550,Y,1993,52
1993-02-22,-4.8,Y,,,-4.8,Hoburg 68550,Y,1993,53
1993-02-23,-1.5,Y,,,-1.5,Hoburg 68550,Y,1993,54
1993-02-24,0.4,Y,,,0.4,Hoburg 68550,Y,1993,55
1993-02-25,-0.3,Y,,,-0.3,Hoburg 68550,Y,1993,56
1993-02-26,-1,Y,,,-1,Hoburg 68550,Y,1993,57
1993-02-27,0.1,Y,,,0.1,Hoburg 68550,Y,1993,58
1993-02-28,0.5,Y,,,0.5,Hoburg 68550,Y,1993,59
1993-03-01,-2,Y,,,-2,Hoburg 68550,Y,1993,60
1993-03-02,-1.6,Y,,,-1.6,Hoburg 68550,Y,1993,61
1993-03-03,-1.1,Y,,,-1.1,Hoburg 68550,Y,1993,62
1993-03-04,-1.1,Y,,,-1.1,Hoburg 68550,Y,1993,63
1993-03-05,0,Y,,,0,Hoburg 68550,Y,1993,64
1993-03-06,1.6,Y,,,1.6,Hoburg 68550,Y,1993,65
1993-03-07,-0.1,Y,,,-0.1,Hoburg 68550,Y,1993,66
1993-03-08,0.5,Y,,,0.5,Hoburg 68550,Y,1993,67
1993-03-09,1.2,Y,,,1.2,Hoburg 68550,Y,1993,68
1993-03-10,1.3,Y,,,1.3,Hoburg 68550,Y,1993,69
1993-03-11,0.2,Y,,,0.2,Hoburg 68550,Y,1993,70
1993-03-12,1.5,Y,,,1.5,Hoburg 68550,Y,1993,71
1993-03-13,1.3,Y,,,1.3,Hoburg 68550,Y,1993,72
1993-03-14,3.3,Y,,,3.3,Hoburg 68550,Y,1993,73
1993-03-15,3.5,Y,,,3.5,Hoburg 68550,Y,1993,74
1993-03-16,4.4,Y,,,4.4,Hoburg 68550,Y,1993,75
1993-03-17,4.8,Y,,,4.8,Hoburg 68550,Y,1993,76
1993-03-18,4.5,Y,,,4.5,Hoburg 68550,Y,1993,77
1993-03-19,4,Y,,,4,Hoburg 68550,Y,1993,78
1993-03-20,5.8,Y,,,5.8,Hoburg 68550,Y,1993,79
1993-03-21,4.3,Y,,,4.3,Hoburg 68550,Y,1993,80
1993-03-22,3.9,Y,,,3.9,Hoburg 68550,Y,1993,81
1993-03-23,4.6,Y,,,4.6,Hoburg 68550,Y,1993,82
1993-03-24,3.4,Y,,,3.4,Hoburg 68550,Y,1993,83
1993-03-25,2,Y,,,2,Hoburg 68550,Y,1993,84
1993-03-26,1.3,Y,,,1.3,Hoburg 68550,Y,1993,85
1993-03-27,0.8,Y,,,0.8,Hoburg 68550,Y,1993,86
1993-03-28,0.4,Y,,,0.4,Hoburg 68550,Y,1993,87
1993-03-29,0.5,Y,,,0.5,Hoburg 68550,Y,1993,88
1993-03-30,0.7,Y,,,0.7,Hoburg 68550,Y,1993,89
1993-03-31,2.5,Y,,,2.5,Hoburg 68550,Y,1993,90
1993-04-01,2.3,Y,,,2.3,Hoburg 68550,Y,1993,91
1993-04-02,3.2,Y,,,3.2,Hoburg 68550,Y,1993,92
1993-04-03,5,Y,,,5,Hoburg 68550,Y,1993,93
1993-04-04,3.4,Y,,,3.4,Hoburg 68550,Y,1993,94
1993-04-05,3.3,Y,,,3.3,Hoburg 68550,Y,1993,95
1993-04-06,3.7,Y,,,3.7,Hoburg 68550,Y,1993,96
1993-04-07,4,Y,,,4,Hoburg 68550,Y,1993,97
1993-04-08,2,Y,,,2,Hoburg 68550,Y,1993,98
1993-04-09,0.5,Y,,,0.5,Hoburg 68550,Y,1993,99
1993-04-10,1.2,Y,,,1.2,Hoburg 68550,Y,1993,100
1993-04-11,1.2,Y,,,1.2,Hoburg 68550,Y,1993,101
1993-04-12,1.6,Y,,,1.6,Hoburg 68550,Y,1993,102
1993-04-13,1.9,Y,,,1.9,Hoburg 68550,Y,1993,103
1993-04-14,2.7,Y,,,2.7,Hoburg 68550,Y,1993,104
1993-04-15,1.7,Y,,,1.7,Hoburg 68550,Y,1993,105
1993-04-16,2.1,Y,,,2.1,Hoburg 68550,Y,1993,106
1993-04-17,4.5,Y,,,4.5,Hoburg 68550,Y,1993,107
1993-04-18,5.5,Y,,,5.5,Hoburg 68550,Y,1993,108
1993-04-19,4.7,Y,,,4.7,Hoburg 68550,Y,1993,109
1993-04-20,2.6,Y,,,2.6,Hoburg 68550,Y,1993,110
1993-04-21,4.4,Y,,,4.4,Hoburg 68550,Y,1993,111
1993-04-22,7,Y,,,7,Hoburg 68550,Y,1993,112
1993-04-23,7.6,Y,,,7.6,Hoburg 68550,Y,1993,113
1993-04-24,8.5,Y,,,8.5,Hoburg 68550,Y,1993,114
1993-04-25,10.3,Y,,,10.3,Hoburg 68550,Y,1993,115
1993-04-26,12.8,Y,,,12.8,Hoburg 68550,Y,1993,116
1993-04-27,14.5,Y,,,14.5,Hoburg 68550,Y,1993,117
1993-04-28,12.9,Y,,,12.9,Hoburg 68550,Y,1993,118
1993-04-29,9.6,Y,,,9.6,Hoburg 68550,Y,1993,119
1993-04-30,10.1,Y,,,10.1,Hoburg 68550,Y,1993,120
1993-05-01,11,Y,,,11,Hoburg 68550,Y,1993,121
1993-05-02,10.4,Y,,,10.4,Hoburg 68550,Y,1993,122
1993-05-03,11.1,Y,,,11.1,Hoburg 68550,Y,1993,123
1993-05-04,7.5,Y,,,7.5,Hoburg 68550,Y,1993,124
1993-05-05,7.5,Y,,,7.5,Hoburg 68550,Y,1993,125
1993-05-06,10.3,Y,,,10.3,Hoburg 68550,Y,1993,126
1993-05-07,14,Y,,,14,Hoburg 68550,Y,1993,127
1993-05-08,13.1,Y,,,13.1,Hoburg 68550,Y,1993,128
1993-05-09,13.2,Y,,,13.2,Hoburg 68550,Y,1993,129
1993-05-10,12.3,Y,,,12.3,Hoburg 68550,Y,1993,130
1993-05-11,12.9,Y,,,12.9,Hoburg 68550,Y,1993,131
1993-05-12,11.5,Y,,,11.5,Hoburg 68550,Y,1993,132
1993-05-13,13.6,Y,,,13.6,Hoburg 68550,Y,1993,133
1993-05-14,12.9,Y,,,12.9,Hoburg 68550,Y,1993,134
1993-05-15,14.8,Y,,,14.8,Hoburg 68550,Y,1993,135
1993-05-16,12.7,Y,,,12.7,Hoburg 68550,Y,1993,136
1993-05-17,12.1,Y,,,12.1,Hoburg 68550,Y,1993,137
1993-05-18,13,Y,,,13,Hoburg 68550,Y,1993,138
1993-05-19,16.1,Y,,,16.1,Hoburg 68550,Y,1993,139
1993-05-20,17.8,Y,,,17.8,Hoburg 68550,Y,1993,140
1993-05-21,19.3,Y,,,19.3,Hoburg 68550,Y,1993,141
1993-05-22,17.5,Y,,,17.5,Hoburg 68550,Y,1993,142
1993-05-23,15.1,Y,,,15.1,Hoburg 68550,Y,1993,143
1993-05-24,16,Y,,,16,Hoburg 68550,Y,1993,144
1993-05-25,10.6,Y,,,10.6,Hoburg 68550,Y,1993,145
1993-05-26,9.6,Y,,,9.6,Hoburg 68550,Y,1993,146
1993-05-27,11,Y,,,11,Hoburg 68550,Y,1993,147
1993-05-28,11.1,Y,,,11.1,Hoburg 68550,Y,1993,148
1993-05-29,12.3,Y,,,12.3,Hoburg 68550,Y,1993,149
1993-05-30,12.2,Y,,,12.2,Hoburg 68550,Y,1993,150
1993-05-31,11.4,Y,,,11.4,Hoburg 68550,Y,1993,151
1993-06-01,12.4,Y,,,12.4,Hoburg 68550,Y,1993,152
1993-06-02,11.8,Y,,,11.8,Hoburg 68550,Y,1993,153
1993-06-03,12.3,Y,,,12.3,Hoburg 68550,Y,1993,154
1993-06-04,13.3,Y,,,13.3,Hoburg 68550,Y,1993,155
1993-06-05,13.9,Y,,,13.9,Hoburg 68550,Y,1993,156
1993-06-06,14.1,Y,,,14.1,Hoburg 68550,Y,1993,157
1993-06-07,13.8,Y,,,13.8,Hoburg 68550,Y,1993,158
1993-06-08,14.6,Y,,,14.6,Hoburg 68550,Y,1993,159
1993-06-09,13.5,Y,,,13.5,Hoburg 68550,Y,1993,160
1993-06-10,15.6,Y,,,15.6,Hoburg 68550,Y,1993,161
1993-06-11,14.1,Y,,,14.1,Hoburg 68550,Y,1993,162
1993-06-12,13.7,Y,,,13.7,Hoburg 68550,Y,1993,163
1993-06-13,13.5,Y,,,13.5,Hoburg 68550,Y,1993,164
1993-06-14,12.3,Y,,,12.3,Hoburg 68550,Y,1993,165
1993-06-15,13.7,Y,,,13.7,Hoburg 68550,Y,1993,166
1993-06-16,13.8,Y,,,13.8,Hoburg 68550,Y,1993,167
1993-06-17,13.8,Y,,,13.8,Hoburg 68550,Y,1993,168
1993-06-18,14,Y,,,14,Hoburg 68550,Y,1993,169
1993-06-19,14.6,Y,,,14.6,Hoburg 68550,Y,1993,170
1993-06-20,13.2,Y,,,13.2,Hoburg 68550,Y,1993,171
1993-06-21,14.3,Y,,,14.3,Hoburg 68550,Y,1993,172
1993-06-22,13.6,Y,,,13.6,Hoburg 68550,Y,1993,173
1993-06-23,14.4,Y,,,14.4,Hoburg 68550,Y,1993,174
1993-06-24,12.1,Y,,,12.1,Hoburg 68550,Y,1993,175
1993-06-25,11.7,Y,,,11.7,Hoburg 68550,Y,1993,176
1993-06-26,12,Y,,,12,Hoburg 68550,Y,1993,177
1993-06-27,13.5,Y,,,13.5,Hoburg 68550,Y,1993,178
1993-06-28,14.9,Y,,,14.9,Hoburg 68550,Y,1993,179
1993-06-29,15.1,Y,,,15.1,Hoburg 68550,Y,1993,180
1993-06-30,13.6,Y,,,13.6,Hoburg 68550,Y,1993,181
1993-07-01,15.9,Y,,,15.9,Hoburg 68550,Y,1993,182
1993-07-02,16.6,Y,,,16.6,Hoburg 68550,Y,1993,183
1993-07-03,14.8,Y,,,14.8,Hoburg 68550,Y,1993,184
1993-07-04,16.2,Y,,,16.2,Hoburg 68550,Y,1993,185
1993-07-05,15.7,Y,,,15.7,Hoburg 68550,Y,1993,186
1993-07-06,15,Y,,,15,Hoburg 68550,Y,1993,187
1993-07-07,12.2,Y,,,12.2,Hoburg 68550,Y,1993,188
1993-07-08,14.4,Y,,,14.4,Hoburg 68550,Y,1993,189
1993-07-09,15.2,Y,,,15.2,Hoburg 68550,Y,1993,190
1993-07-10,16.2,Y,,,16.2,Hoburg 68550,Y,1993,191
1993-07-11,14.6,Y,,,14.6,Hoburg 68550,Y,1993,192
1993-07-12,13.7,Y,,,13.7,Hoburg 68550,Y,1993,193
1993-07-13,13,Y,,,13,Hoburg 68550,Y,1993,194
1993-07-14,13.3,Y,,,13.3,Hoburg 68550,Y,1993,195
1993-07-15,14.7,Y,,,14.7,Hoburg 68550,Y,1993,196
1993-07-16,15.8,Y,,,15.8,Hoburg 68550,Y,1993,197
1993-07-17,15.8,Y,,,15.8,Hoburg 68550,Y,1993,198
1993-07-18,16.3,Y,,,16.3,Hoburg 68550,Y,1993,199
1993-07-19,16.4,Y,,,16.4,Hoburg 68550,Y,1993,200
1993-07-20,15.9,Y,,,15.9,Hoburg 68550,Y,1993,201
1993-07-21,16.1,Y,,,16.1,Hoburg 68550,Y,1993,202
1993-07-22,15.8,Y,,,15.8,Hoburg 68550,Y,1993,203
1993-07-23,15.2,Y,,,15.2,Hoburg 68550,Y,1993,204
1993-07-24,16.5,Y,,,16.5,Hoburg 68550,Y,1993,205
1993-07-25,16.4,Y,,,16.4,Hoburg 68550,Y,1993,206
1993-07-26,14.6,Y,,,14.6,Hoburg 68550,Y,1993,207
1993-07-27,14.4,Y,,,14.4,Hoburg 68550,Y,1993,208
1993-07-28,14.7,Y,,,14.7,Hoburg 68550,Y,1993,209
1993-07-29,15,Y,,,15,Hoburg 68550,Y,1993,210
1993-07-30,15.5,Y,,,15.5,Hoburg 68550,Y,1993,211
1993-07-31,17.1,Y,,,17.1,Hoburg 68550,Y,1993,212
1993-08-01,15.1,Y,,,15.1,Hoburg 68550,Y,1993,213
1993-08-02,15.8,Y,,,15.8,Hoburg 68550,Y,1993,214
1993-08-03,16,Y,,,16,Hoburg 68550,Y,1993,215
1993-08-04,16.4,Y,,,16.4,Hoburg 68550,Y,1993,216
1993-08-05,16.8,Y,,,16.8,Hoburg 68550,Y,1993,217
1993-08-06,14.6,Y,,,14.6,Hoburg 68550,Y,1993,218
1993-08-07,14.9,Y,,,14.9,Hoburg 68550,Y,1993,219
1993-08-08,15.9,Y,,,15.9,Hoburg 68550,Y,1993,220
1993-08-09,15.9,Y,,,15.9,Hoburg 68550,Y,1993,221
1993-08-10,15.4,Y,,,15.4,Hoburg 68550,Y,1993,222
1993-08-11,15,Y,,,15,Hoburg 68550,Y,1993,223
1993-08-12,15.2,Y,,,15.2,Hoburg 68550,Y,1993,224
1993-08-13,15.7,Y,,,15.7,Hoburg 68550,Y,1993,225
1993-08-14,14.6,Y,,,14.6,Hoburg 68550,Y,1993,226
1993-08-15,14.7,Y,,,14.7,Hoburg 68550,Y,1993,227
1993-08-16,17.1,Y,,,17.1,Hoburg 68550,Y,1993,228
1993-08-17,14.6,Y,,,14.6,Hoburg 68550,Y,1993,229
1993-08-18,14.6,Y,,,14.6,Hoburg 68550,Y,1993,230
1993-08-19,14.6,Y,,,14.6,Hoburg 68550,Y,1993,231
1993-08-20,14.8,Y,,,14.8,Hoburg 68550,Y,1993,232
1993-08-21,14.3,Y,,,14.3,Hoburg 68550,Y,1993,233
1993-08-22,13.8,Y,,,13.8,Hoburg 68550,Y,1993,234
1993-08-23,12.6,Y,,,12.6,Hoburg 68550,Y,1993,235
1993-08-24,14,Y,,,14,Hoburg 68550,Y,1993,236
1993-08-25,12.6,Y,,,12.6,Hoburg 68550,Y,1993,237
1993-08-26,13,Y,,,13,Hoburg 68550,Y,1993,238
1993-08-27,13.3,Y,,,13.3,Hoburg 68550,Y,1993,239
1993-08-28,12.9,Y,,,12.9,Hoburg 68550,Y,1993,240
1993-08-29,14.1,Y,,,14.1,Hoburg 68550,Y,1993,241
1993-08-30,13.4,Y,,,13.4,Hoburg 68550,Y,1993,242
1993-08-31,12,Y,,,12,Hoburg 68550,Y,1993,243
1993-09-01,13.3,Y,,,13.3,Hoburg 68550,Y,1993,244
1993-09-02,13.8,Y,,,13.8,Hoburg 68550,Y,1993,245
1993-09-03,11.5,Y,,,11.5,Hoburg 68550,Y,1993,246
1993-09-04,11.6,Y,,,11.6,Hoburg 68550,Y,1993,247
1993-09-05,11.3,Y,,,11.3,Hoburg 68550,Y,1993,248
1993-09-06,12.3,Y,,,12.3,Hoburg 68550,Y,1993,249
1993-09-07,11.3,Y,,,11.3,Hoburg 68550,Y,1993,250
1993-09-08,12.9,Y,,,12.9,Hoburg 68550,Y,1993,251
1993-09-09,11.6,Y,,,11.6,Hoburg 68550,Y,1993,252
1993-09-10,12.5,Y,,,12.5,Hoburg 68550,Y,1993,253
1993-09-11,11.6,Y,,,11.6,Hoburg 68550,Y,1993,254
1993-09-12,10.9,Y,,,10.9,Hoburg 68550,Y,1993,255
1993-09-13,10.4,Y,,,10.4,Hoburg 68550,Y,1993,256
1993-09-14,9.5,Y,,,9.5,Hoburg 68550,Y,1993,257
1993-09-15,9.4,Y,,,9.4,Hoburg 68550,Y,1993,258
1993-09-16,9.7,Y,,,9.7,Hoburg 68550,Y,1993,259
1993-09-17,8.9,Y,,,8.9,Hoburg 68550,Y,1993,260
1993-09-18,8.4,Y,,,8.4,Hoburg 68550,Y,1993,261
1993-09-19,9.7,Y,,,9.7,Hoburg 68550,Y,1993,262
1993-09-20,10.8,Y,,,10.8,Hoburg 68550,Y,1993,263
1993-09-21,12.2,Y,,,12.2,Hoburg 68550,Y,1993,264
1993-09-22,13.4,Y,,,13.4,Hoburg 68550,Y,1993,265
1993-09-23,11.8,Y,,,11.8,Hoburg 68550,Y,1993,266
1993-09-24,10.4,Y,,,10.4,Hoburg 68550,Y,1993,267
1993-09-25,10,Y,,,10,Hoburg 68550,Y,1993,268
1993-09-26,10.4,Y,,,10.4,Hoburg 68550,Y,1993,269
1993-09-27,9.5,Y,,,9.5,Hoburg 68550,Y,1993,270
1993-09-28,8,Y,,,8,Hoburg 68550,Y,1993,271
1993-09-29,7.7,Y,,,7.7,Hoburg 68550,Y,1993,272
1993-09-30,7.2,Y,,,7.2,Hoburg 68550,Y,1993,273
1993-10-01,8.2,Y,,,8.2,Hoburg 68550,Y,1993,274
1993-10-02,9.5,Y,,,9.5,Hoburg 68550,Y,1993,275
1993-10-03,8.9,Y,,,8.9,Hoburg 68550,Y,1993,276
1993-10-04,11.2,Y,,,11.2,Hoburg 68550,Y,1993,277
1993-10-05,10.9,Y,,,10.9,Hoburg 68550,Y,1993,278
1993-10-06,11,Y,,,11,Hoburg 68550,Y,1993,279
1993-10-07,10.7,Y,,,10.7,Hoburg 68550,Y,1993,280
1993-10-08,9.9,Y,,,9.9,Hoburg 68550,Y,1993,281
1993-10-09,11.5,Y,,,11.5,Hoburg 68550,Y,1993,282
1993-10-10,10.9,Y,,,10.9,Hoburg 68550,Y,1993,283
1993-10-11,10.7,Y,,,10.7,Hoburg 68550,Y,1993,284
1993-10-12,10.8,Y,,,10.8,Hoburg 68550,Y,1993,285
1993-10-13,11.2,Y,,,11.2,Hoburg 68550,Y,1993,286
1993-10-14,4.6,Y,,,4.6,Hoburg 68550,Y,1993,287
1993-10-15,4.1,Y,,,4.1,Hoburg 68550,Y,1993,288
1993-10-16,6.4,Y,,,6.4,Hoburg 68550,Y,1993,289
1993-10-17,4.4,Y,,,4.4,Hoburg 68550,Y,1993,290
1993-10-18,6.4,Y,,,6.4,Hoburg 68550,Y,1993,291
1993-10-19,7.8,Y,,,7.8,Hoburg 68550,Y,1993,292
1993-10-20,6,Y,,,6,Hoburg 68550,Y,1993,293
1993-10-21,6.6,Y,,,6.6,Hoburg 68550,Y,1993,294
1993-10-22,4.4,Y,,,4.4,Hoburg 68550,Y,1993,295
1993-10-23,4.1,Y,,,4.1,Hoburg 68550,Y,1993,296
1993-10-24,4,Y,,,4,Hoburg 68550,Y,1993,297
1993-10-25,7.1,Y,,,7.1,Hoburg 68550,Y,1993,298
1993-10-26,7.9,Y,,,7.9,Hoburg 68550,Y,1993,299
1993-10-27,7.9,Y,,,7.9,Hoburg 68550,Y,1993,300
1993-10-28,7.6,Y,,,7.6,Hoburg 68550,Y,1993,301
1993-10-29,4.8,Y,,,4.8,Hoburg 68550,Y,1993,302
1993-10-30,6.2,Y,,,6.2,Hoburg 68550,Y,1993,303
1993-10-31,5.5,Y,,,5.5,Hoburg 68550,Y,1993,304
1993-11-01,5,Y,,,5,Hoburg 68550,Y,1993,305
1993-11-02,5.6,Y,,,5.6,Hoburg 68550,Y,1993,306
1993-11-03,4,Y,,,4,Hoburg 68550,Y,1993,307
1993-11-04,2.9,Y,,,2.9,Hoburg 68550,Y,1993,308
1993-11-05,2.7,Y,,,2.7,Hoburg 68550,Y,1993,309
1993-11-06,4.4,Y,,,4.4,Hoburg 68550,Y,1993,310
1993-11-07,5.3,Y,,,5.3,Hoburg 68550,Y,1993,311
1993-11-08,4,Y,,,4,Hoburg 68550,Y,1993,312
1993-11-09,4.3,Y,,,4.3,Hoburg 68550,Y,1993,313
1993-11-10,3.9,Y,,,3.9,Hoburg 68550,Y,1993,314
1993-11-11,0.5,Y,,,0.5,Hoburg 68550,Y,1993,315
1993-11-12,3.1,Y,,,3.1,Hoburg 68550,Y,1993,316
1993-11-13,5.2,Y,,,5.2,Hoburg 68550,Y,1993,317
1993-11-14,2.6,Y,,,2.6,Hoburg 68550,Y,1993,318
1993-11-15,-0.4,Y,,,-0.4,Hoburg 68550,Y,1993,319
1993-11-16,-0.2,Y,,,-0.2,Hoburg 68550,Y,1993,320
1993-11-17,1.9,Y,,,1.9,Hoburg 68550,Y,1993,321
1993-11-18,3.9,Y,,,3.9,Hoburg 68550,Y,1993,322
1993-11-19,1.1,Y,,,1.1,Hoburg 68550,Y,1993,323
1993-11-20,-3.7,Y,,,-3.7,Hoburg 68550,Y,1993,324
1993-11-21,-3.3,Y,,,-3.3,Hoburg 68550,Y,1993,325
1993-11-22,-0.5,Y,,,-0.5,Hoburg 68550,Y,1993,326
1993-11-23,0.6,Y,,,0.6,Hoburg 68550,Y,1993,327
1993-11-24,1.6,Y,,,1.6,Hoburg 68550,Y,1993,328
1993-11-25,2.2,Y,,,2.2,Hoburg 68550,Y,1993,329
1993-11-26,2.8,Y,,,2.8,Hoburg 68550,Y,1993,330
1993-11-27,1.9,Y,,,1.9,Hoburg 68550,Y,1993,331
1993-11-28,-0.5,Y,,,-0.5,Hoburg 68550,Y,1993,332
1993-11-29,-1.1,Y,,,-1.1,Hoburg 68550,Y,1993,333
1993-11-30,-2.4,Y,,,-2.4,Hoburg 68550,Y,1993,334
1993-12-01,-0.8,Y,,,-0.8,Hoburg 68550,Y,1993,335
1993-12-02,0.3,Y,,,0.3,Hoburg 68550,Y,1993,336
1993-12-03,4.1,Y,,,4.1,Hoburg 68550,Y,1993,337
1993-12-04,5.4,Y,,,5.4,Hoburg 68550,Y,1993,338
1993-12-05,5,Y,,,5,Hoburg 68550,Y,1993,339
1993-12-06,4.9,Y,,,4.9,Hoburg 68550,Y,1993,340
1993-12-07,5.3,Y,,,5.3,Hoburg 68550,Y,1993,341
1993-12-08,3.6,Y,,,3.6,Hoburg 68550,Y,1993,342
1993-12-09,2.4,Y,,,2.4,Hoburg 68550,Y,1993,343
1993-12-10,0.3,Y,,,0.3,Hoburg 68550,Y,1993,344
1993-12-11,3.5,Y,,,3.5,Hoburg 68550,Y,1993,345
1993-12-12,2.1,Y,,,2.1,Hoburg 68550,Y,1993,346
1993-12-13,-1.4,Y,,,-1.4,Hoburg 68550,Y,1993,347
1993-12-14,-2.4,Y,,,-2.4,Hoburg 68550,Y,1993,348
1993-12-15,0.4,Y,,,0.4,Hoburg 68550,Y,1993,349
1993-12-16,3.3,Y,,,3.3,Hoburg 68550,Y,1993,350
1993-12-17,3.3,Y,,,3.3,Hoburg 68550,Y,1993,351
1993-12-18,2.8,Y,,,2.8,Hoburg 68550,Y,1993,352
1993-12-19,5.6,Y,,,5.6,Hoburg 68550,Y,1993,353
1993-12-20,3.1,Y,,,3.1,Hoburg 68550,Y,1993,354
1993-12-21,1.3,Y,,,1.3,Hoburg 68550,Y,1993,355
1993-12-22,2.2,Y,,,2.2,Hoburg 68550,Y,1993,356
1993-12-23,2.1,Y,,,2.1,Hoburg 68550,Y,1993,357
1993-12-24,1.2,Y,,,1.2,Hoburg 68550,Y,1993,358
1993-12-25,1.1,Y,,,1.1,Hoburg 68550,Y,1993,359
1993-12-26,0.3,Y,,,0.3,Hoburg 68550,Y,1993,360
1993-12-27,-1.4,Y,,,-1.4,Hoburg 68550,Y,1993,361
1993-12-28,1.1,Y,,,1.1,Hoburg 68550,Y,1993,362
1993-12-29,1.9,Y,,,1.9,Hoburg 68550,Y,1993,363
1993-12-30,2.1,Y,,,2.1,Hoburg 68550,Y,1993,364
1993-12-31,3.2,Y,,,3.2,Hoburg 68550,Y,1993,365
1994-01-01,1.4,Y,,,1.4,Hoburg 68550,Y,1994,1
1994-01-02,1.5,Y,,,1.5,Hoburg 68550,Y,1994,2
1994-01-03,0.7,Y,,,0.7,Hoburg 68550,Y,1994,3
1994-01-04,0.6,Y,,,0.6,Hoburg 68550,Y,1994,4
1994-01-05,2.5,Y,,,2.5,Hoburg 68550,Y,1994,5
1994-01-06,3.1,Y,,,3.1,Hoburg 68550,Y,1994,6
1994-01-07,3.4,Y,,,3.4,Hoburg 68550,Y,1994,7
1994-01-08,3.3,Y,,,3.3,Hoburg 68550,Y,1994,8
1994-01-09,0.9,Y,,,0.9,Hoburg 68550,Y,1994,9
1994-01-10,1.3,Y,,,1.3,Hoburg 68550,Y,1994,10
1994-01-11,0.8,Y,,,0.8,Hoburg 68550,Y,1994,11
1994-01-12,2.6,Y,,,2.6,Hoburg 68550,Y,1994,12
1994-01-13,4.3,Y,,,4.3,Hoburg 68550,Y,1994,13
1994-01-14,4.4,Y,,,4.4,Hoburg 68550,Y,1994,14
1994-01-15,3.3,Y,,,3.3,Hoburg 68550,Y,1994,15
1994-01-16,-1.3,Y,,,-1.3,Hoburg 68550,Y,1994,16
1994-01-17,-2.8,Y,,,-2.8,Hoburg 68550,Y,1994,17
1994-01-18,-1.1,Y,,,-1.1,Hoburg 68550,Y,1994,18
1994-01-19,1.3,Y,,,1.3,Hoburg 68550,Y,1994,19
1994-01-20,2.1,Y,,,2.1,Hoburg 68550,Y,1994,20
1994-01-21,3.3,Y,,,3.3,Hoburg 68550,Y,1994,21
1994-01-22,3.3,Y,,,3.3,Hoburg 68550,Y,1994,22
1994-01-23,2.4,Y,,,2.4,Hoburg 68550,Y,1994,23
1994-01-24,2,Y,,,2,Hoburg 68550,Y,1994,24
1994-01-25,0.3,Y,,,0.3,Hoburg 68550,Y,1994,25
1994-01-26,2,Y,,,2,Hoburg 68550,Y,1994,26
1994-01-27,2.2,Y,,,2.2,Hoburg 68550,Y,1994,27
1994-01-28,0.5,Y,,,0.5,Hoburg 68550,Y,1994,28
1994-01-29,-4.7,Y,,,-4.7,Hoburg 68550,Y,1994,29
1994-01-30,-0.5,Y,,,-0.5,Hoburg 68550,Y,1994,30
1994-01-31,1.2,Y,,,1.2,Hoburg 68550,Y,1994,31
1994-02-01,-2.7,Y,,,-2.7,Hoburg 68550,Y,1994,32
1994-02-02,-0.7,Y,,,-0.7,Hoburg 68550,Y,1994,33
1994-02-03,-3.3,Y,,,-3.3,Hoburg 68550,Y,1994,34
1994-02-04,-4.1,Y,,,-4.1,Hoburg 68550,Y,1994,35
1994-02-05,-3.7,Y,,,-3.7,Hoburg 68550,Y,1994,36
1994-02-06,-2.9,Y,,,-2.9,Hoburg 68550,Y,1994,37
1994-02-07,-2.4,Y,,,-2.4,Hoburg 68550,Y,1994,38
1994-02-08,-1.4,Y,,,-1.4,Hoburg 68550,Y,1994,39
1994-02-09,0.6,Y,,,0.6,Hoburg 68550,Y,1994,40
1994-02-10,0.6,Y,,,0.6,Hoburg 68550,Y,1994,41
1994-02-11,-2.6,Y,,,-2.6,Hoburg 68550,Y,1994,42
1994-02-12,-6.8,Y,,,-6.8,Hoburg 68550,Y,1994,43
1994-02-13,-7.1,Y,,,-7.1,Hoburg 68550,Y,1994,44
1994-02-14,-4.8,Y,,,-4.8,Hoburg 68550,Y,1994,45
1994-02-15,-4,Y,,,-4,Hoburg 68550,Y,1994,46
1994-02-16,-2.1,Y,,,-2.1,Hoburg 68550,Y,1994,47
1994-02-17,-1.5,Y,,,-1.5,Hoburg 68550,Y,1994,48
1994-02-18,-2.9,Y,,,-2.9,Hoburg 68550,Y,1994,49
1994-02-19,-3.6,Y,,,-3.6,Hoburg 68550,Y,1994,50
1994-02-20,-1.9,Y,,,-1.9,Hoburg 68550,Y,1994,51
1994-02-21,-1.2,Y,,,-1.2,Hoburg 68550,Y,1994,52
1994-02-22,-1,Y,,,-1,Hoburg 68550,Y,1994,53
1994-02-23,-1.8,Y,,,-1.8,Hoburg 68550,Y,1994,54
1994-02-24,-2.6,Y,,,-2.6,Hoburg 68550,Y,1994,55
1994-02-25,-3.3,Y,,,-3.3,Hoburg 68550,Y,1994,56
1994-02-26,-3.7,Y,,,-3.7,Hoburg 68550,Y,1994,57
1994-02-27,-1.5,Y,,,-1.5,Hoburg 68550,Y,1994,58
1994-02-28,-3.5,Y,,,-3.5,Hoburg 68550,Y,1994,59
1994-03-01,-4.5,Y,,,-4.5,Hoburg 68550,Y,1994,60
1994-03-02,-3.8,Y,,,-3.8,Hoburg 68550,Y,1994,61
1994-03-03,-2,Y,,,-2,Hoburg 68550,Y,1994,62
1994-03-04,-0.6,Y,,,-0.6,Hoburg 68550,Y,1994,63
1994-03-05,0.5,Y,,,0.5,Hoburg 68550,Y,1994,64
1994-03-06,1.7,Y,,,1.7,Hoburg 68550,Y,1994,65
1994-03-07,2,Y,,,2,Hoburg 68550,Y,1994,66
1994-03-08,2.1,Y,,,2.1,Hoburg 68550,Y,1994,67
1994-03-09,3.5,Y,,,3.5,Hoburg 68550,Y,1994,68
1994-03-10,2.4,Y,,,2.4,Hoburg 68550,Y,1994,69
1994-03-11,2.4,Y,,,2.4,Hoburg 68550,Y,1994,70
1994-03-12,2.6,Y,,,2.6,Hoburg 68550,Y,1994,71
1994-03-13,1.9,Y,,,1.9,Hoburg 68550,Y,1994,72
1994-03-14,2.3,Y,,,2.3,Hoburg 68550,Y,1994,73
1994-03-15,2.7,Y,,,2.7,Hoburg 68550,Y,1994,74
1994-03-16,1.8,Y,,,1.8,Hoburg 68550,Y,1994,75
1994-03-17,0.3,Y,,,0.3,Hoburg 68550,Y,1994,76
1994-03-18,1,Y,,,1,Hoburg 68550,Y,1994,77
1994-03-19,0.7,Y,,,0.7,Hoburg 68550,Y,1994,78
1994-03-20,-0.6,Y,,,-0.6,Hoburg 68550,Y,1994,79
1994-03-21,-0.5,Y,,,-0.5,Hoburg 68550,Y,1994,80
1994-03-22,0.7,Y,,,0.7,Hoburg 68550,Y,1994,81
1994-03-23,2.7,Y,,,2.7,Hoburg 68550,Y,1994,82
1994-03-24,4,Y,,,4,Hoburg 68550,Y,1994,83
1994-03-25,3.1,Y,,,3.1,Hoburg 68550,Y,1994,84
1994-03-26,-0.5,Y,,,-0.5,Hoburg 68550,Y,1994,85
1994-03-27,-1.2,Y,,,-1.2,Hoburg 68550,Y,1994,86
1994-03-28,1.9,Y,,,1.9,Hoburg 68550,Y,1994,87
1994-03-29,2.1,Y,,,2.1,Hoburg 68550,Y,1994,88
1994-03-30,3.7,Y,,,3.7,Hoburg 68550,Y,1994,89
1994-03-31,4.5,Y,,,4.5,Hoburg 68550,Y,1994,90
1994-04-01,3.8,Y,,,3.8,Hoburg 68550,Y,1994,91
1994-04-02,3.2,Y,,,3.2,Hoburg 68550,Y,1994,92
1994-04-03,3.1,Y,,,3.1,Hoburg 68550,Y,1994,93
1994-04-04,3.4,Y,,,3.4,Hoburg 68550,Y,1994,94
1994-04-05,3,Y,,,3,Hoburg 68550,Y,1994,95
1994-04-06,3.1,Y,,,3.1,Hoburg 68550,Y,1994,96
1994-04-07,2.1,Y,,,2.1,Hoburg 68550,Y,1994,97
1994-04-08,3.6,Y,,,3.6,Hoburg 68550,Y,1994,98
1994-04-09,2.5,Y,,,2.5,Hoburg 68550,Y,1994,99
1994-04-10,5.7,Y,,,5.7,Hoburg 68550,Y,1994,100
1994-04-11,7,Y,,,7,Hoburg 68550,Y,1994,101
1994-04-12,6.9,Y,,,6.9,Hoburg 68550,Y,1994,102
1994-04-13,6.7,Y,,,6.7,Hoburg 68550,Y,1994,103
1994-04-14,4.4,Y,,,4.4,Hoburg 68550,Y,1994,104
1994-04-15,2.9,Y,,,2.9,Hoburg 68550,Y,1994,105
1994-04-16,4.3,Y,,,4.3,Hoburg 68550,Y,1994,106
1994-04-17,3,Y,,,3,Hoburg 68550,Y,1994,107
1994-04-18,2.6,Y,,,2.6,Hoburg 68550,Y,1994,108
1994-04-19,3.5,Y,,,3.5,Hoburg 68550,Y,1994,109
1994-04-20,3.3,Y,,,3.3,Hoburg 68550,Y,1994,110
1994-04-21,4.6,Y,,,4.6,Hoburg 68550,Y,1994,111
1994-04-22,6.5,Y,,,6.5,Hoburg 68550,Y,1994,112
1994-04-23,8.5,Y,,,8.5,Hoburg 68550,Y,1994,113
1994-04-24,9.6,Y,,,9.6,Hoburg 68550,Y,1994,114
1994-04-25,9,Y,,,9,Hoburg 68550,Y,1994,115
1994-04-26,7.6,Y,,,7.6,Hoburg 68550,Y,1994,116
1994-04-27,8.8,Y,,,8.8,Hoburg 68550,Y,1994,117
1994-04-28,7.9,Y,,,7.9,Hoburg 68550,Y,1994,118
1994-04-29,8.4,Y,,,8.4,Hoburg 68550,Y,1994,119
1994-04-30,7.5,Y,,,7.5,Hoburg 68550,Y,1994,120
1994-05-01,5.3,Y,,,5.3,Hoburg 68550,Y,1994,121
1994-05-02,5.3,Y,,,5.3,Hoburg 68550,Y,1994,122
1994-05-03,3.1,Y,,,3.1,Hoburg 68550,Y,1994,123
1994-05-04,4.9,Y,,,4.9,Hoburg 68550,Y,1994,124
1994-05-05,6.7,Y,,,6.7,Hoburg 68550,Y,1994,125
1994-05-06,8.6,Y,,,8.6,Hoburg 68550,Y,1994,126
1994-05-07,9.2,Y,,,9.2,Hoburg 68550,Y,1994,127
1994-05-08,10.1,Y,,,10.1,Hoburg 68550,Y,1994,128
1994-05-09,11.6,Y,,,11.6,Hoburg 68550,Y,1994,129
1994-05-10,11.9,Y,,,11.9,Hoburg 68550,Y,1994,130
1994-05-11,12.7,Y,,,12.7,Hoburg 68550,Y,1994,131
1994-05-12,11.8,Y,,,11.8,Hoburg 68550,Y,1994,132
1994-05-13,8.3,Y,,,8.3,Hoburg 68550,Y,1994,133
1994-05-14,7.8,Y,,,7.8,Hoburg 68550,Y,1994,134
1994-05-15,11.1,Y,,,11.1,Hoburg 68550,Y,1994,135
1994-05-16,7.9,Y,,,7.9,Hoburg 68550,Y,1994,136
1994-05-17,6.7,Y,,,6.7,Hoburg 68550,Y,1994,137
1994-05-18,6.7,Y,,,6.7,Hoburg 68550,Y,1994,138
1994-05-19,7.2,Y,,,7.2,Hoburg 68550,Y,1994,139
1994-05-20,7.3,Y,,,7.3,Hoburg 68550,Y,1994,140
1994-05-21,7.4,Y,,,7.4,Hoburg 68550,Y,1994,141
1994-05-22,8.3,Y,,,8.3,Hoburg 68550,Y,1994,142
1994-05-23,9.2,Y,,,9.2,Hoburg 68550,Y,1994,143
1994-05-24,9.4,Y,,,9.4,Hoburg 68550,Y,1994,144
1994-05-25,9.1,Y,,,9.1,Hoburg 68550,Y,1994,145
1994-05-26,9.7,Y,,,9.7,Hoburg 68550,Y,1994,146
1994-05-27,8.2,Y,,,8.2,Hoburg 68550,Y,1994,147
1994-05-28,9.5,Y,,,9.5,Hoburg 68550,Y,1994,148
1994-05-29,9.2,Y,,,9.2,Hoburg 68550,Y,1994,149
1994-05-30,7.8,Y,,,7.8,Hoburg 68550,Y,1994,150
1994-05-31,8.1,Y,,,8.1,Hoburg 68550,Y,1994,151
1994-06-01,10.7,Y,,,10.7,Hoburg 68550,Y,1994,152
1994-06-02,10.9,Y,,,10.9,Hoburg 68550,Y,1994,153
1994-06-03,9.6,Y,,,9.6,Hoburg 68550,Y,1994,154
1994-06-04,9.6,Y,,,9.6,Hoburg 68550,Y,1994,155
1994-06-05,10.1,Y,,,10.1,Hoburg 68550,Y,1994,156
1994-06-06,10.6,Y,,,10.6,Hoburg 68550,Y,1994,157
1994-06-07,11,Y,,,11,Hoburg 68550,Y,1994,158
1994-06-08,11.2,Y,,,11.2,Hoburg 68550,Y,1994,159
1994-06-09,9.4,Y,,,9.4,Hoburg 68550,Y,1994,160
1994-06-10,10.5,Y,,,10.5,Hoburg 68550,Y,1994,161
1994-06-11,11.3,Y,,,11.3,Hoburg 68550,Y,1994,162
1994-06-12,12.6,Y,,,12.6,Hoburg 68550,Y,1994,163
1994-06-13,13.4,Y,,,13.4,Hoburg 68550,Y,1994,164
1994-06-14,13.1,Y,,,13.1,Hoburg 68550,Y,1994,165
1994-06-15,11.7,Y,,,11.7,Hoburg 68550,Y,1994,166
1994-06-16,10.4,Y,,,10.4,Hoburg 68550,Y,1994,167
1994-06-17,10.5,Y,,,10.5,Hoburg 68550,Y,1994,168
1994-06-18,10.7,Y,,,10.7,Hoburg 68550,Y,1994,169
1994-06-19,11.6,Y,,,11.6,Hoburg 68550,Y,1994,170
1994-06-20,14,Y,,,14,Hoburg 68550,Y,1994,171
1994-06-21,13.6,Y,,,13.6,Hoburg 68550,Y,1994,172
1994-06-22,13.6,Y,,,13.6,Hoburg 68550,Y,1994,173
1994-06-23,12.1,Y,,,12.1,Hoburg 68550,Y,1994,174
1994-06-24,12.8,Y,,,12.8,Hoburg 68550,Y,1994,175
1994-06-25,12.8,Y,,,12.8,Hoburg 68550,Y,1994,176
1994-06-26,13.7,Y,,,13.7,Hoburg 68550,Y,1994,177
1994-06-27,15.5,Y,,,15.5,Hoburg 68550,Y,1994,178
1994-06-28,16.5,Y,,,16.5,Hoburg 68550,Y,1994,179
1994-06-29,15.7,Y,,,15.7,Hoburg 68550,Y,1994,180
1994-06-30,16.2,Y,,,16.2,Hoburg 68550,Y,1994,181
1994-07-01,15.5,Y,,,15.5,Hoburg 68550,Y,1994,182
1994-07-02,15.4,Y,,,15.4,Hoburg 68550,Y,1994,183
1994-07-03,16.1,Y,,,16.1,Hoburg 68550,Y,1994,184
1994-07-04,17.6,Y,,,17.6,Hoburg 68550,Y,1994,185
1994-07-05,15.2,Y,,,15.2,Hoburg 68550,Y,1994,186
1994-07-06,15.3,Y,,,15.3,Hoburg 68550,Y,1994,187
1994-07-07,15.8,Y,,,15.8,Hoburg 68550,Y,1994,188
1994-07-08,17.7,Y,,,17.7,Hoburg 68550,Y,1994,189
1994-07-09,19.5,Y,,,19.5,Hoburg 68550,Y,1994,190
1994-07-10,19.4,Y,,,19.4,Hoburg 68550,Y,1994,191
1994-07-11,20.7,Y,,,20.7,Hoburg 68550,Y,1994,192
1994-07-12,20,Y,,,20,Hoburg 68550,Y,1994,193
1994-07-13,21.7,Y,,,21.7,Hoburg 68550,Y,1994,194
1994-07-14,25,Y,,,25,Hoburg 68550,Y,1994,195
1994-07-15,23.1,Y,,,23.1,Hoburg 68550,Y,1994,196
1994-07-16,21,Y,,,21,Hoburg 68550,Y,1994,197
1994-07-17,18.3,Y,,,18.3,Hoburg 68550,Y,1994,198
1994-07-18,17.2,Y,,,17.2,Hoburg 68550,Y,1994,199
1994-07-19,18.5,Y,,,18.5,Hoburg 68550,Y,1994,200
1994-07-20,19.7,Y,,,19.7,Hoburg 68550,Y,1994,201
1994-07-21,19.8,Y,,,19.8,Hoburg 68550,Y,1994,202
1994-07-22,20.1,Y,,,20.1,Hoburg 68550,Y,1994,203
1994-07-23,21.3,Y,,,21.3,Hoburg 68550,Y,1994,204
1994-07-24,21.5,Y,,,21.5,Hoburg 68550,Y,1994,205
1994-07-25,20.3,Y,,,20.3,Hoburg 68550,Y,1994,206
1994-07-26,20.6,Y,,,20.6,Hoburg 68550,Y,1994,207
1994-07-27,23.8,Y,,,23.8,Hoburg 68550,Y,1994,208
1994-07-28,24.1,Y,,,24.1,Hoburg 68550,Y,1994,209
1994-07-29,24.3,Y,,,24.3,Hoburg 68550,Y,1994,210
1994-07-30,23.8,Y,,,23.8,Hoburg 68550,Y,1994,211
1994-07-31,22.3,Y,,,22.3,Hoburg 68550,Y,1994,212
1994-08-01,21.6,Y,,,21.6,Hoburg 68550,Y,1994,213
1994-08-02,21.4,Y,,,21.4,Hoburg 68550,Y,1994,214
1994-08-03,21.8,Y,,,21.8,Hoburg 68550,Y,1994,215
1994-08-04,22.9,Y,,,22.9,Hoburg 68550,Y,1994,216
1994-08-05,22.4,Y,,,22.4,Hoburg 68550,Y,1994,217
1994-08-06,23.1,Y,,,23.1,Hoburg 68550,Y,1994,218
1994-08-07,20.8,Y,,,20.8,Hoburg 68550,Y,1994,219
1994-08-08,19.8,Y,,,19.8,Hoburg 68550,Y,1994,220
1994-08-09,19.9,Y,,,19.9,Hoburg 68550,Y,1994,221
1994-08-10,20.7,Y,,,20.7,Hoburg 68550,Y,1994,222
1994-08-11,19.2,Y,,,19.2,Hoburg 68550,Y,1994,223
1994-08-12,18.7,Y,,,18.7,Hoburg 68550,Y,1994,224
1994-08-13,19.2,Y,,,19.2,Hoburg 68550,Y,1994,225
1994-08-14,15.9,Y,,,15.9,Hoburg 68550,Y,1994,226
1994-08-15,18,Y,,,18,Hoburg 68550,Y,1994,227
1994-08-16,16.7,Y,,,16.7,Hoburg 68550,Y,1994,228
1994-08-17,17.1,Y,,,17.1,Hoburg 68550,Y,1994,229
1994-08-18,18.3,Y,,,18.3,Hoburg 68550,Y,1994,230
1994-08-19,15.3,Y,,,15.3,Hoburg 68550,Y,1994,231
1994-08-20,16.7,Y,,,16.7,Hoburg 68550,Y,1994,232
1994-08-21,16.8,Y,,,16.8,Hoburg 68550,Y,1994,233
1994-08-22,17.1,Y,,,17.1,Hoburg 68550,Y,1994,234
1994-08-23,17.7,Y,,,17.7,Hoburg 68550,Y,1994,235
1994-08-24,17.1,Y,,,17.1,Hoburg 68550,Y,1994,236
1994-08-25,17.3,Y,,,17.3,Hoburg 68550,Y,1994,237
1994-08-26,17.8,Y,,,17.8,Hoburg 68550,Y,1994,238
1994-08-27,18.1,Y,,,18.1,Hoburg 68550,Y,1994,239
1994-08-28,14.3,Y,,,14.3,Hoburg 68550,Y,1994,240
1994-08-29,15,Y,,,15,Hoburg 68550,Y,1994,241
1994-08-30,15.4,Y,,,15.4,Hoburg 68550,Y,1994,242
1994-08-31,15.2,Y,,,15.2,Hoburg 68550,Y,1994,243
1994-09-01,14.8,Y,,,14.8,Hoburg 68550,Y,1994,244
1994-09-02,15.4,Y,,,15.4,Hoburg 68550,Y,1994,245
1994-09-03,14.6,Y,,,14.6,Hoburg 68550,Y,1994,246
1994-09-04,15.5,Y,,,15.5,Hoburg 68550,Y,1994,247
1994-09-05,15.4,Y,,,15.4,Hoburg 68550,Y,1994,248
1994-09-06,14.8,Y,,,14.8,Hoburg 68550,Y,1994,249
1994-09-07,13.3,Y,,,13.3,Hoburg 68550,Y,1994,250
1994-09-08,14.5,Y,,,14.5,Hoburg 68550,Y,1994,251
1994-09-09,15.1,Y,,,15.1,Hoburg 68550,Y,1994,252
1994-09-10,14.8,Y,,,14.8,Hoburg 68550,Y,1994,253
1994-09-11,13.6,Y,,,13.6,Hoburg 68550,Y,1994,254
1994-09-12,14.3,Y,,,14.3,Hoburg 68550,Y,1994,255
1994-09-13,14.8,Y,,,14.8,Hoburg 68550,Y,1994,256
1994-09-14,14.2,Y,,,14.2,Hoburg 68550,Y,1994,257
1994-09-15,13.7,Y,,,13.7,Hoburg 68550,Y,1994,258
1994-09-16,13.8,Y,,,13.8,Hoburg 68550,Y,1994,259
1994-09-17,12.7,Y,,,12.7,Hoburg 68550,Y,1994,260
1994-09-18,12.1,Y,,,12.1,Hoburg 68550,Y,1994,261
1994-09-19,11.7,Y,,,11.7,Hoburg 68550,Y,1994,262
1994-09-20,13.1,Y,,,13.1,Hoburg 68550,Y,1994,263
1994-09-21,12.2,Y,,,12.2,Hoburg 68550,Y,1994,264
1994-09-22,11.6,Y,,,11.6,Hoburg 68550,Y,1994,265
1994-09-23,12.5,Y,,,12.5,Hoburg 68550,Y,1994,266
1994-09-24,12,Y,,,12,Hoburg 68550,Y,1994,267
1994-09-25,11.9,Y,,,11.9,Hoburg 68550,Y,1994,268
1994-09-26,12.4,Y,,,12.4,Hoburg 68550,Y,1994,269
1994-09-27,11.9,Y,,,11.9,Hoburg 68550,Y,1994,270
1994-09-28,10.5,Y,,,10.5,Hoburg 68550,Y,1994,271
1994-09-29,9.6,Y,,,9.6,Hoburg 68550,Y,1994,272
1994-09-30,10.9,Y,,,10.9,Hoburg 68550,Y,1994,273
1994-10-01,10.1,Y,,,10.1,Hoburg 68550,Y,1994,274
1994-10-02,8.6,Y,,,8.6,Hoburg 68550,Y,1994,275
1994-10-03,9.6,Y,,,9.6,Hoburg 68550,Y,1994,276
1994-10-04,6.6,Y,,,6.6,Hoburg 68550,Y,1994,277
1994-10-05,6.6,Y,,,6.6,Hoburg 68550,Y,1994,278
1994-10-06,7.5,Y,,,7.5,Hoburg 68550,Y,1994,279
1994-10-07,9.9,Y,,,9.9,Hoburg 68550,Y,1994,280
1994-10-08,9.7,Y,,,9.7,Hoburg 68550,Y,1994,281
1994-10-09,9.5,Y,,,9.5,Hoburg 68550,Y,1994,282
1994-10-10,8.1,Y,,,8.1,Hoburg 68550,Y,1994,283
1994-10-11,9.1,Y,,,9.1,Hoburg 68550,Y,1994,284
1994-10-12,10.1,Y,,,10.1,Hoburg 68550,Y,1994,285
1994-10-13,10.3,Y,,,10.3,Hoburg 68550,Y,1994,286
1994-10-14,10.1,Y,,,10.1,Hoburg 68550,Y,1994,287
1994-10-15,9.8,Y,,,9.8,Hoburg 68550,Y,1994,288
1994-10-16,3.6,Y,,,3.6,Hoburg 68550,Y,1994,289
1994-10-17,4.5,Y,,,4.5,Hoburg 68550,Y,1994,290
1994-10-18,4.8,Y,,,4.8,Hoburg 68550,Y,1994,291
1994-10-19,2.9,Y,,,2.9,Hoburg 68550,Y,1994,292
1994-10-20,5.3,Y,,,5.3,Hoburg 68550,Y,1994,293
1994-10-21,6.2,Y,,,6.2,Hoburg 68550,Y,1994,294
1994-10-22,6.8,Y,,,6.8,Hoburg 68550,Y,1994,295
1994-10-23,8.1,Y,,,8.1,Hoburg 68550,Y,1994,296
1994-10-24,8.6,Y,,,8.6,Hoburg 68550,Y,1994,297
1994-10-25,8.3,Y,,,8.3,Hoburg 68550,Y,1994,298
1994-10-26,7.7,Y,,,7.7,Hoburg 68550,Y,1994,299
1994-10-27,8.3,Y,,,8.3,Hoburg 68550,Y,1994,300
1994-10-28,7.6,Y,,,7.6,Hoburg 68550,Y,1994,301
1994-10-29,8,Y,,,8,Hoburg 68550,Y,1994,302
1994-10-30,6.9,Y,,,6.9,Hoburg 68550,Y,1994,303
1994-10-31,7.1,Y,,,7.1,Hoburg 68550,Y,1994,304
1994-11-01,8.9,Y,,,8.9,Hoburg 68550,Y,1994,305
1994-11-02,7.8,Y,,,7.8,Hoburg 68550,Y,1994,306
1994-11-03,4.5,Y,,,4.5,Hoburg 68550,Y,1994,307
1994-11-04,5.5,Y,,,5.5,Hoburg 68550,Y,1994,308
1994-11-05,6.5,Y,,,6.5,Hoburg 68550,Y,1994,309
1994-11-06,6.3,Y,,,6.3,Hoburg 68550,Y,1994,310
1994-11-07,4.2,Y,,,4.2,Hoburg 68550,Y,1994,311
1994-11-08,4.8,Y,,,4.8,Hoburg 68550,Y,1994,312
1994-11-09,4.4,Y,,,4.4,Hoburg 68550,Y,1994,313
1994-11-10,3.6,Y,,,3.6,Hoburg 68550,Y,1994,314
1994-11-11,1.1,Y,,,1.1,Hoburg 68550,Y,1994,315
1994-11-12,-0.1,Y,,,-0.1,Hoburg 68550,Y,1994,316
1994-11-13,1.5,Y,,,1.5,Hoburg 68550,Y,1994,317
1994-11-14,5.1,Y,,,5.1,Hoburg 68550,Y,1994,318
1994-11-15,7.7,Y,,,7.7,Hoburg 68550,Y,1994,319
1994-11-16,5.7,Y,,,5.7,Hoburg 68550,Y,1994,320
1994-11-17,5.2,Y,,,5.2,Hoburg 68550,Y,1994,321
1994-11-18,3.5,Y,,,3.5,Hoburg 68550,Y,1994,322
1994-11-19,1.9,Y,,,1.9,Hoburg 68550,Y,1994,323
1994-11-20,6.7,Y,,,6.7,Hoburg 68550,Y,1994,324
1994-11-21,6.7,Y,,,6.7,Hoburg 68550,Y,1994,325
1994-11-22,6.2,Y,,,6.2,Hoburg 68550,Y,1994,326
1994-11-23,6.9,Y,,,6.9,Hoburg 68550,Y,1994,327
1994-11-24,7.5,Y,,,7.5,Hoburg 68550,Y,1994,328
1994-11-25,4.5,Y,,,4.5,Hoburg 68550,Y,1994,329
1994-11-26,4.2,Y,,,4.2,Hoburg 68550,Y,1994,330
1994-11-27,5.1,Y,,,5.1,Hoburg 68550,Y,1994,331
1994-11-28,6.5,Y,,,6.5,Hoburg 68550,Y,1994,332
1994-11-29,5.2,Y,,,5.2,Hoburg 68550,Y,1994,333
1994-11-30,1.7,Y,,,1.7,Hoburg 68550,Y,1994,334
1994-12-01,2.8,Y,,,2.8,Hoburg 68550,Y,1994,335
1994-12-02,2.8,Y,,,2.8,Hoburg 68550,Y,1994,336
1994-12-03,3.2,Y,,,3.2,Hoburg 68550,Y,1994,337
1994-12-04,4.8,Y,,,4.8,Hoburg 68550,Y,1994,338
1994-12-05,5.6,Y,,,5.6,Hoburg 68550,Y,1994,339
1994-12-06,5.6,Y,,,5.6,Hoburg 68550,Y,1994,340
1994-12-07,4.6,Y,,,4.6,Hoburg 68550,Y,1994,341
1994-12-08,5.1,Y,,,5.1,Hoburg 68550,Y,1994,342
1994-12-09,4.7,Y,,,4.7,Hoburg 68550,Y,1994,343
1994-12-10,5.2,Y,,,5.2,Hoburg 68550,Y,1994,344
1994-12-11,6.5,Y,,,6.5,Hoburg 68550,Y,1994,345
1994-12-12,4.8,Y,,,4.8,Hoburg 68550,Y,1994,346
1994-12-13,2.6,Y,,,2.6,Hoburg 68550,Y,1994,347
1994-12-14,1.9,Y,,,1.9,Hoburg 68550,Y,1994,348
1994-12-15,1.4,Y,,,1.4,Hoburg 68550,Y,1994,349
1994-12-16,1.7,Y,,,1.7,Hoburg 68550,Y,1994,350
1994-12-17,1.4,Y,,,1.4,Hoburg 68550,Y,1994,351
1994-12-18,2.2,Y,,,2.2,Hoburg 68550,Y,1994,352
1994-12-19,3.6,Y,,,3.6,Hoburg 68550,Y,1994,353
1994-12-20,4,Y,,,4,Hoburg 68550,Y,1994,354
1994-12-21,2.5,Y,,,2.5,Hoburg 68550,Y,1994,355
1994-12-22,2.1,Y,,,2.1,Hoburg 68550,Y,1994,356
1994-12-23,0.6,Y,,,0.6,Hoburg 68550,Y,1994,357
1994-12-24,2,Y,,,2,Hoburg 68550,Y,1994,358
1994-12-25,1.7,Y,,,1.7,Hoburg 68550,Y,1994,359
1994-12-26,1.7,Y,,,1.7,Hoburg 68550,Y,1994,360
1994-12-27,3.1,Y,,,3.1,Hoburg 68550,Y,1994,361
1994-12-28,3.1,Y,,,3.1,Hoburg 68550,Y,1994,362
1994-12-29,5.7,Y,,,5.7,Hoburg 68550,Y,1994,363
1994-12-30,5.5,Y,,,5.5,Hoburg 68550,Y,1994,364
1994-12-31,4.7,Y,,,4.7,Hoburg 68550,Y,1994,365
1995-01-01,2.2,Y,,,2.2,Hoburg 68550,Y,1995,1
1995-01-02,0.8,Y,,,0.8,Hoburg 68550,Y,1995,2
1995-01-03,-1.4,Y,,,-1.4,Hoburg 68550,Y,1995,3
1995-01-04,-1.1,Y,,,-1.1,Hoburg 68550,Y,1995,4
1995-01-05,-1.3,Y,,,-1.3,Hoburg 68550,Y,1995,5
1995-01-06,0,Y,,,0,Hoburg 68550,Y,1995,6
1995-01-07,0.5,Y,,,0.5,Hoburg 68550,Y,1995,7
1995-01-08,0.5,Y,,,0.5,Hoburg 68550,Y,1995,8
1995-01-09,1.3,Y,,,1.3,Hoburg 68550,Y,1995,9
1995-01-10,2.2,Y,,,2.2,Hoburg 68550,Y,1995,10
1995-01-11,0.7,Y,,,0.7,Hoburg 68550,Y,1995,11
1995-01-12,0.1,Y,,,0.1,Hoburg 68550,Y,1995,12
1995-01-13,-1.1,Y,,,-1.1,Hoburg 68550,Y,1995,13
1995-01-14,2.3,Y,,,2.3,Hoburg 68550,Y,1995,14
1995-01-15,2.9,Y,,,2.9,Hoburg 68550,Y,1995,15
1995-01-16,2.3,Y,,,2.3,Hoburg 68550,Y,1995,16
1995-01-17,2.5,Y,,,2.5,Hoburg 68550,Y,1995,17
1995-01-18,2,Y,,,2,Hoburg 68550,Y,1995,18
1995-01-19,-1,Y,,,-1,Hoburg 68550,Y,1995,19
1995-01-20,-0.3,Y,,,-0.3,Hoburg 68550,Y,1995,20
1995-01-21,-0.1,Y,,,-0.1,Hoburg 68550,Y,1995,21
1995-01-22,1.7,Y,,,1.7,Hoburg 68550,Y,1995,22
1995-01-23,3.4,Y,,,3.4,Hoburg 68550,Y,1995,23
1995-01-24,1.4,Y,,,1.4,Hoburg 68550,Y,1995,24
1995-01-25,2.1,Y,,,2.1,Hoburg 68550,Y,1995,25
1995-01-26,1.4,Y,,,1.4,Hoburg 68550,Y,1995,26
1995-01-27,0,Y,,,0,Hoburg 68550,Y,1995,27
1995-01-28,0.1,Y,,,0.1,Hoburg 68550,Y,1995,28
1995-01-29,0.6,Y,,,0.6,Hoburg 68550,Y,1995,29
1995-01-30,-2.3,Y,,,-2.3,Hoburg 68550,Y,1995,30
1995-01-31,-1.9,Y,,,-1.9,Hoburg 68550,Y,1995,31
1995-02-01,2.1,Y,,,2.1,Hoburg 68550,Y,1995,32
1995-02-02,2.9,Y,,,2.9,Hoburg 68550,Y,1995,33
1995-02-03,0.8,Y,,,0.8,Hoburg 68550,Y,1995,34
1995-02-04,3.5,Y,,,3.5,Hoburg 68550,Y,1995,35
1995-02-05,2.9,Y,,,2.9,Hoburg 68550,Y,1995,36
1995-02-06,4.2,Y,,,4.2,Hoburg 68550,Y,1995,37
1995-02-07,3.3,Y,,,3.3,Hoburg 68550,Y,1995,38
1995-02-08,0,Y,,,0,Hoburg 68550,Y,1995,39
1995-02-09,-1,Y,,,-1,Hoburg 68550,Y,1995,40
1995-02-10,-0.1,Y,,,-0.1,Hoburg 68550,Y,1995,41
1995-02-11,0,Y,,,0,Hoburg 68550,Y,1995,42
1995-02-12,2.6,Y,,,2.6,Hoburg 68550,Y,1995,43
1995-02-13,3.7,Y,,,3.7,Hoburg 68550,Y,1995,44
1995-02-14,3.4,Y,,,3.4,Hoburg 68550,Y,1995,45
1995-02-15,3.3,Y,,,3.3,Hoburg 68550,Y,1995,46
1995-02-16,3,Y,,,3,Hoburg 68550,Y,1995,47
1995-02-17,2.6,Y,,,2.6,Hoburg 68550,Y,1995,48
1995-02-18,3.1,Y,,,3.1,Hoburg 68550,Y,1995,49
1995-02-19,2.9,Y,,,2.9,Hoburg 68550,Y,1995,50
1995-02-20,2.6,Y,,,2.6,Hoburg 68550,Y,1995,51
1995-02-21,3.1,Y,,,3.1,Hoburg 68550,Y,1995,52
1995-02-22,3.9,Y,,,3.9,Hoburg 68550,Y,1995,53
1995-02-23,2.8,Y,,,2.8,Hoburg 68550,Y,1995,54
1995-02-24,2.8,Y,,,2.8,Hoburg 68550,Y,1995,55
1995-02-25,1.7,Y,,,1.7,Hoburg 68550,Y,1995,56
1995-02-26,0.9,Y,,,0.9,Hoburg 68550,Y,1995,57
1995-02-27,1.6,Y,,,1.6,Hoburg 68550,Y,1995,58
1995-02-28,4.3,Y,,,4.3,Hoburg 68550,Y,1995,59
1995-03-01,5,Y,,,5,Hoburg 68550,Y,1995,60
1995-03-02,3.8,Y,,,3.8,Hoburg 68550,Y,1995,61
1995-03-03,2.8,Y,,,2.8,Hoburg 68550,Y,1995,62
1995-03-04,3.4,Y,,,3.4,Hoburg 68550,Y,1995,63
1995-03-05,2.3,Y,,,2.3,Hoburg 68550,Y,1995,64
1995-03-06,1.8,Y,,,1.8,Hoburg 68550,Y,1995,65
1995-03-07,3.2,Y,,,3.2,Hoburg 68550,Y,1995,66
1995-03-08,2.1,Y,,,2.1,Hoburg 68550,Y,1995,67
1995-03-09,1.7,Y,,,1.7,Hoburg 68550,Y,1995,68
1995-03-10,1.4,Y,,,1.4,Hoburg 68550,Y,1995,69
1995-03-11,1.4,Y,,,1.4,Hoburg 68550,Y,1995,70
1995-03-12,3.4,Y,,,3.4,Hoburg 68550,Y,1995,71
1995-03-13,1.3,Y,,,1.3,Hoburg 68550,Y,1995,72
1995-03-14,-1.8,Y,,,-1.8,Hoburg 68550,Y,1995,73
1995-03-15,-0.7,Y,,,-0.7,Hoburg 68550,Y,1995,74
1995-03-16,1.3,Y,,,1.3,Hoburg 68550,Y,1995,75
1995-03-17,2.3,Y,,,2.3,Hoburg 68550,Y,1995,76
1995-03-18,3.4,Y,,,3.4,Hoburg 68550,Y,1995,77
1995-03-19,3.2,Y,,,3.2,Hoburg 68550,Y,1995,78
1995-03-20,2.6,Y,,,2.6,Hoburg 68550,Y,1995,79
1995-03-21,2.5,Y,,,2.5,Hoburg 68550,Y,1995,80
1995-03-22,2.9,Y,,,2.9,Hoburg 68550,Y,1995,81
1995-03-23,4.4,Y,,,4.4,Hoburg 68550,Y,1995,82
1995-03-24,4.4,Y,,,4.4,Hoburg 68550,Y,1995,83
1995-03-25,4.1,Y,,,4.1,Hoburg 68550,Y,1995,84
1995-03-26,3.4,Y,,,3.4,Hoburg 68550,Y,1995,85
1995-03-27,0.1,Y,,,0.1,Hoburg 68550,Y,1995,86
1995-03-28,-0.7,Y,,,-0.7,Hoburg 68550,Y,1995,87
1995-03-29,0.8,Y,,,0.8,Hoburg 68550,Y,1995,88
1995-03-30,1,Y,,,1,Hoburg 68550,Y,1995,89
1995-03-31,2.3,Y,,,2.3,Hoburg 68550,Y,1995,90
1995-04-01,4.2,Y,,,4.2,Hoburg 68550,Y,1995,91
1995-04-02,4.6,Y,,,4.6,Hoburg 68550,Y,1995,92
1995-04-03,2.7,Y,,,2.7,Hoburg 68550,Y,1995,93
1995-04-04,3.1,Y,,,3.1,Hoburg 68550,Y,1995,94
1995-04-05,2.8,Y,,,2.8,Hoburg 68550,Y,1995,95
1995-04-06,3.2,Y,,,3.2,Hoburg 68550,Y,1995,96
1995-04-07,3,Y,,,3,Hoburg 68550,Y,1995,97
1995-04-08,1.7,Y,,,1.7,Hoburg 68550,Y,1995,98
1995-04-09,2,Y,,,2,Hoburg 68550,Y,1995,99
1995-04-10,2.3,Y,,,2.3,Hoburg 68550,Y,1995,100
1995-04-11,3.5,Y,,,3.5,Hoburg 68550,Y,1995,101
1995-04-12,2.6,Y,,,2.6,Hoburg 68550,Y,1995,102
1995-04-13,3.3,Y,,,3.3,Hoburg 68550,Y,1995,103
1995-04-14,2,Y,,,2,Hoburg 68550,Y,1995,104
1995-04-15,4.9,Y,,,4.9,Hoburg 68550,Y,1995,105
1995-04-16,4.2,Y,,,4.2,Hoburg 68550,Y,1995,106
1995-04-17,3.4,Y,,,3.4,Hoburg 68550,Y,1995,107
1995-04-18,3.4,Y,,,3.4,Hoburg 68550,Y,1995,108
1995-04-19,4.2,Y,,,4.2,Hoburg 68550,Y,1995,109
1995-04-20,4.1,Y,,,4.1,Hoburg 68550,Y,1995,110
1995-04-21,4.7,Y,,,4.7,Hoburg 68550,Y,1995,111
1995-04-22,7.5,Y,,,7.5,Hoburg 68550,Y,1995,112
1995-04-23,12.2,Y,,,12.2,Hoburg 68550,Y,1995,113
1995-04-24,14.8,Y,,,14.8,Hoburg 68550,Y,1995,114
1995-04-25,11.1,Y,,,11.1,Hoburg 68550,Y,1995,115
1995-04-26,6.2,Y,,,6.2,Hoburg 68550,Y,1995,116
1995-04-27,4.3,Y,,,4.3,Hoburg 68550,Y,1995,117
1995-04-28,3.6,Y,,,3.6,Hoburg 68550,Y,1995,118
1995-04-29,4.5,Y,,,4.5,Hoburg 68550,Y,1995,119
1995-04-30,4.8,Y,,,4.8,Hoburg 68550,Y,1995,120
1995-05-01,3.9,Y,,,3.9,Hoburg 68550,Y,1995,121
1995-05-02,4.5,Y,,,4.5,Hoburg 68550,Y,1995,122
1995-05-03,7.6,Y,,,7.6,Hoburg 68550,Y,1995,123
1995-05-04,8.8,Y,,,8.8,Hoburg 68550,Y,1995,124
1995-05-05,9.4,Y,,,9.4,Hoburg 68550,Y,1995,125
1995-05-06,10.4,Y,,,10.4,Hoburg 68550,Y,1995,126
1995-05-07,6.8,Y,,,6.8,Hoburg 68550,Y,1995,127
1995-05-08,5.6,Y,,,5.6,Hoburg 68550,Y,1995,128
1995-05-09,5.2,Y,,,5.2,Hoburg 68550,Y,1995,129
1995-05-10,6.2,Y,,,6.2,Hoburg 68550,Y,1995,130
1995-05-11,5.9,Y,,,5.9,Hoburg 68550,Y,1995,131
1995-05-12,5.6,Y,,,5.6,Hoburg 68550,Y,1995,132
1995-05-13,5.4,Y,,,5.4,Hoburg 68550,Y,1995,133
1995-05-14,4.2,Y,,,4.2,Hoburg 68550,Y,1995,134
1995-05-15,5.1,Y,,,5.1,Hoburg 68550,Y,1995,135
1995-05-16,6.1,Y,,,6.1,Hoburg 68550,Y,1995,136
1995-05-17,7,Y,,,7,Hoburg 68550,Y,1995,137
1995-05-18,7.4,Y,,,7.4,Hoburg 68550,Y,1995,138
1995-05-19,6.5,Y,,,6.5,Hoburg 68550,Y,1995,139
1995-05-20,9,Y,,,9,Hoburg 68550,Y,1995,140
1995-05-21,7.9,Y,,,7.9,Hoburg 68550,Y,1995,141
1995-05-22,6.3,Y,,,6.3,Hoburg 68550,Y,1995,142
1995-05-23,6.5,Y,,,6.5,Hoburg 68550,Y,1995,143
1995-05-24,8.6,Y,,,8.6,Hoburg 68550,Y,1995,144
1995-05-25,9.7,Y,,,9.7,Hoburg 68550,Y,1995,145
1995-05-26,10.4,Y,,,10.4,Hoburg 68550,Y,1995,146
1995-05-27,10.9,Y,,,10.9,Hoburg 68550,Y,1995,147
1995-05-28,11.4,Y,,,11.4,Hoburg 68550,Y,1995,148
1995-05-29,9.8,Y,,,9.8,Hoburg 68550,Y,1995,149
1995-05-30,16.2,Y,,,16.2,Hoburg 68550,Y,1995,150
1995-05-31,17.6,Y,,,17.6,Hoburg 68550,Y,1995,151
1995-06-01,18,Y,,,18,Hoburg 68550,Y,1995,152
1995-06-02,16,Y,,,16,Hoburg 68550,Y,1995,153
1995-06-03,11.9,Y,,,11.9,Hoburg 68550,Y,1995,154
1995-06-04,12.5,Y,,,12.5,Hoburg 68550,Y,1995,155
1995-06-05,13.8,Y,,,13.8,Hoburg 68550,Y,1995,156
1995-06-06,11.6,Y,,,11.6,Hoburg 68550,Y,1995,157
1995-06-07,13.2,Y,,,13.2,Hoburg 68550,Y,1995,158
1995-06-08,13.5,Y,,,13.5,Hoburg 68550,Y,1995,159
1995-06-09,13.6,Y,,,13.6,Hoburg 68550,Y,1995,160
1995-06-10,12.8,Y,,,12.8,Hoburg 68550,Y,1995,161
1995-06-11,12.6,Y,,,12.6,Hoburg 68550,Y,1995,162
1995-06-12,12.2,Y,,,12.2,Hoburg 68550,Y,1995,163
1995-06-13,12.7,Y,,,12.7,Hoburg 68550,Y,1995,164
1995-06-14,13,Y,,,13,Hoburg 68550,Y,1995,165
1995-06-15,13.7,Y,,,13.7,Hoburg 68550,Y,1995,166
1995-06-16,14.1,Y,,,14.1,Hoburg 68550,Y,1995,167
1995-06-17,13.5,Y,,,13.5,Hoburg 68550,Y,1995,168
1995-06-18,13.5,Y,,,13.5,Hoburg 68550,Y,1995,169
1995-06-19,12.2,Y,,,12.2,Hoburg 68550,Y,1995,170
1995-06-20,13.7,Y,,,13.7,Hoburg 68550,Y,1995,171
1995-06-21,14.3,Y,,,14.3,Hoburg 68550,Y,1995,172
1995-06-22,12.5,Y,,,12.5,Hoburg 68550,Y,1995,173
1995-06-23,12.3,Y,,,12.3,Hoburg 68550,Y,1995,174
1995-06-24,12.8,Y,,,12.8,Hoburg 68550,Y,1995,175
1995-06-25,15.8,Y,,,15.8,Hoburg 68550,Y,1995,176
1995-06-26,17.3,Y,,,17.3,Hoburg 68550,Y,1995,177
1995-06-27,14.5,Y,,,14.5,Hoburg 68550,Y,1995,178
1995-06-28,14,Y,,,14,Hoburg 68550,Y,1995,179
1995-06-29,15.1,Y,,,15.1,Hoburg 68550,Y,1995,180
1995-06-30,14.1,Y,,,14.1,Hoburg 68550,Y,1995,181
1995-07-01,12,Y,,,12,Hoburg 68550,Y,1995,182
1995-07-02,13.5,Y,,,13.5,Hoburg 68550,Y,1995,183
1995-07-03,13.5,Y,,,13.5,Hoburg 68550,Y,1995,184
1995-07-04,12.3,Y,,,12.3,Hoburg 68550,Y,1995,185
1995-07-05,14.1,Y,,,14.1,Hoburg 68550,Y,1995,186
1995-07-06,12.6,Y,,,12.6,Hoburg 68550,Y,1995,187
1995-07-07,15.6,Y,,,15.6,Hoburg 68550,Y,1995,188
1995-07-08,17.3,Y,,,17.3,Hoburg 68550,Y,1995,189
1995-07-09,17.6,Y,,,17.6,Hoburg 68550,Y,1995,190
1995-07-10,14.6,Y,,,14.6,Hoburg 68550,Y,1995,191
1995-07-11,15.6,Y,,,15.6,Hoburg 68550,Y,1995,192
1995-07-12,15.7,Y,,,15.7,Hoburg 68550,Y,1995,193
1995-07-13,17.6,Y,,,17.6,Hoburg 68550,Y,1995,194
1995-07-14,20.1,Y,,,20.1,Hoburg 68550,Y,1995,195
1995-07-15,18.8,Y,,,18.8,Hoburg 68550,Y,1995,196
1995-07-16,15.2,Y,,,15.2,Hoburg 68550,Y,1995,197
1995-07-17,15.1,Y,,,15.1,Hoburg 68550,Y,1995,198
1995-07-18,16.3,Y,,,16.3,Hoburg 68550,Y,1995,199
1995-07-19,17.5,Y,,,17.5,Hoburg 68550,Y,1995,200
1995-07-20,17.6,Y,,,17.6,Hoburg 68550,Y,1995,201
1995-07-21,18.4,Y,,,18.4,Hoburg 68550,Y,1995,202
1995-07-22,18.3,Y,,,18.3,Hoburg 68550,Y,1995,203
1995-07-23,15.9,Y,,,15.9,Hoburg 68550,Y,1995,204
1995-07-24,16.1,Y,,,16.1,Hoburg 68550,Y,1995,205
1995-07-25,16,Y,,,16,Hoburg 68550,Y,1995,206
1995-07-26,16.4,Y,,,16.4,Hoburg 68550,Y,1995,207
1995-07-27,16.6,Y,,,16.6,Hoburg 68550,Y,1995,208
1995-07-28,17.1,Y,,,17.1,Hoburg 68550,Y,1995,209
1995-07-29,19,Y,,,19,Hoburg 68550,Y,1995,210
1995-07-30,20.8,Y,,,20.8,Hoburg 68550,Y,1995,211
1995-07-31,20.2,Y,,,20.2,Hoburg 68550,Y,1995,212
1995-08-01,19.8,Y,,,19.8,Hoburg 68550,Y,1995,213
1995-08-02,18.8,Y,,,18.8,Hoburg 68550,Y,1995,214
1995-08-03,18.4,Y,,,18.4,Hoburg 68550,Y,1995,215
1995-08-04,17.7,Y,,,17.7,Hoburg 68550,Y,1995,216
1995-08-05,18,Y,,,18,Hoburg 68550,Y,1995,217
1995-08-06,20.4,Y,,,20.4,Hoburg 68550,Y,1995,218
1995-08-07,17.5,Y,,,17.5,Hoburg 68550,Y,1995,219
1995-08-08,14.5,Y,,,14.5,Hoburg 68550,Y,1995,220
1995-08-09,16.7,Y,,,16.7,Hoburg 68550,Y,1995,221
1995-08-10,18.2,Y,,,18.2,Hoburg 68550,Y,1995,222
1995-08-11,18,Y,,,18,Hoburg 68550,Y,1995,223
1995-08-12,19.6,Y,,,19.6,Hoburg 68550,Y,1995,224
1995-08-13,20.7,Y,,,20.7,Hoburg 68550,Y,1995,225
1995-08-14,19.4,Y,,,19.4,Hoburg 68550,Y,1995,226
1995-08-15,18.8,Y,,,18.8,Hoburg 68550,Y,1995,227
1995-08-16,18.2,Y,,,18.2,Hoburg 68550,Y,1995,228
1995-08-17,20.4,Y,,,20.4,Hoburg 68550,Y,1995,229
1995-08-18,21,Y,,,21,Hoburg 68550,Y,1995,230
1995-08-19,21.9,Y,,,21.9,Hoburg 68550,Y,1995,231
1995-08-20,19,Y,,,19,Hoburg 68550,Y,1995,232
1995-08-21,17.5,Y,,,17.5,Hoburg 68550,Y,1995,233
1995-08-22,19.6,Y,,,19.6,Hoburg 68550,Y,1995,234
1995-08-23,20.5,Y,,,20.5,Hoburg 68550,Y,1995,235
1995-08-24,20.2,Y,,,20.2,Hoburg 68550,Y,1995,236
1995-08-25,19.2,Y,,,19.2,Hoburg 68550,Y,1995,237
1995-08-26,17.3,Y,,,17.3,Hoburg 68550,Y,1995,238
1995-08-27,15.7,Y,,,15.7,Hoburg 68550,Y,1995,239
1995-08-28,13.6,Y,,,13.6,Hoburg 68550,Y,1995,240
1995-08-29,11.8,Y,,,11.8,Hoburg 68550,Y,1995,241
1995-08-30,9.4,Y,,,9.4,Hoburg 68550,Y,1995,242
1995-08-31,13.3,Y,,,13.3,Hoburg 68550,Y,1995,243
1995-09-01,15.1,Y,,,15.1,Hoburg 68550,Y,1995,244
1995-09-02,15.6,Y,,,15.6,Hoburg 68550,Y,1995,245
1995-09-03,17,Y,,,17,Hoburg 68550,Y,1995,246
1995-09-04,14.6,Y,,,14.6,Hoburg 68550,Y,1995,247
1995-09-05,14.5,Y,,,14.5,Hoburg 68550,Y,1995,248
1995-09-06,15.5,Y,,,15.5,Hoburg 68550,Y,1995,249
1995-09-07,13.6,Y,,,13.6,Hoburg 68550,Y,1995,250
1995-09-08,15,Y,,,15,Hoburg 68550,Y,1995,251
1995-09-09,15.2,Y,,,15.2,Hoburg 68550,Y,1995,252
1995-09-10,15,Y,,,15,Hoburg 68550,Y,1995,253
1995-09-11,14.9,Y,,,14.9,Hoburg 68550,Y,1995,254
1995-09-12,14.6,Y,,,14.6,Hoburg 68550,Y,1995,255
1995-09-13,15.4,Y,,,15.4,Hoburg 68550,Y,1995,256
1995-09-14,14.1,Y,,,14.1,Hoburg 68550,Y,1995,257
1995-09-15,12.1,Y,,,12.1,Hoburg 68550,Y,1995,258
1995-09-16,12.4,Y,,,12.4,Hoburg 68550,Y,1995,259
1995-09-17,11.7,Y,,,11.7,Hoburg 68550,Y,1995,260
1995-09-18,11.4,Y,,,11.4,Hoburg 68550,Y,1995,261
1995-09-19,12.4,Y,,,12.4,Hoburg 68550,Y,1995,262
1995-09-20,11.6,Y,,,11.6,Hoburg 68550,Y,1995,263
1995-09-21,11.2,Y,,,11.2,Hoburg 68550,Y,1995,264
1995-09-22,13,Y,,,13,Hoburg 68550,Y,1995,265
1995-09-23,14.1,Y,,,14.1,Hoburg 68550,Y,1995,266
1995-09-24,13.8,Y,,,13.8,Hoburg 68550,Y,1995,267
1995-09-25,14.4,Y,,,14.4,Hoburg 68550,Y,1995,268
1995-09-26,13,Y,,,13,Hoburg 68550,Y,1995,269
1995-09-27,11.7,Y,,,11.7,Hoburg 68550,Y,1995,270
1995-09-28,9.9,Y,,,9.9,Hoburg 68550,Y,1995,271
1995-09-29,9,Y,,,9,Hoburg 68550,Y,1995,272
1995-09-30,6.6,Y,,,6.6,Hoburg 68550,Y,1995,273
1995-10-01,8.3,Y,,,8.3,Hoburg 68550,Y,1995,274
1995-10-02,10.5,Y,,,10.5,Hoburg 68550,Y,1995,275
1995-10-03,12.1,Y,,,12.1,Hoburg 68550,Y,1995,276
1995-10-04,12.7,Y,,,12.7,Hoburg 68550,Y,1995,277
1995-10-05,13.1,Y,,,13.1,Hoburg 68550,Y,1995,278
1995-10-06,13.1,Y,,,13.1,Hoburg 68550,Y,1995,279
1995-10-07,12.3,Y,,,12.3,Hoburg 68550,Y,1995,280
1995-10-08,12.5,Y,,,12.5,Hoburg 68550,Y,1995,281
1995-10-09,14,Y,,,14,Hoburg 68550,Y,1995,282
1995-10-10,13.7,Y,,,13.7,Hoburg 68550,Y,1995,283
1995-10-11,12.5,Y,,,12.5,Hoburg 68550,Y,1995,284
1995-10-12,11.2,Y,,,11.2,Hoburg 68550,Y,1995,285
1995-10-13,12.6,Y,,,12.6,Hoburg 68550,Y,1995,286
1995-10-14,12.1,Y,,,12.1,Hoburg 68550,Y,1995,287
1995-10-15,11.4,Y,,,11.4,Hoburg 68550,Y,1995,288
1995-10-16,12.3,Y,,,12.3,Hoburg 68550,Y,1995,289
1995-10-17,12.7,Y,,,12.7,Hoburg 68550,Y,1995,290
1995-10-18,12.8,Y,,,12.8,Hoburg 68550,Y,1995,291
1995-10-19,11.3,Y,,,11.3,Hoburg 68550,Y,1995,292
1995-10-20,10.4,Y,,,10.4,Hoburg 68550,Y,1995,293
1995-10-21,7.3,Y,,,7.3,Hoburg 68550,Y,1995,294
1995-10-22,7.3,Y,,,7.3,Hoburg 68550,Y,1995,295
1995-10-23,10,Y,,,10,Hoburg 68550,Y,1995,296
1995-10-24,10.5,Y,,,10.5,Hoburg 68550,Y,1995,297
1995-10-25,9.9,Y,,,9.9,Hoburg 68550,Y,1995,298
1995-10-26,10.5,Y,,,10.5,Hoburg 68550,Y,1995,299
1995-10-27,11.3,Y,,,11.3,Hoburg 68550,Y,1995,300
1995-10-28,9.8,Y,,,9.8,Hoburg 68550,Y,1995,301
1995-10-29,7.2,Y,,,7.2,Hoburg 68550,Y,1995,302
1995-10-30,7.8,Y,,,7.8,Hoburg 68550,Y,1995,303
1995-10-31,6.5,Y,,,6.5,Hoburg 68550,Y,1995,304
1995-11-01,2.6,Y,,,2.6,Hoburg 68550,Y,1995,305
1995-11-02,2.4,Y,,,2.4,Hoburg 68550,Y,1995,306
1995-11-03,1.1,Y,,,1.1,Hoburg 68550,Y,1995,307
1995-11-04,0.6,Y,,,0.6,Hoburg 68550,Y,1995,308
1995-11-05,2,Y,,,2,Hoburg 68550,Y,1995,309
1995-11-06,5.2,Y,,,5.2,Hoburg 68550,Y,1995,310
1995-11-07,2.6,Y,,,2.6,Hoburg 68550,Y,1995,311
1995-11-08,1.2,Y,,,1.2,Hoburg 68550,Y,1995,312
1995-11-09,4.5,Y,,,4.5,Hoburg 68550,Y,1995,313
1995-11-10,4.8,Y,,,4.8,Hoburg 68550,Y,1995,314
1995-11-11,3,Y,,,3,Hoburg 68550,Y,1995,315
1995-11-12,3.1,Y,,,3.1,Hoburg 68550,Y,1995,316
1995-11-13,3.6,Y,,,3.6,Hoburg 68550,Y,1995,317
1995-11-14,3,Y,,,3,Hoburg 68550,Y,1995,318
1995-11-15,5.8,Y,,,5.8,Hoburg 68550,Y,1995,319
1995-11-16,4.9,Y,,,4.9,Hoburg 68550,Y,1995,320
1995-11-17,4.3,Y,,,4.3,Hoburg 68550,Y,1995,321
1995-11-18,0.7,Y,,,0.7,Hoburg 68550,Y,1995,322
1995-11-19,1,Y,,,1,Hoburg 68550,Y,1995,323
1995-11-20,0,Y,,,0,Hoburg 68550,Y,1995,324
1995-11-21,3.2,Y,,,3.2,Hoburg 68550,Y,1995,325
1995-11-22,3.1,Y,,,3.1,Hoburg 68550,Y,1995,326
1995-11-23,4.9,Y,,,4.9,Hoburg 68550,Y,1995,327
1995-11-24,6.9,Y,,,6.9,Hoburg 68550,Y,1995,328
1995-11-25,5.9,Y,,,5.9,Hoburg 68550,Y,1995,329
1995-11-26,4.4,Y,,,4.4,Hoburg 68550,Y,1995,330
1995-11-27,4.4,Y,,,4.4,Hoburg 68550,Y,1995,331
1995-11-28,0.9,Y,,,0.9,Hoburg 68550,Y,1995,332
1995-11-29,0.8,Y,,,0.8,Hoburg 68550,Y,1995,333
1995-11-30,3,Y,,,3,Hoburg 68550,Y,1995,334
1995-12-01,2.6,Y,,,2.6,Hoburg 68550,Y,1995,335
1995-12-02,1.2,Y,,,1.2,Hoburg 68550,Y,1995,336
1995-12-03,1.2,Y,,,1.2,Hoburg 68550,Y,1995,337
1995-12-04,-0.6,Y,,,-0.6,Hoburg 68550,Y,1995,338
1995-12-05,-1.3,Y,,,-1.3,Hoburg 68550,Y,1995,339
1995-12-06,-0.6,Y,,,-0.6,Hoburg 68550,Y,1995,340
1995-12-07,0.2,Y,,,0.2,Hoburg 68550,Y,1995,341
1995-12-08,1.7,Y,,,1.7,Hoburg 68550,Y,1995,342
1995-12-09,2.5,Y,,,2.5,Hoburg 68550,Y,1995,343
1995-12-10,2,Y,,,2,Hoburg 68550,Y,1995,344
1995-12-11,2.7,Y,,,2.7,Hoburg 68550,Y,1995,345
1995-12-12,0.6,Y,,,0.6,Hoburg 68550,Y,1995,346
1995-12-13,0.8,Y,,,0.8,Hoburg 68550,Y,1995,347
1995-12-14,-0.5,Y,,,-0.5,Hoburg 68550,Y,1995,348
1995-12-15,2.5,Y,,,2.5,Hoburg 68550,Y,1995,349
1995-12-16,2.9,Y,,,2.9,Hoburg 68550,Y,1995,350
1995-12-17,0.8,Y,,,0.8,Hoburg 68550,Y,1995,351
1995-12-18,0.8,Y,,,0.8,Hoburg 68550,Y,1995,352
1995-12-19,-0.7,Y,,,-0.7,Hoburg 68550,Y,1995,353
1995-12-20,-3.1,Y,,,-3.1,Hoburg 68550,Y,1995,354
1995-12-21,-2.6,Y,,,-2.6,Hoburg 68550,Y,1995,355
1995-12-22,-1.7,Y,,,-1.7,Hoburg 68550,Y,1995,356
1995-12-23,-2.2,Y,,,-2.2,Hoburg 68550,Y,1995,357
1995-12-24,-3.8,Y,,,-3.8,Hoburg 68550,Y,1995,358
1995-12-25,-3.7,Y,,,-3.7,Hoburg 68550,Y,1995,359
1995-12-26,-3.5,Y,,,-3.5,Hoburg 68550,Y,1995,360
1995-12-27,-4,Y,,,-4,Hoburg 68550,Y,1995,361
1995-12-28,-3.5,Y,,,-3.5,Hoburg 68550,Y,1995,362
1995-12-29,-3,Y,,,-3,Hoburg 68550,Y,1995,363
1995-12-30,-1.8,Y,,,-1.8,Hoburg 68550,Y,1995,364
1995-12-31,-2.7,Y,,,-2.7,Hoburg 68550,Y,1995,365
1996-01-01,-2.8,Y,,,-2.8,Hoburg 68550,Y,1996,1
1996-01-02,-2.3,Y,,,-2.3,Hoburg 68550,Y,1996,2
1996-01-03,-2.1,Y,,,-2.1,Hoburg 68550,Y,1996,3
1996-01-04,-2.2,Y,,,-2.2,Hoburg 68550,Y,1996,4
1996-01-05,-1.4,Y,,,-1.4,Hoburg 68550,Y,1996,5
1996-01-06,-0.1,Y,,,-0.1,Hoburg 68550,Y,1996,6
1996-01-07,0.2,Y,,,0.2,Hoburg 68550,Y,1996,7
1996-01-08,0.1,Y,,,0.1,Hoburg 68550,Y,1996,8
1996-01-09,1.4,Y,,,1.4,Hoburg 68550,Y,1996,9
1996-01-10,0.8,Y,,,0.8,Hoburg 68550,Y,1996,10
1996-01-11,1.3,Y,,,1.3,Hoburg 68550,Y,1996,11
1996-01-12,1.2,Y,,,1.2,Hoburg 68550,Y,1996,12
1996-01-13,2.2,Y,,,2.2,Hoburg 68550,Y,1996,13
1996-01-14,1.8,Y,,,1.8,Hoburg 68550,Y,1996,14
1996-01-15,0.2,Y,,,0.2,Hoburg 68550,Y,1996,15
1996-01-16,0.1,Y,,,0.1,Hoburg 68550,Y,1996,16
1996-01-17,0.4,Y,,,0.4,Hoburg 68550,Y,1996,17
1996-01-18,0.9,Y,,,0.9,Hoburg 68550,Y,1996,18
1996-01-19,-0.9,Y,,,-0.9,Hoburg 68550,Y,1996,19
1996-01-20,-2.3,Y,,,-2.3,Hoburg 68550,Y,1996,20
1996-01-21,-1.9,Y,,,-1.9,Hoburg 68550,Y,1996,21
1996-01-22,-2.1,Y,,,-2.1,Hoburg 68550,Y,1996,22
1996-01-23,-3.8,Y,,,-3.8,Hoburg 68550,Y,1996,23
1996-01-24,-5.8,Y,,,-5.8,Hoburg 68550,Y,1996,24
1996-01-25,-5,Y,,,-5,Hoburg 68550,Y,1996,25
1996-01-26,-3.5,Y,,,-3.5,Hoburg 68550,Y,1996,26
1996-01-27,-3.9,Y,,,-3.9,Hoburg 68550,Y,1996,27
1996-01-28,-2.7,Y,,,-2.7,Hoburg 68550,Y,1996,28
1996-01-29,0,Y,,,0,Hoburg 68550,Y,1996,29
1996-01-30,-1.2,Y,,,-1.2,Hoburg 68550,Y,1996,30
1996-01-31,-1.2,Y,,,-1.2,Hoburg 68550,Y,1996,31
1996-02-01,-2.7,Y,,,-2.7,Hoburg 68550,Y,1996,32
1996-02-02,-1.7,Y,,,-1.7,Hoburg 68550,Y,1996,33
1996-02-03,-3.3,Y,,,-3.3,Hoburg 68550,Y,1996,34
1996-02-04,-2.8,Y,,,-2.8,Hoburg 68550,Y,1996,35
1996-02-05,-4.3,Y,,,-4.3,Hoburg 68550,Y,1996,36
1996-02-06,-5.8,Y,,,-5.8,Hoburg 68550,Y,1996,37
1996-02-07,-5.7,Y,,,-5.7,Hoburg 68550,Y,1996,38
1996-02-08,-7,Y,,,-7,Hoburg 68550,Y,1996,39
1996-02-09,-6.3,Y,,,-6.3,Hoburg 68550,Y,1996,40
1996-02-10,-5.6,Y,,,-5.6,Hoburg 68550,Y,1996,41
1996-02-11,-5.9,Y,,,-5.9,Hoburg 68550,Y,1996,42
1996-02-12,-3.4,Y,,,-3.4,Hoburg 68550,Y,1996,43
1996-02-13,-1.7,Y,,,-1.7,Hoburg 68550,Y,1996,44
1996-02-14,-3.1,Y,,,-3.1,Hoburg 68550,Y,1996,45
1996-02-15,-1,Y,,,-1,Hoburg 68550,Y,1996,46
1996-02-16,1,Y,,,1,Hoburg 68550,Y,1996,47
1996-02-17,-3.6,Y,,,-3.6,Hoburg 68550,Y,1996,48
1996-02-18,-6.7,Y,,,-6.7,Hoburg 68550,Y,1996,49
1996-02-19,-5.4,Y,,,-5.4,Hoburg 68550,Y,1996,50
1996-02-20,-4.7,Y,,,-4.7,Hoburg 68550,Y,1996,51
1996-02-21,-4.3,Y,,,-4.3,Hoburg 68550,Y,1996,52
1996-02-22,-3.4,Y,,,-3.4,Hoburg 68550,Y,1996,53
1996-02-23,-3.3,Y,,,-3.3,Hoburg 68550,Y,1996,54
1996-02-24,-0.7,Y,,,-0.7,Hoburg 68550,Y,1996,55
1996-02-25,-1.6,Y,,,-1.6,Hoburg 68550,Y,1996,56
1996-02-26,1,Y,,,1,Hoburg 68550,Y,1996,57
1996-02-27,0.7,Y,,,0.7,Hoburg 68550,Y,1996,58
1996-02-28,0,Y,,,0,Hoburg 68550,Y,1996,59
1996-02-29,0.4,Y,,,0.4,Hoburg 68550,Y,1996,60
1996-03-01,-0.2,Y,,,-0.2,Hoburg 68550,Y,1996,61
1996-03-02,-1.5,Y,,,-1.5,Hoburg 68550,Y,1996,62
1996-03-03,-3,Y,,,-3,Hoburg 68550,Y,1996,63
1996-03-04,-1.9,Y,,,-1.9,Hoburg 68550,Y,1996,64
1996-03-05,1,Y,,,1,Hoburg 68550,Y,1996,65
1996-03-06,-1.1,Y,,,-1.1,Hoburg 68550,Y,1996,66
1996-03-07,-0.8,Y,,,-0.8,Hoburg 68550,Y,1996,67
1996-03-08,-0.7,Y,,,-0.7,Hoburg 68550,Y,1996,68
1996-03-09,-0.4,Y,,,-0.4,Hoburg 68550,Y,1996,69
1996-03-10,-0.9,Y,,,-0.9,Hoburg 68550,Y,1996,70
1996-03-11,-1.6,Y,,,-1.6,Hoburg 68550,Y,1996,71
1996-03-12,-1.6,Y,,,-1.6,Hoburg 68550,Y,1996,72
1996-03-13,-1.4,Y,,,-1.4,Hoburg 68550,Y,1996,73
1996-03-14,-1.5,Y,,,-1.5,Hoburg 68550,Y,1996,74
1996-03-15,-1.1,Y,,,-1.1,Hoburg 68550,Y,1996,75
1996-03-16,0,Y,,,0,Hoburg 68550,Y,1996,76
1996-03-17,-0.6,Y,,,-0.6,Hoburg 68550,Y,1996,77
1996-03-18,-1.3,Y,,,-1.3,Hoburg 68550,Y,1996,78
1996-03-19,-1.3,Y,,,-1.3,Hoburg 68550,Y,1996,79
1996-03-20,-0.1,Y,,,-0.1,Hoburg 68550,Y,1996,80
1996-03-21,-0.3,Y,,,-0.3,Hoburg 68550,Y,1996,81
1996-03-22,-0.1,Y,,,-0.1,Hoburg 68550,Y,1996,82
1996-03-23,0.7,Y,,,0.7,Hoburg 68550,Y,1996,83
1996-03-24,0.5,Y,,,0.5,Hoburg 68550,Y,1996,84
1996-03-25,1,Y,,,1,Hoburg 68550,Y,1996,85
1996-03-26,0,Y,,,0,Hoburg 68550,Y,1996,86
1996-03-27,0.1,Y,,,0.1,Hoburg 68550,Y,1996,87
1996-03-28,0.8,Y,,,0.8,Hoburg 68550,Y,1996,88
1996-03-29,0.4,Y,,,0.4,Hoburg 68550,Y,1996,89
1996-03-30,0.2,Y,,,0.2,Hoburg 68550,Y,1996,90
1996-03-31,-1.4,Y,,,-1.4,Hoburg 68550,Y,1996,91
1996-04-01,-0.3,Y,,,-0.3,Hoburg 68550,Y,1996,92
1996-04-02,-0.3,Y,,,-0.3,Hoburg 68550,Y,1996,93
1996-04-03,0.8,Y,,,0.8,Hoburg 68550,Y,1996,94
1996-04-04,1,Y,,,1,Hoburg 68550,Y,1996,95
1996-04-05,3.6,Y,,,3.6,Hoburg 68550,Y,1996,96
1996-04-06,4.2,Y,,,4.2,Hoburg 68550,Y,1996,97
1996-04-07,3.8,Y,,,3.8,Hoburg 68550,Y,1996,98
1996-04-08,4.1,Y,,,4.1,Hoburg 68550,Y,1996,99
1996-04-09,4.6,Y,,,4.6,Hoburg 68550,Y,1996,100
1996-04-10,3.9,Y,,,3.9,Hoburg 68550,Y,1996,101
1996-04-11,-0.6,Y,,,-0.6,Hoburg 68550,Y,1996,102
1996-04-12,0.5,Y,,,0.5,Hoburg 68550,Y,1996,103
1996-04-13,3,Y,,,3,Hoburg 68550,Y,1996,104
1996-04-14,2.3,Y,,,2.3,Hoburg 68550,Y,1996,105
1996-04-15,3.4,Y,,,3.4,Hoburg 68550,Y,1996,106
1996-04-16,4.3,Y,,,4.3,Hoburg 68550,Y,1996,107
1996-04-17,5.5,Y,,,5.5,Hoburg 68550,Y,1996,108
1996-04-18,5.7,Y,,,5.7,Hoburg 68550,Y,1996,109
1996-04-19,7.4,Y,,,7.4,Hoburg 68550,Y,1996,110
1996-04-20,8,Y,,,8,Hoburg 68550,Y,1996,111
1996-04-21,8.3,Y,,,8.3,Hoburg 68550,Y,1996,112
1996-04-22,10.6,Y,,,10.6,Hoburg 68550,Y,1996,113
1996-04-23,9.7,Y,,,9.7,Hoburg 68550,Y,1996,114
1996-04-24,6.9,Y,,,6.9,Hoburg 68550,Y,1996,115
1996-04-25,5.1,Y,,,5.1,Hoburg 68550,Y,1996,116
1996-04-26,4.8,Y,,,4.8,Hoburg 68550,Y,1996,117
1996-04-27,4.2,Y,,,4.2,Hoburg 68550,Y,1996,118
1996-04-28,5.4,Y,,,5.4,Hoburg 68550,Y,1996,119
1996-04-29,5.4,Y,,,5.4,Hoburg 68550,Y,1996,120
1996-04-30,5.2,Y,,,5.2,Hoburg 68550,Y,1996,121
1996-05-01,4.9,Y,,,4.9,Hoburg 68550,Y,1996,122
1996-05-02,6.6,Y,,,6.6,Hoburg 68550,Y,1996,123
1996-05-03,8,Y,,,8,Hoburg 68550,Y,1996,124
1996-05-04,8.1,Y,,,8.1,Hoburg 68550,Y,1996,125
1996-05-05,5.3,Y,,,5.3,Hoburg 68550,Y,1996,126
1996-05-06,5.3,Y,,,5.3,Hoburg 68550,Y,1996,127
1996-05-07,5.3,Y,,,5.3,Hoburg 68550,Y,1996,128
1996-05-08,6.9,Y,,,6.9,Hoburg 68550,Y,1996,129
1996-05-09,4.7,Y,,,4.7,Hoburg 68550,Y,1996,130
1996-05-10,4.5,Y,,,4.5,Hoburg 68550,Y,1996,131
1996-05-11,8.7,Y,,,8.7,Hoburg 68550,Y,1996,132
1996-05-12,14.1,Y,,,14.1,Hoburg 68550,Y,1996,133
1996-05-13,9.3,Y,,,9.3,Hoburg 68550,Y,1996,134
1996-05-14,12.1,Y,,,12.1,Hoburg 68550,Y,1996,135
1996-05-15,8.7,Y,,,8.7,Hoburg 68550,Y,1996,136
1996-05-16,7.1,Y,,,7.1,Hoburg 68550,Y,1996,137
1996-05-17,5.1,Y,,,5.1,Hoburg 68550,Y,1996,138
1996-05-18,5.8,Y,,,5.8,Hoburg 68550,Y,1996,139
1996-05-19,6.1,Y,,,6.1,Hoburg 68550,Y,1996,140
1996-05-20,6.8,Y,,,6.8,Hoburg 68550,Y,1996,141
1996-05-21,6.3,Y,,,6.3,Hoburg 68550,Y,1996,142
1996-05-22,7.4,Y,,,7.4,Hoburg 68550,Y,1996,143
1996-05-23,5.6,Y,,,5.6,Hoburg 68550,Y,1996,144
1996-05-24,6.1,Y,,,6.1,Hoburg 68550,Y,1996,145
1996-05-25,6.8,Y,,,6.8,Hoburg 68550,Y,1996,146
1996-05-26,8.1,Y,,,8.1,Hoburg 68550,Y,1996,147
1996-05-27,7.5,Y,,,7.5,Hoburg 68550,Y,1996,148
1996-05-28,7.6,Y,,,7.6,Hoburg 68550,Y,1996,149
1996-05-29,7,Y,,,7,Hoburg 68550,Y,1996,150
1996-05-30,9.4,Y,,,9.4,Hoburg 68550,Y,1996,151
1996-05-31,8,Y,,,8,Hoburg 68550,Y,1996,152
1996-06-01,11.7,Y,,,11.7,Hoburg 68550,Y,1996,153
1996-06-02,9.5,Y,,,9.5,Hoburg 68550,Y,1996,154
1996-06-03,11,Y,,,11,Hoburg 68550,Y,1996,155
1996-06-04,11.4,Y,,,11.4,Hoburg 68550,Y,1996,156
1996-06-05,11.6,Y,,,11.6,Hoburg 68550,Y,1996,157
1996-06-06,11.2,Y,,,11.2,Hoburg 68550,Y,1996,158
1996-06-07,14.5,Y,,,14.5,Hoburg 68550,Y,1996,159
1996-06-08,13.2,Y,,,13.2,Hoburg 68550,Y,1996,160
1996-06-09,16.1,Y,,,16.1,Hoburg 68550,Y,1996,161
1996-06-10,12.5,Y,,,12.5,Hoburg 68550,Y,1996,162
1996-06-11,14.5,Y,,,14.5,Hoburg 68550,Y,1996,163
1996-06-12,13.8,Y,,,13.8,Hoburg 68550,Y,1996,164
1996-06-13,10.5,Y,,,10.5,Hoburg 68550,Y,1996,165
1996-06-14,11.3,Y,,,11.3,Hoburg 68550,Y,1996,166
1996-06-15,11.2,Y,,,11.2,Hoburg 68550,Y,1996,167
1996-06-16,12.8,Y,,,12.8,Hoburg 68550,Y,1996,168
1996-06-17,12.2,Y,,,12.2,Hoburg 68550,Y,1996,169
1996-06-18,11.8,Y,,,11.8,Hoburg 68550,Y,1996,170
1996-06-19,11,Y,,,11,Hoburg 68550,Y,1996,171
1996-06-20,11.9,Y,,,11.9,Hoburg 68550,Y,1996,172
1996-06-21,11.3,Y,,,11.3,Hoburg 68550,Y,1996,173
1996-06-22,11.9,Y,,,11.9,Hoburg 68550,Y,1996,174
1996-06-23,13.7,Y,,,13.7,Hoburg 68550,Y,1996,175
1996-06-24,12.3,Y,,,12.3,Hoburg 68550,Y,1996,176
1996-06-25,12.2,Y,,,12.2,Hoburg 68550,Y,1996,177
1996-06-26,10.9,Y,,,10.9,Hoburg 68550,Y,1996,178
1996-06-27,13.2,Y,,,13.2,Hoburg 68550,Y,1996,179
1996-06-28,13.8,Y,,,13.8,Hoburg 68550,Y,1996,180
1996-06-29,13.2,Y,,,13.2,Hoburg 68550,Y,1996,181
1996-06-30,12.7,Y,,,12.7,Hoburg 68550,Y,1996,182
1996-07-01,13.1,Y,,,13.1,Hoburg 68550,Y,1996,183
1996-07-02,13.1,Y,,,13.1,Hoburg 68550,Y,1996,184
1996-07-03,13.1,Y,,,13.1,Hoburg 68550,Y,1996,185
1996-07-04,13.9,Y,,,13.9,Hoburg 68550,Y,1996,186
1996-07-05,14,Y,,,14,Hoburg 68550,Y,1996,187
1996-07-06,11.9,Y,,,11.9,Hoburg 68550,Y,1996,188
1996-07-07,13.3,Y,,,13.3,Hoburg 68550,Y,1996,189
1996-07-08,13.3,Y,,,13.3,Hoburg 68550,Y,1996,190
1996-07-09,14.4,Y,,,14.4,Hoburg 68550,Y,1996,191
1996-07-10,12.3,Y,,,12.3,Hoburg 68550,Y,1996,192
1996-07-11,13.4,Y,,,13.4,Hoburg 68550,Y,1996,193
1996-07-12,10.9,Y,,,10.9,Hoburg 68550,Y,1996,194
1996-07-13,13.3,Y,,,13.3,Hoburg 68550,Y,1996,195
1996-07-14,14.7,Y,,,14.7,Hoburg 68550,Y,1996,196
1996-07-15,14.4,Y,,,14.4,Hoburg 68550,Y,1996,197
1996-07-16,13.4,Y,,,13.4,Hoburg 68550,Y,1996,198
1996-07-17,13,Y,,,13,Hoburg 68550,Y,1996,199
1996-07-18,12.3,Y,,,12.3,Hoburg 68550,Y,1996,200
1996-07-19,12.9,Y,,,12.9,Hoburg 68550,Y,1996,201
1996-07-20,13.1,Y,,,13.1,Hoburg 68550,Y,1996,202
1996-07-21,14.1,Y,,,14.1,Hoburg 68550,Y,1996,203
1996-07-22,14.5,Y,,,14.5,Hoburg 68550,Y,1996,204
1996-07-23,15.5,Y,,,15.5,Hoburg 68550,Y,1996,205
1996-07-24,16.5,Y,,,16.5,Hoburg 68550,Y,1996,206
1996-07-25,17.8,Y,,,17.8,Hoburg 68550,Y,1996,207
1996-07-26,18.1,Y,,,18.1,Hoburg 68550,Y,1996,208
1996-07-27,16.9,Y,,,16.9,Hoburg 68550,Y,1996,209
1996-07-28,16.2,Y,,,16.2,Hoburg 68550,Y,1996,210
1996-07-29,15.7,Y,,,15.7,Hoburg 68550,Y,1996,211
1996-07-30,15.5,Y,,,15.5,Hoburg 68550,Y,1996,212
1996-07-31,16,Y,,,16,Hoburg 68550,Y,1996,213
1996-08-01,15.6,Y,,,15.6,Hoburg 68550,Y,1996,214
1996-08-02,16.8,Y,,,16.8,Hoburg 68550,Y,1996,215
1996-08-03,15.8,Y,,,15.8,Hoburg 68550,Y,1996,216
1996-08-04,16.1,Y,,,16.1,Hoburg 68550,Y,1996,217
1996-08-05,17.1,Y,,,17.1,Hoburg 68550,Y,1996,218
1996-08-06,17.8,Y,,,17.8,Hoburg 68550,Y,1996,219
1996-08-07,18.1,Y,,,18.1,Hoburg 68550,Y,1996,220
1996-08-08,17.3,Y,,,17.3,Hoburg 68550,Y,1996,221
1996-08-09,17.2,Y,,,17.2,Hoburg 68550,Y,1996,222
1996-08-10,18,Y,,,18,Hoburg 68550,Y,1996,223
1996-08-11,19.5,Y,,,19.5,Hoburg 68550,Y,1996,224
1996-08-12,19.3,Y,,,19.3,Hoburg 68550,Y,1996,225
1996-08-13,19.8,Y,,,19.8,Hoburg 68550,Y,1996,226
1996-08-14,18.5,Y,,,18.5,Hoburg 68550,Y,1996,227
1996-08-15,17.2,Y,,,17.2,Hoburg 68550,Y,1996,228
1996-08-16,18.4,Y,,,18.4,Hoburg 68550,Y,1996,229
1996-08-17,18.2,Y,,,18.2,Hoburg 68550,Y,1996,230
1996-08-18,16.9,Y,,,16.9,Hoburg 68550,Y,1996,231
1996-08-19,17.1,Y,,,17.1,Hoburg 68550,Y,1996,232
1996-08-20,16.8,Y,,,16.8,Hoburg 68550,Y,1996,233
1996-08-21,17.9,Y,,,17.9,Hoburg 68550,Y,1996,234
1996-08-22,18.5,Y,,,18.5,Hoburg 68550,Y,1996,235
1996-08-23,19.6,Y,,,19.6,Hoburg 68550,Y,1996,236
1996-08-24,20.4,Y,,,20.4,Hoburg 68550,Y,1996,237
1996-08-25,20.2,Y,,,20.2,Hoburg 68550,Y,1996,238
1996-08-26,17.5,Y,,,17.5,Hoburg 68550,Y,1996,239
1996-08-27,18.2,Y,,,18.2,Hoburg 68550,Y,1996,240
1996-08-28,18.2,Y,,,18.2,Hoburg 68550,Y,1996,241
1996-08-29,18,Y,,,18,Hoburg 68550,Y,1996,242
1996-08-30,18.8,Y,,,18.8,Hoburg 68550,Y,1996,243
1996-08-31,18.2,Y,,,18.2,Hoburg 68550,Y,1996,244
1996-09-01,16.8,Y,,,16.8,Hoburg 68550,Y,1996,245
1996-09-02,16.4,Y,,,16.4,Hoburg 68550,Y,1996,246
1996-09-03,17.4,Y,,,17.4,Hoburg 68550,Y,1996,247
1996-09-04,14.5,Y,,,14.5,Hoburg 68550,Y,1996,248
1996-09-05,12.2,Y,,,12.2,Hoburg 68550,Y,1996,249
1996-09-06,11.4,Y,,,11.4,Hoburg 68550,Y,1996,250
1996-09-07,12.1,Y,,,12.1,Hoburg 68550,Y,1996,251
1996-09-08,11.8,Y,,,11.8,Hoburg 68550,Y,1996,252
1996-09-09,11.9,Y,,,11.9,Hoburg 68550,Y,1996,253
1996-09-10,10.5,Y,,,10.5,Hoburg 68550,Y,1996,254
1996-09-11,9.5,Y,,,9.5,Hoburg 68550,Y,1996,255
1996-09-12,11.8,Y,,,11.8,Hoburg 68550,Y,1996,256
1996-09-13,12.8,Y,,,12.8,Hoburg 68550,Y,1996,257
1996-09-14,9.9,Y,,,9.9,Hoburg 68550,Y,1996,258
1996-09-15,11.2,Y,,,11.2,Hoburg 68550,Y,1996,259
1996-09-16,11.1,Y,,,11.1,Hoburg 68550,Y,1996,260
1996-09-17,10.2,Y,,,10.2,Hoburg 68550,Y,1996,261
1996-09-18,10.2,Y,,,10.2,Hoburg 68550,Y,1996,262
1996-09-19,10.7,Y,,,10.7,Hoburg 68550,Y,1996,263
1996-09-20,8.6,Y,,,8.6,Hoburg 68550,Y,1996,264
1996-09-21,8.6,Y,,,8.6,Hoburg 68550,Y,1996,265
1996-09-22,8.8,Y,,,8.8,Hoburg 68550,Y,1996,266
1996-09-23,8.4,Y,,,8.4,Hoburg 68550,Y,1996,267
1996-09-24,9.3,Y,,,9.3,Hoburg 68550,Y,1996,268
1996-09-25,9.9,Y,,,9.9,Hoburg 68550,Y,1996,269
1996-09-26,9.8,Y,,,9.8,Hoburg 68550,Y,1996,270
1996-09-27,10.2,Y,,,10.2,Hoburg 68550,Y,1996,271
1996-09-28,11.3,Y,,,11.3,Hoburg 68550,Y,1996,272
1996-09-29,11.6,Y,,,11.6,Hoburg 68550,Y,1996,273
1996-09-30,12.8,Y,,,12.8,Hoburg 68550,Y,1996,274
1996-10-01,10.7,Y,,,10.7,Hoburg 68550,Y,1996,275
1996-10-02,11,Y,,,11,Hoburg 68550,Y,1996,276
1996-10-03,10.3,Y,,,10.3,Hoburg 68550,Y,1996,277
1996-10-04,11.9,Y,,,11.9,Hoburg 68550,Y,1996,278
1996-10-05,11.1,Y,,,11.1,Hoburg 68550,Y,1996,279
1996-10-06,10.7,Y,,,10.7,Hoburg 68550,Y,1996,280
1996-10-07,11.7,Y,,,11.7,Hoburg 68550,Y,1996,281
1996-10-08,12.1,Y,,,12.1,Hoburg 68550,Y,1996,282
1996-10-09,12,Y,,,12,Hoburg 68550,Y,1996,283
1996-10-10,10.9,Y,,,10.9,Hoburg 68550,Y,1996,284
1996-10-11,9.4,Y,,,9.4,Hoburg 68550,Y,1996,285
1996-10-12,11.4,Y,,,11.4,Hoburg 68550,Y,1996,286
1996-10-13,11.1,Y,,,11.1,Hoburg 68550,Y,1996,287
1996-10-14,9.7,Y,,,9.7,Hoburg 68550,Y,1996,288
1996-10-15,10,Y,,,10,Hoburg 68550,Y,1996,289
1996-10-16,11.4,Y,,,11.4,Hoburg 68550,Y,1996,290
1996-10-17,11.8,Y,,,11.8,Hoburg 68550,Y,1996,291
1996-10-18,10.9,Y,,,10.9,Hoburg 68550,Y,1996,292
1996-10-19,10.2,Y,,,10.2,Hoburg 68550,Y,1996,293
1996-10-20,9.9,Y,,,9.9,Hoburg 68550,Y,1996,294
1996-10-21,8.2,Y,,,8.2,Hoburg 68550,Y,1996,295
1996-10-22,7.1,Y,,,7.1,Hoburg 68550,Y,1996,296
1996-10-23,7.9,Y,,,7.9,Hoburg 68550,Y,1996,297
1996-10-24,8.1,Y,,,8.1,Hoburg 68550,Y,1996,298
1996-10-25,7.1,Y,,,7.1,Hoburg 68550,Y,1996,299
1996-10-26,7.2,Y,,,7.2,Hoburg 68550,Y,1996,300
1996-10-27,9.3,Y,,,9.3,Hoburg 68550,Y,1996,301
1996-10-28,10.8,Y,,,10.8,Hoburg 68550,Y,1996,302
1996-10-29,10.6,Y,,,10.6,Hoburg 68550,Y,1996,303
1996-10-30,7.5,Y,,,7.5,Hoburg 68550,Y,1996,304
1996-10-31,5.5,Y,,,5.5,Hoburg 68550,Y,1996,305
1996-11-01,9.2,Y,,,9.2,Hoburg 68550,Y,1996,306
1996-11-02,9.9,Y,,,9.9,Hoburg 68550,Y,1996,307
1996-11-03,11.2,Y,,,11.2,Hoburg 68550,Y,1996,308
1996-11-04,10.8,Y,,,10.8,Hoburg 68550,Y,1996,309
1996-11-05,10.7,Y,,,10.7,Hoburg 68550,Y,1996,310
1996-11-06,8.2,Y,,,8.2,Hoburg 68550,Y,1996,311
1996-11-07,8,Y,,,8,Hoburg 68550,Y,1996,312
1996-11-08,5.3,Y,,,5.3,Hoburg 68550,Y,1996,313
1996-11-09,6.5,Y,,,6.5,Hoburg 68550,Y,1996,314
1996-11-10,3.7,Y,,,3.7,Hoburg 68550,Y,1996,315
1996-11-11,4.9,Y,,,4.9,Hoburg 68550,Y,1996,316
1996-11-12,6.3,Y,,,6.3,Hoburg 68550,Y,1996,317
1996-11-13,6.1,Y,,,6.1,Hoburg 68550,Y,1996,318
1996-11-14,2.8,Y,,,2.8,Hoburg 68550,Y,1996,319
1996-11-15,4.9,Y,,,4.9,Hoburg 68550,Y,1996,320
1996-11-16,5.6,Y,,,5.6,Hoburg 68550,Y,1996,321
1996-11-17,5.6,Y,,,5.6,Hoburg 68550,Y,1996,322
1996-11-18,6.1,Y,,,6.1,Hoburg 68550,Y,1996,323
1996-11-19,8.2,Y,,,8.2,Hoburg 68550,Y,1996,324
1996-11-20,6.9,Y,,,6.9,Hoburg 68550,Y,1996,325
1996-11-21,6.1,Y,,,6.1,Hoburg 68550,Y,1996,326
1996-11-22,5.2,Y,,,5.2,Hoburg 68550,Y,1996,327
1996-11-23,5.5,Y,,,5.5,Hoburg 68550,Y,1996,328
1996-11-24,4.5,Y,,,4.5,Hoburg 68550,Y,1996,329
1996-11-25,2.6,Y,,,2.6,Hoburg 68550,Y,1996,330
1996-11-26,2.5,Y,,,2.5,Hoburg 68550,Y,1996,331
1996-11-27,2.3,Y,,,2.3,Hoburg 68550,Y,1996,332
1996-11-28,1.2,Y,,,1.2,Hoburg 68550,Y,1996,333
1996-11-29,2.4,Y,,,2.4,Hoburg 68550,Y,1996,334
1996-11-30,2.6,Y,,,2.6,Hoburg 68550,Y,1996,335
1996-12-01,3.9,Y,,,3.9,Hoburg 68550,Y,1996,336
1996-12-02,3.9,Y,,,3.9,Hoburg 68550,Y,1996,337
1996-12-03,5.2,Y,,,5.2,Hoburg 68550,Y,1996,338
1996-12-04,5.1,Y,,,5.1,Hoburg 68550,Y,1996,339
1996-12-05,5.2,Y,,,5.2,Hoburg 68550,Y,1996,340
1996-12-06,4.2,Y,,,4.2,Hoburg 68550,Y,1996,341
1996-12-07,3.1,Y,,,3.1,Hoburg 68550,Y,1996,342
1996-12-08,3.4,Y,,,3.4,Hoburg 68550,Y,1996,343
1996-12-09,3.2,Y,,,3.2,Hoburg 68550,Y,1996,344
1996-12-10,2.8,Y,,,2.8,Hoburg 68550,Y,1996,345
1996-12-11,1.8,Y,,,1.8,Hoburg 68550,Y,1996,346
1996-12-12,2,Y,,,2,Hoburg 68550,Y,1996,347
1996-12-13,1,Y,,,1,Hoburg 68550,Y,1996,348
1996-12-14,-2.9,Y,,,-2.9,Hoburg 68550,Y,1996,349
1996-12-15,-1.2,Y,,,-1.2,Hoburg 68550,Y,1996,350
1996-12-16,-0.8,Y,,,-0.8,Hoburg 68550,Y,1996,351
1996-12-17,-0.2,Y,,,-0.2,Hoburg 68550,Y,1996,352
1996-12-18,-0.6,Y,,,-0.6,Hoburg 68550,Y,1996,353
1996-12-19,-3.4,Y,,,-3.4,Hoburg 68550,Y,1996,354
1996-12-20,-3.1,Y,,,-3.1,Hoburg 68550,Y,1996,355
1996-12-21,-1.4,Y,,,-1.4,Hoburg 68550,Y,1996,356
1996-12-22,-2.3,Y,,,-2.3,Hoburg 68550,Y,1996,357
1996-12-23,-6.3,Y,,,-6.3,Hoburg 68550,Y,1996,358
1996-12-24,-2.9,Y,,,-2.9,Hoburg 68550,Y,1996,359
1996-12-25,-5.5,Y,,,-5.5,Hoburg 68550,Y,1996,360
1996-12-26,-5.3,Y,,,-5.3,Hoburg 68550,Y,1996,361
1996-12-27,-1.2,Y,,,-1.2,Hoburg 68550,Y,1996,362
1996-12-28,-1.2,Y,,,-1.2,Hoburg 68550,Y,1996,363
1996-12-29,0.1,Y,,,0.1,Hoburg 68550,Y,1996,364
1996-12-30,-4.5,Y,,,-4.5,Hoburg 68550,Y,1996,365
1996-12-31,-7.2,Y,,,-7.2,Hoburg 68550,Y,1996,366
1997-01-01,-3.2,Y,,,-3.2,Hoburg 68550,Y,1997,1
1997-01-02,-2,Y,,,-2,Hoburg 68550,Y,1997,2
1997-01-03,-2.3,Y,,,-2.3,Hoburg 68550,Y,1997,3
1997-01-04,-2.7,Y,,,-2.7,Hoburg 68550,Y,1997,4
1997-01-05,-0.5,Y,,,-0.5,Hoburg 68550,Y,1997,5
1997-01-06,-2.3,Y,,,-2.3,Hoburg 68550,Y,1997,6
1997-01-07,-1.1,Y,,,-1.1,Hoburg 68550,Y,1997,7
1997-01-08,-0.3,Y,,,-0.3,Hoburg 68550,Y,1997,8
1997-01-09,-1.9,Y,,,-1.9,Hoburg 68550,Y,1997,9
1997-01-10,-2.4,Y,,,-2.4,Hoburg 68550,Y,1997,10
1997-01-11,-2.9,Y,,,-2.9,Hoburg 68550,Y,1997,11
1997-01-12,-2.6,Y,,,-2.6,Hoburg 68550,Y,1997,12
1997-01-13,2.1,Y,,,2.1,Hoburg 68550,Y,1997,13
1997-01-14,2.9,Y,,,2.9,Hoburg 68550,Y,1997,14
1997-01-15,3.3,Y,,,3.3,Hoburg 68550,Y,1997,15
1997-01-16,1.8,Y,,,1.8,Hoburg 68550,Y,1997,16
1997-01-17,0.3,Y,,,0.3,Hoburg 68550,Y,1997,17
1997-01-18,0.6,Y,,,0.6,Hoburg 68550,Y,1997,18
1997-01-19,2.3,Y,,,2.3,Hoburg 68550,Y,1997,19
1997-01-20,0.3,Y,,,0.3,Hoburg 68550,Y,1997,20
1997-01-21,1,Y,,,1,Hoburg 68550,Y,1997,21
1997-01-22,0.5,Y,,,0.5,Hoburg 68550,Y,1997,22
1997-01-23,2.3,Y,,,2.3,Hoburg 68550,Y,1997,23
1997-01-24,0.7,Y,,,0.7,Hoburg 68550,Y,1997,24
1997-01-25,0.1,Y,,,0.1,Hoburg 68550,Y,1997,25
1997-01-26,0.8,Y,,,0.8,Hoburg 68550,Y,1997,26
1997-01-27,0,Y,,,0,Hoburg 68550,Y,1997,27
1997-01-28,1.8,Y,,,1.8,Hoburg 68550,Y,1997,28
1997-01-29,2.2,Y,,,2.2,Hoburg 68550,Y,1997,29
1997-01-30,1.5,Y,,,1.5,Hoburg 68550,Y,1997,30
1997-01-31,1.1,Y,,,1.1,Hoburg 68550,Y,1997,31
1997-02-01,-0.5,Y,,,-0.5,Hoburg 68550,Y,1997,32
1997-02-02,-0.3,Y,,,-0.3,Hoburg 68550,Y,1997,33
1997-02-03,0.2,Y,,,0.2,Hoburg 68550,Y,1997,34
1997-02-04,1,Y,,,1,Hoburg 68550,Y,1997,35
1997-02-05,0.7,Y,,,0.7,Hoburg 68550,Y,1997,36
1997-02-06,2,Y,,,2,Hoburg 68550,Y,1997,37
1997-02-07,2.6,Y,,,2.6,Hoburg 68550,Y,1997,38
1997-02-08,3.1,Y,,,3.1,Hoburg 68550,Y,1997,39
1997-02-09,2.1,Y,,,2.1,Hoburg 68550,Y,1997,40
1997-02-10,3,Y,,,3,Hoburg 68550,Y,1997,41
1997-02-11,2.7,Y,,,2.7,Hoburg 68550,Y,1997,42
1997-02-12,3,Y,,,3,Hoburg 68550,Y,1997,43
1997-02-13,1.9,Y,,,1.9,Hoburg 68550,Y,1997,44
1997-02-14,-3,Y,,,-3,Hoburg 68550,Y,1997,45
1997-02-15,-5.2,Y,,,-5.2,Hoburg 68550,Y,1997,46
1997-02-16,-4.9,Y,,,-4.9,Hoburg 68550,Y,1997,47
1997-02-17,-3.2,Y,,,-3.2,Hoburg 68550,Y,1997,48
1997-02-18,-1.6,Y,,,-1.6,Hoburg 68550,Y,1997,49
1997-02-19,1.3,Y,,,1.3,Hoburg 68550,Y,1997,50
1997-02-20,1.8,Y,,,1.8,Hoburg 68550,Y,1997,51
1997-02-21,3.1,Y,,,3.1,Hoburg 68550,Y,1997,52
1997-02-22,2.6,Y,,,2.6,Hoburg 68550,Y,1997,53
1997-02-23,3.2,Y,,,3.2,Hoburg 68550,Y,1997,54
1997-02-24,3.7,Y,,,3.7,Hoburg 68550,Y,1997,55
1997-02-25,3.3,Y,,,3.3,Hoburg 68550,Y,1997,56
1997-02-26,3.4,Y,,,3.4,Hoburg 68550,Y,1997,57
1997-02-27,2.6,Y,,,2.6,Hoburg 68550,Y,1997,58
1997-02-28,2.1,Y,,,2.1,Hoburg 68550,Y,1997,59
1997-03-01,4.1,Y,,,4.1,Hoburg 68550,Y,1997,60
1997-03-02,4.9,Y,,,4.9,Hoburg 68550,Y,1997,61
1997-03-03,4.5,Y,,,4.5,Hoburg 68550,Y,1997,62
1997-03-04,4,Y,,,4,Hoburg 68550,Y,1997,63
1997-03-05,2.8,Y,,,2.8,Hoburg 68550,Y,1997,64
1997-03-06,3.3,Y,,,3.3,Hoburg 68550,Y,1997,65
1997-03-07,2.8,Y,,,2.8,Hoburg 68550,Y,1997,66
1997-03-08,3.5,Y,,,3.5,Hoburg 68550,Y,1997,67
1997-03-09,3.3,Y,,,3.3,Hoburg 68550,Y,1997,68
1997-03-10,3.3,Y,,,3.3,Hoburg 68550,Y,1997,69
1997-03-11,3.9,Y,,,3.9,Hoburg 68550,Y,1997,70
1997-03-12,1.8,Y,,,1.8,Hoburg 68550,Y,1997,71
1997-03-13,3,Y,,,3,Hoburg 68550,Y,1997,72
1997-03-14,0.4,Y,,,0.4,Hoburg 68550,Y,1997,73
1997-03-15,0.9,Y,,,0.9,Hoburg 68550,Y,1997,74
1997-03-16,-0.6,Y,,,-0.6,Hoburg 68550,Y,1997,75
1997-03-17,-1.2,Y,,,-1.2,Hoburg 68550,Y,1997,76
1997-03-18,-0.9,Y,,,-0.9,Hoburg 68550,Y,1997,77
1997-03-19,-2.8,Y,,,-2.8,Hoburg 68550,Y,1997,78
1997-03-20,-1.2,Y,,,-1.2,Hoburg 68550,Y,1997,79
1997-03-21,-0.7,Y,,,-0.7,Hoburg 68550,Y,1997,80
1997-03-22,-2.6,Y,,,-2.6,Hoburg 68550,Y,1997,81
1997-03-23,-2.8,Y,,,-2.8,Hoburg 68550,Y,1997,82
1997-03-24,-1.6,Y,,,-1.6,Hoburg 68550,Y,1997,83
1997-03-25,-0.7,Y,,,-0.7,Hoburg 68550,Y,1997,84
1997-03-26,1.4,Y,,,1.4,Hoburg 68550,Y,1997,85
1997-03-27,5.1,Y,,,5.1,Hoburg 68550,Y,1997,86
1997-03-28,4.2,Y,,,4.2,Hoburg 68550,Y,1997,87
1997-03-29,3,Y,,,3,Hoburg 68550,Y,1997,88
1997-03-30,3.2,Y,,,3.2,Hoburg 68550,Y,1997,89
1997-03-31,6.2,Y,,,6.2,Hoburg 68550,Y,1997,90
1997-04-01,4.8,Y,,,4.8,Hoburg 68550,Y,1997,91
1997-04-02,6,Y,,,6,Hoburg 68550,Y,1997,92
1997-04-03,4.4,Y,,,4.4,Hoburg 68550,Y,1997,93
1997-04-04,3.3,Y,,,3.3,Hoburg 68550,Y,1997,94
1997-04-05,1.3,Y,,,1.3,Hoburg 68550,Y,1997,95
1997-04-06,1,Y,,,1,Hoburg 68550,Y,1997,96
1997-04-07,0,Y,,,0,Hoburg 68550,Y,1997,97
1997-04-08,2.1,Y,,,2.1,Hoburg 68550,Y,1997,98
1997-04-09,2.8,Y,,,2.8,Hoburg 68550,Y,1997,99
1997-04-10,5.3,Y,,,5.3,Hoburg 68550,Y,1997,100
1997-04-11,1.8,Y,,,1.8,Hoburg 68550,Y,1997,101
1997-04-12,-0.4,Y,,,-0.4,Hoburg 68550,Y,1997,102
1997-04-13,2.7,Y,,,2.7,Hoburg 68550,Y,1997,103
1997-04-14,3.4,Y,,,3.4,Hoburg 68550,Y,1997,104
1997-04-15,1.1,Y,,,1.1,Hoburg 68550,Y,1997,105
1997-04-16,2.6,Y,,,2.6,Hoburg 68550,Y,1997,106
1997-04-17,3.9,Y,,,3.9,Hoburg 68550,Y,1997,107
1997-04-18,1.5,Y,,,1.5,Hoburg 68550,Y,1997,108
1997-04-19,1.7,Y,,,1.7,Hoburg 68550,Y,1997,109
1997-04-20,2.2,Y,,,2.2,Hoburg 68550,Y,1997,110
1997-04-21,3.4,Y,,,3.4,Hoburg 68550,Y,1997,111
1997-04-22,4.4,Y,,,4.4,Hoburg 68550,Y,1997,112
1997-04-23,3.8,Y,,,3.8,Hoburg 68550,Y,1997,113
1997-04-24,3.3,Y,,,3.3,Hoburg 68550,Y,1997,114
1997-04-25,3.5,Y,,,3.5,Hoburg 68550,Y,1997,115
1997-04-26,4.8,Y,,,4.8,Hoburg 68550,Y,1997,116
1997-04-27,4.4,Y,,,4.4,Hoburg 68550,Y,1997,117
1997-04-28,5.3,Y,,,5.3,Hoburg 68550,Y,1997,118
1997-04-29,5.5,Y,,,5.5,Hoburg 68550,Y,1997,119
1997-04-30,4.3,Y,,,4.3,Hoburg 68550,Y,1997,120
1997-05-01,5,Y,,,5,Hoburg 68550,Y,1997,121
1997-05-02,8.6,Y,,,8.6,Hoburg 68550,Y,1997,122
1997-05-03,6.6,Y,,,6.6,Hoburg 68550,Y,1997,123
1997-05-04,5.7,Y,,,5.7,Hoburg 68550,Y,1997,124
1997-05-05,5.5,Y,,,5.5,Hoburg 68550,Y,1997,125
1997-05-06,6.7,Y,,,6.7,Hoburg 68550,Y,1997,126
1997-05-07,6.4,Y,,,6.4,Hoburg 68550,Y,1997,127
1997-05-08,6.7,Y,,,6.7,Hoburg 68550,Y,1997,128
1997-05-09,5.3,Y,,,5.3,Hoburg 68550,Y,1997,129
1997-05-10,6.1,Y,,,6.1,Hoburg 68550,Y,1997,130
1997-05-11,7.7,Y,,,7.7,Hoburg 68550,Y,1997,131
1997-05-12,9.6,Y,,,9.6,Hoburg 68550,Y,1997,132
1997-05-13,11.4,Y,,,11.4,Hoburg 68550,Y,1997,133
1997-05-14,10.6,Y,,,10.6,Hoburg 68550,Y,1997,134
1997-05-15,9.8,Y,,,9.8,Hoburg 68550,Y,1997,135
1997-05-16,12,Y,,,12,Hoburg 68550,Y,1997,136
1997-05-17,10.3,Y,,,10.3,Hoburg 68550,Y,1997,137
1997-05-18,10.3,Y,,,10.3,Hoburg 68550,Y,1997,138
1997-05-19,9,Y,,,9,Hoburg 68550,Y,1997,139
1997-05-20,6.1,Y,,,6.1,Hoburg 68550,Y,1997,140
1997-05-21,5.6,Y,,,5.6,Hoburg 68550,Y,1997,141
1997-05-22,7.6,Y,,,7.6,Hoburg 68550,Y,1997,142
1997-05-23,7,Y,,,7,Hoburg 68550,Y,1997,143
1997-05-24,7,Y,,,7,Hoburg 68550,Y,1997,144
1997-05-25,8.6,Y,,,8.6,Hoburg 68550,Y,1997,145
1997-05-26,8.6,Y,,,8.6,Hoburg 68550,Y,1997,146
1997-05-27,8.1,Y,,,8.1,Hoburg 68550,Y,1997,147
1997-05-28,10.2,Y,,,10.2,Hoburg 68550,Y,1997,148
1997-05-29,8.7,Y,,,8.7,Hoburg 68550,Y,1997,149
1997-05-30,8.7,Y,,,8.7,Hoburg 68550,Y,1997,150
1997-05-31,9.2,Y,,,9.2,Hoburg 68550,Y,1997,151
1997-06-01,14.7,Y,,,14.7,Hoburg 68550,Y,1997,152
1997-06-02,14.4,Y,,,14.4,Hoburg 68550,Y,1997,153
1997-06-03,11.2,Y,,,11.2,Hoburg 68550,Y,1997,154
1997-06-04,11.9,Y,,,11.9,Hoburg 68550,Y,1997,155
1997-06-05,11.2,Y,,,11.2,Hoburg 68550,Y,1997,156
1997-06-06,15,Y,,,15,Hoburg 68550,Y,1997,157
1997-06-07,16,Y,,,16,Hoburg 68550,Y,1997,158
1997-06-08,17.5,Y,,,17.5,Hoburg 68550,Y,1997,159
1997-06-09,15.8,Y,,,15.8,Hoburg 68550,Y,1997,160
1997-06-10,15.8,Y,,,15.8,Hoburg 68550,Y,1997,161
1997-06-11,18.3,Y,,,18.3,Hoburg 68550,Y,1997,162
1997-06-12,18.9,Y,,,18.9,Hoburg 68550,Y,1997,163
1997-06-13,16.7,Y,,,16.7,Hoburg 68550,Y,1997,164
1997-06-14,15.4,Y,,,15.4,Hoburg 68550,Y,1997,165
1997-06-15,15.8,Y,,,15.8,Hoburg 68550,Y,1997,166
1997-06-16,13.7,Y,,,13.7,Hoburg 68550,Y,1997,167
1997-06-17,13.7,Y,,,13.7,Hoburg 68550,Y,1997,168
1997-06-18,12.5,Y,,,12.5,Hoburg 68550,Y,1997,169
1997-06-19,13.4,Y,,,13.4,Hoburg 68550,Y,1997,170
1997-06-20,13.6,Y,,,13.6,Hoburg 68550,Y,1997,171
1997-06-21,14.7,Y,,,14.7,Hoburg 68550,Y,1997,172
1997-06-22,13.8,Y,,,13.8,Hoburg 68550,Y,1997,173
1997-06-23,14.4,Y,,,14.4,Hoburg 68550,Y,1997,174
1997-06-24,14.9,Y,,,14.9,Hoburg 68550,Y,1997,175
1997-06-25,13.6,Y,,,13.6,Hoburg 68550,Y,1997,176
1997-06-26,13.9,Y,,,13.9,Hoburg 68550,Y,1997,177
1997-06-27,15.1,Y,,,15.1,Hoburg 68550,Y,1997,178
1997-06-28,16,Y,,,16,Hoburg 68550,Y,1997,179
1997-06-29,17.3,Y,,,17.3,Hoburg 68550,Y,1997,180
1997-06-30,19.1,Y,,,19.1,Hoburg 68550,Y,1997,181
1997-07-01,21.5,Y,,,21.5,Hoburg 68550,Y,1997,182
1997-07-02,17,Y,,,17,Hoburg 68550,Y,1997,183
1997-07-03,16.7,Y,,,16.7,Hoburg 68550,Y,1997,184
1997-07-04,18.7,Y,,,18.7,Hoburg 68550,Y,1997,185
1997-07-05,17.9,Y,,,17.9,Hoburg 68550,Y,1997,186
1997-07-06,19.4,Y,,,19.4,Hoburg 68550,Y,1997,187
1997-07-07,20.3,Y,,,20.3,Hoburg 68550,Y,1997,188
1997-07-08,19.9,Y,,,19.9,Hoburg 68550,Y,1997,189
1997-07-09,17.1,Y,,,17.1,Hoburg 68550,Y,1997,190
1997-07-10,16.5,Y,,,16.5,Hoburg 68550,Y,1997,191
1997-07-11,16,Y,,,16,Hoburg 68550,Y,1997,192
1997-07-12,15.8,Y,,,15.8,Hoburg 68550,Y,1997,193
1997-07-13,16.3,Y,,,16.3,Hoburg 68550,Y,1997,194
1997-07-14,16.9,Y,,,16.9,Hoburg 68550,Y,1997,195
1997-07-15,18.5,Y,,,18.5,Hoburg 68550,Y,1997,196
1997-07-16,18.1,Y,,,18.1,Hoburg 68550,Y,1997,197
1997-07-17,17.8,Y,,,17.8,Hoburg 68550,Y,1997,198
1997-07-18,17.7,Y,,,17.7,Hoburg 68550,Y,1997,199
1997-07-19,19.7,Y,,,19.7,Hoburg 68550,Y,1997,200
1997-07-20,20.4,Y,,,20.4,Hoburg 68550,Y,1997,201
1997-07-21,22.2,Y,,,22.2,Hoburg 68550,Y,1997,202
1997-07-22,20.4,Y,,,20.4,Hoburg 68550,Y,1997,203
1997-07-23,22.2,Y,,,22.2,Hoburg 68550,Y,1997,204
1997-07-24,20.1,Y,,,20.1,Hoburg 68550,Y,1997,205
1997-07-25,19.5,Y,,,19.5,Hoburg 68550,Y,1997,206
1997-07-26,20,Y,,,20,Hoburg 68550,Y,1997,207
1997-07-27,19.9,Y,,,19.9,Hoburg 68550,Y,1997,208
1997-07-28,17.6,Y,,,17.6,Hoburg 68550,Y,1997,209
1997-07-29,18.5,Y,,,18.5,Hoburg 68550,Y,1997,210
1997-07-30,18.7,Y,,,18.7,Hoburg 68550,Y,1997,211
1997-07-31,18.3,Y,,,18.3,Hoburg 68550,Y,1997,212
1997-08-01,16.5,Y,,,16.5,Hoburg 68550,Y,1997,213
1997-08-02,18.9,Y,,,18.9,Hoburg 68550,Y,1997,214
1997-08-03,19.9,Y,,,19.9,Hoburg 68550,Y,1997,215
1997-08-04,20.4,Y,,,20.4,Hoburg 68550,Y,1997,216
1997-08-05,19.9,Y,,,19.9,Hoburg 68550,Y,1997,217
1997-08-06,20.8,Y,,,20.8,Hoburg 68550,Y,1997,218
1997-08-07,21.9,Y,,,21.9,Hoburg 68550,Y,1997,219
1997-08-08,21.6,Y,,,21.6,Hoburg 68550,Y,1997,220
1997-08-09,22,Y,,,22,Hoburg 68550,Y,1997,221
1997-08-10,22,Y,,,22,Hoburg 68550,Y,1997,222
1997-08-11,22.3,Y,,,22.3,Hoburg 68550,Y,1997,223
1997-08-12,21.5,Y,,,21.5,Hoburg 68550,Y,1997,224
1997-08-13,22.6,Y,,,22.6,Hoburg 68550,Y,1997,225
1997-08-14,21.2,Y,,,21.2,Hoburg 68550,Y,1997,226
1997-08-15,16.8,Y,,,16.8,Hoburg 68550,Y,1997,227
1997-08-16,18.7,Y,,,18.7,Hoburg 68550,Y,1997,228
1997-08-17,21.8,Y,,,21.8,Hoburg 68550,Y,1997,229
1997-08-18,20.9,Y,,,20.9,Hoburg 68550,Y,1997,230
1997-08-19,21,Y,,,21,Hoburg 68550,Y,1997,231
1997-08-20,21.3,Y,,,21.3,Hoburg 68550,Y,1997,232
1997-08-21,21.5,Y,,,21.5,Hoburg 68550,Y,1997,233
1997-08-22,22.2,Y,,,22.2,Hoburg 68550,Y,1997,234
1997-08-23,21.8,Y,,,21.8,Hoburg 68550,Y,1997,235
1997-08-24,21.7,Y,,,21.7,Hoburg 68550,Y,1997,236
1997-08-25,22.6,Y,,,22.6,Hoburg 68550,Y,1997,237
1997-08-26,22.8,Y,,,22.8,Hoburg 68550,Y,1997,238
1997-08-27,22.5,Y,,,22.5,Hoburg 68550,Y,1997,239
1997-08-28,23.1,Y,,,23.1,Hoburg 68550,Y,1997,240
1997-08-29,20.7,Y,,,20.7,Hoburg 68550,Y,1997,241
1997-08-30,21,Y,,,21,Hoburg 68550,Y,1997,242
1997-08-31,21.1,Y,,,21.1,Hoburg 68550,Y,1997,243
1997-09-01,21.4,Y,,,21.4,Hoburg 68550,Y,1997,244
1997-09-02,21.6,Y,,,21.6,Hoburg 68550,Y,1997,245
1997-09-03,21.8,Y,,,21.8,Hoburg 68550,Y,1997,246
1997-09-04,21.6,Y,,,21.6,Hoburg 68550,Y,1997,247
1997-09-05,18.1,Y,,,18.1,Hoburg 68550,Y,1997,248
1997-09-06,17.5,Y,,,17.5,Hoburg 68550,Y,1997,249
1997-09-07,17,Y,,,17,Hoburg 68550,Y,1997,250
1997-09-08,17.1,Y,,,17.1,Hoburg 68550,Y,1997,251
1997-09-09,13.5,Y,,,13.5,Hoburg 68550,Y,1997,252
1997-09-10,13.3,Y,,,13.3,Hoburg 68550,Y,1997,253
1997-09-11,13.5,Y,,,13.5,Hoburg 68550,Y,1997,254
1997-09-12,13.9,Y,,,13.9,Hoburg 68550,Y,1997,255
1997-09-13,13.8,Y,,,13.8,Hoburg 68550,Y,1997,256
1997-09-14,12.7,Y,,,12.7,Hoburg 68550,Y,1997,257
1997-09-15,12.6,Y,,,12.6,Hoburg 68550,Y,1997,258
1997-09-16,14.2,Y,,,14.2,Hoburg 68550,Y,1997,259
1997-09-17,14.8,Y,,,14.8,Hoburg 68550,Y,1997,260
1997-09-18,12.5,Y,,,12.5,Hoburg 68550,Y,1997,261
1997-09-19,11.5,Y,,,11.5,Hoburg 68550,Y,1997,262
1997-09-20,11.6,Y,,,11.6,Hoburg 68550,Y,1997,263
1997-09-21,11,Y,,,11,Hoburg 68550,Y,1997,264
1997-09-22,12.3,Y,,,12.3,Hoburg 68550,Y,1997,265
1997-09-23,10.2,Y,,,10.2,Hoburg 68550,Y,1997,266
1997-09-24,11,Y,,,11,Hoburg 68550,Y,1997,267
1997-09-25,13.3,Y,,,13.3,Hoburg 68550,Y,1997,268
1997-09-26,12.2,Y,,,12.2,Hoburg 68550,Y,1997,269
1997-09-27,10.6,Y,,,10.6,Hoburg 68550,Y,1997,270
1997-09-28,9.7,Y,,,9.7,Hoburg 68550,Y,1997,271
1997-09-29,11.4,Y,,,11.4,Hoburg 68550,Y,1997,272
1997-09-30,9.3,Y,,,9.3,Hoburg 68550,Y,1997,273
1997-10-01,9.3,Y,,,9.3,Hoburg 68550,Y,1997,274
1997-10-02,9,Y,,,9,Hoburg 68550,Y,1997,275
1997-10-03,9.8,Y,,,9.8,Hoburg 68550,Y,1997,276
1997-10-04,11.9,Y,,,11.9,Hoburg 68550,Y,1997,277
1997-10-05,9.7,Y,,,9.7,Hoburg 68550,Y,1997,278
1997-10-06,10.5,Y,,,10.5,Hoburg 68550,Y,1997,279
1997-10-07,10.8,Y,,,10.8,Hoburg 68550,Y,1997,280
1997-10-08,12,Y,,,12,Hoburg 68550,Y,1997,281
1997-10-09,12,Y,,,12,Hoburg 68550,Y,1997,282
1997-10-10,10.7,Y,,,10.7,Hoburg 68550,Y,1997,283
1997-10-11,10.1,Y,,,10.1,Hoburg 68550,Y,1997,284
1997-10-12,8,Y,,,8,Hoburg 68550,Y,1997,285
1997-10-13,7.6,Y,,,7.6,Hoburg 68550,Y,1997,286
1997-10-14,5.1,Y,,,5.1,Hoburg 68550,Y,1997,287
1997-10-15,3.8,Y,,,3.8,Hoburg 68550,Y,1997,288
1997-10-16,4.6,Y,,,4.6,Hoburg 68550,Y,1997,289
1997-10-17,6.6,Y,,,6.6,Hoburg 68550,Y,1997,290
1997-10-18,9.8,Y,,,9.8,Hoburg 68550,Y,1997,291
1997-10-19,11.6,Y,,,11.6,Hoburg 68550,Y,1997,292
1997-10-20,6,Y,,,6,Hoburg 68550,Y,1997,293
1997-10-21,5.1,Y,,,5.1,Hoburg 68550,Y,1997,294
1997-10-22,5.8,Y,,,5.8,Hoburg 68550,Y,1997,295
1997-10-23,3.5,Y,,,3.5,Hoburg 68550,Y,1997,296
1997-10-24,1.5,Y,,,1.5,Hoburg 68550,Y,1997,297
1997-10-25,1.6,Y,,,1.6,Hoburg 68550,Y,1997,298
1997-10-26,0.9,Y,,,0.9,Hoburg 68550,Y,1997,299
1997-10-27,2,Y,,,2,Hoburg 68550,Y,1997,300
1997-10-28,3.7,Y,,,3.7,Hoburg 68550,Y,1997,301
1997-10-29,5.4,Y,,,5.4,Hoburg 68550,Y,1997,302
1997-10-30,6.2,Y,,,6.2,Hoburg 68550,Y,1997,303
1997-10-31,6,Y,,,6,Hoburg 68550,Y,1997,304
1997-11-01,7.1,Y,,,7.1,Hoburg 68550,Y,1997,305
1997-11-02,3.8,Y,,,3.8,Hoburg 68550,Y,1997,306
1997-11-03,0.7,Y,,,0.7,Hoburg 68550,Y,1997,307
1997-11-04,1.5,Y,,,1.5,Hoburg 68550,Y,1997,308
1997-11-05,3.5,Y,,,3.5,Hoburg 68550,Y,1997,309
1997-11-06,5.5,Y,,,5.5,Hoburg 68550,Y,1997,310
1997-11-07,6.9,Y,,,6.9,Hoburg 68550,Y,1997,311
1997-11-08,7.4,Y,,,7.4,Hoburg 68550,Y,1997,312
1997-11-09,6.9,Y,,,6.9,Hoburg 68550,Y,1997,313
1997-11-10,7.3,Y,,,7.3,Hoburg 68550,Y,1997,314
1997-11-11,7.4,Y,,,7.4,Hoburg 68550,Y,1997,315
1997-11-12,6.5,Y,,,6.5,Hoburg 68550,Y,1997,316
1997-11-13,7.4,Y,,,7.4,Hoburg 68550,Y,1997,317
1997-11-14,5,Y,,,5,Hoburg 68550,Y,1997,318
1997-11-15,5.3,Y,,,5.3,Hoburg 68550,Y,1997,319
1997-11-16,5.1,Y,,,5.1,Hoburg 68550,Y,1997,320
1997-11-17,4.2,Y,,,4.2,Hoburg 68550,Y,1997,321
1997-11-18,2.1,Y,,,2.1,Hoburg 68550,Y,1997,322
1997-11-19,1.8,Y,,,1.8,Hoburg 68550,Y,1997,323
1997-11-20,3,Y,,,3,Hoburg 68550,Y,1997,324
1997-11-21,3.3,Y,,,3.3,Hoburg 68550,Y,1997,325
1997-11-22,3.6,Y,,,3.6,Hoburg 68550,Y,1997,326
1997-11-23,1.8,Y,,,1.8,Hoburg 68550,Y,1997,327
1997-11-24,2.2,Y,,,2.2,Hoburg 68550,Y,1997,328
1997-11-25,2,Y,,,2,Hoburg 68550,Y,1997,329
1997-11-26,1.1,Y,,,1.1,Hoburg 68550,Y,1997,330
1997-11-27,0.9,Y,,,0.9,Hoburg 68550,Y,1997,331
1997-11-28,-0.1,Y,,,-0.1,Hoburg 68550,Y,1997,332
1997-11-29,1.5,Y,,,1.5,Hoburg 68550,Y,1997,333
1997-11-30,3.8,Y,,,3.8,Hoburg 68550,Y,1997,334
1997-12-01,5.4,Y,,,5.4,Hoburg 68550,Y,1997,335
1997-12-02,3.8,Y,,,3.8,Hoburg 68550,Y,1997,336
1997-12-03,1.4,Y,,,1.4,Hoburg 68550,Y,1997,337
1997-12-04,0,Y,,,0,Hoburg 68550,Y,1997,338
1997-12-05,-1,Y,,,-1,Hoburg 68550,Y,1997,339
1997-12-06,4.4,Y,,,4.4,Hoburg 68550,Y,1997,340
1997-12-07,4.4,Y,,,4.4,Hoburg 68550,Y,1997,341
1997-12-08,4.8,Y,,,4.8,Hoburg 68550,Y,1997,342
1997-12-09,5.2,Y,,,5.2,Hoburg 68550,Y,1997,343
1997-12-10,5.4,Y,,,5.4,Hoburg 68550,Y,1997,344
1997-12-11,5.2,Y,,,5.2,Hoburg 68550,Y,1997,345
1997-12-12,4.6,Y,,,4.6,Hoburg 68550,Y,1997,346
1997-12-13,1.8,Y,,,1.8,Hoburg 68550,Y,1997,347
1997-12-14,0.6,Y,,,0.6,Hoburg 68550,Y,1997,348
1997-12-15,-2.7,Y,,,-2.7,Hoburg 68550,Y,1997,349
1997-12-16,-1.8,Y,,,-1.8,Hoburg 68550,Y,1997,350
1997-12-17,-1.1,Y,,,-1.1,Hoburg 68550,Y,1997,351
1997-12-18,-1,Y,,,-1,Hoburg 68550,Y,1997,352
1997-12-19,-0.5,Y,,,-0.5,Hoburg 68550,Y,1997,353
1997-12-20,-0.2,Y,,,-0.2,Hoburg 68550,Y,1997,354
1997-12-21,-0.5,Y,,,-0.5,Hoburg 68550,Y,1997,355
1997-12-22,0.8,Y,,,0.8,Hoburg 68550,Y,1997,356
1997-12-23,0.7,Y,,,0.7,Hoburg 68550,Y,1997,357
1997-12-24,1.9,Y,,,1.9,Hoburg 68550,Y,1997,358
1997-12-25,4.3,Y,,,4.3,Hoburg 68550,Y,1997,359
1997-12-26,5.6,Y,,,5.6,Hoburg 68550,Y,1997,360
1997-12-27,1.5,Y,,,1.5,Hoburg 68550,Y,1997,361
1997-12-28,0.1,Y,,,0.1,Hoburg 68550,Y,1997,362
1997-12-29,3.3,Y,,,3.3,Hoburg 68550,Y,1997,363
1997-12-30,3.1,Y,,,3.1,Hoburg 68550,Y,1997,364
1997-12-31,3.3,Y,,,3.3,Hoburg 68550,Y,1997,365
1998-01-01,4.2,Y,,,4.2,Hoburg 68550,Y,1998,1
1998-01-02,4.4,Y,,,4.4,Hoburg 68550,Y,1998,2
1998-01-03,4.2,Y,,,4.2,Hoburg 68550,Y,1998,3
1998-01-04,4.6,Y,,,4.6,Hoburg 68550,Y,1998,4
1998-01-05,4,Y,,,4,Hoburg 68550,Y,1998,5
1998-01-06,3.3,Y,,,3.3,Hoburg 68550,Y,1998,6
1998-01-07,1.6,Y,,,1.6,Hoburg 68550,Y,1998,7
1998-01-08,2.9,Y,,,2.9,Hoburg 68550,Y,1998,8
1998-01-09,1.7,Y,,,1.7,Hoburg 68550,Y,1998,9
1998-01-10,3,Y,,,3,Hoburg 68550,Y,1998,10
1998-01-11,5.3,Y,,,5.3,Hoburg 68550,Y,1998,11
1998-01-12,3.9,Y,,,3.9,Hoburg 68550,Y,1998,12
1998-01-13,4.3,Y,,,4.3,Hoburg 68550,Y,1998,13
1998-01-14,3.6,Y,,,3.6,Hoburg 68550,Y,1998,14
1998-01-15,4.6,Y,,,4.6,Hoburg 68550,Y,1998,15
1998-01-16,4.3,Y,,,4.3,Hoburg 68550,Y,1998,16
1998-01-17,4,Y,,,4,Hoburg 68550,Y,1998,17
1998-01-18,2.6,Y,,,2.6,Hoburg 68550,Y,1998,18
1998-01-19,3,Y,,,3,Hoburg 68550,Y,1998,19
1998-01-20,0.6,Y,,,0.6,Hoburg 68550,Y,1998,20
1998-01-21,0.7,Y,,,0.7,Hoburg 68550,Y,1998,21
1998-01-22,2.7,Y,,,2.7,Hoburg 68550,Y,1998,22
1998-01-23,2.5,Y,,,2.5,Hoburg 68550,Y,1998,23
1998-01-24,0.2,Y,,,0.2,Hoburg 68550,Y,1998,24
1998-01-25,0.5,Y,,,0.5,Hoburg 68550,Y,1998,25
1998-01-26,1.1,Y,,,1.1,Hoburg 68550,Y,1998,26
1998-01-27,1.8,Y,,,1.8,Hoburg 68550,Y,1998,27
1998-01-28,-0.5,Y,,,-0.5,Hoburg 68550,Y,1998,28
1998-01-29,-2.5,Y,,,-2.5,Hoburg 68550,Y,1998,29
1998-01-30,-2.8,Y,,,-2.8,Hoburg 68550,Y,1998,30
1998-01-31,-5.5,Y,,,-5.5,Hoburg 68550,Y,1998,31
1998-02-01,-3,Y,,,-3,Hoburg 68550,Y,1998,32
1998-02-02,-1.5,Y,,,-1.5,Hoburg 68550,Y,1998,33
1998-02-03,-1.2,Y,,,-1.2,Hoburg 68550,Y,1998,34
1998-02-04,-0.8,Y,,,-0.8,Hoburg 68550,Y,1998,35
1998-02-05,1.9,Y,,,1.9,Hoburg 68550,Y,1998,36
1998-02-06,-0.1,Y,,,-0.1,Hoburg 68550,Y,1998,37
1998-02-07,2.3,Y,,,2.3,Hoburg 68550,Y,1998,38
1998-02-08,2.5,Y,,,2.5,Hoburg 68550,Y,1998,39
1998-02-09,3.2,Y,,,3.2,Hoburg 68550,Y,1998,40
1998-02-10,4,Y,,,4,Hoburg 68550,Y,1998,41
1998-02-11,3.3,Y,,,3.3,Hoburg 68550,Y,1998,42
1998-02-12,4.6,Y,,,4.6,Hoburg 68550,Y,1998,43
1998-02-13,0.9,Y,,,0.9,Hoburg 68550,Y,1998,44
1998-02-14,3.1,Y,,,3.1,Hoburg 68550,Y,1998,45
1998-02-15,2.9,Y,,,2.9,Hoburg 68550,Y,1998,46
1998-02-16,3.1,Y,,,3.1,Hoburg 68550,Y,1998,47
1998-02-17,0.3,Y,,,0.3,Hoburg 68550,Y,1998,48
1998-02-18,4,Y,,,4,Hoburg 68550,Y,1998,49
1998-02-19,4.7,Y,,,4.7,Hoburg 68550,Y,1998,50
1998-02-20,4.3,Y,,,4.3,Hoburg 68550,Y,1998,51
1998-02-21,4,Y,,,4,Hoburg 68550,Y,1998,52
1998-02-22,4.4,Y,,,4.4,Hoburg 68550,Y,1998,53
1998-02-23,3.7,Y,,,3.7,Hoburg 68550,Y,1998,54
1998-02-24,2.9,Y,,,2.9,Hoburg 68550,Y,1998,55
1998-02-25,1.3,Y,,,1.3,Hoburg 68550,Y,1998,56
1998-02-26,4.2,Y,,,4.2,Hoburg 68550,Y,1998,57
1998-02-27,4,Y,,,4,Hoburg 68550,Y,1998,58
1998-02-28,3.4,Y,,,3.4,Hoburg 68550,Y,1998,59
1998-03-01,1.5,Y,,,1.5,Hoburg 68550,Y,1998,60
1998-03-02,-0.7,Y,,,-0.7,Hoburg 68550,Y,1998,61
1998-03-03,0.4,Y,,,0.4,Hoburg 68550,Y,1998,62
1998-03-04,4.1,Y,,,4.1,Hoburg 68550,Y,1998,63
1998-03-05,0.3,Y,,,0.3,Hoburg 68550,Y,1998,64
1998-03-06,0.6,Y,,,0.6,Hoburg 68550,Y,1998,65
1998-03-07,-0.1,Y,,,-0.1,Hoburg 68550,Y,1998,66
1998-03-08,-0.9,Y,,,-0.9,Hoburg 68550,Y,1998,67
1998-03-09,-2.7,Y,,,-2.7,Hoburg 68550,Y,1998,68
1998-03-10,-1.5,Y,,,-1.5,Hoburg 68550,Y,1998,69
1998-03-11,-1,Y,,,-1,Hoburg 68550,Y,1998,70
1998-03-12,-0.4,Y,,,-0.4,Hoburg 68550,Y,1998,71
1998-03-13,0,Y,,,0,Hoburg 68550,Y,1998,72
1998-03-14,-0.1,Y,,,-0.1,Hoburg 68550,Y,1998,73
1998-03-15,0.1,Y,,,0.1,Hoburg 68550,Y,1998,74
1998-03-16,1.2,Y,,,1.2,Hoburg 68550,Y,1998,75
1998-03-17,1.5,Y,,,1.5,Hoburg 68550,Y,1998,76
1998-03-18,4.3,Y,,,4.3,Hoburg 68550,Y,1998,77
1998-03-19,1.6,Y,,,1.6,Hoburg 68550,Y,1998,78
1998-03-20,1.3,Y,,,1.3,Hoburg 68550,Y,1998,79
1998-03-21,0.9,Y,,,0.9,Hoburg 68550,Y,1998,80
1998-03-22,-0.3,Y,,,-0.3,Hoburg 68550,Y,1998,81
1998-03-23,0.3,Y,,,0.3,Hoburg 68550,Y,1998,82
1998-03-24,0.4,Y,,,0.4,Hoburg 68550,Y,1998,83
1998-03-25,1.9,Y,,,1.9,Hoburg 68550,Y,1998,84
1998-03-26,2.3,Y,,,2.3,Hoburg 68550,Y,1998,85
1998-03-27,2.7,Y,,,2.7,Hoburg 68550,Y,1998,86
1998-03-28,1.9,Y,,,1.9,Hoburg 68550,Y,1998,87
1998-03-29,1.3,Y,,,1.3,Hoburg 68550,Y,1998,88
1998-03-30,1.3,Y,,,1.3,Hoburg 68550,Y,1998,89
1998-03-31,5.7,Y,,,5.7,Hoburg 68550,Y,1998,90
1998-04-01,-0.4,Y,,,-0.4,Hoburg 68550,Y,1998,91
1998-04-02,-0.8,Y,,,-0.8,Hoburg 68550,Y,1998,92
1998-04-03,0.7,Y,,,0.7,Hoburg 68550,Y,1998,93
1998-04-04,1.1,Y,,,1.1,Hoburg 68550,Y,1998,94
1998-04-05,1.8,Y,,,1.8,Hoburg 68550,Y,1998,95
1998-04-06,2.4,Y,,,2.4,Hoburg 68550,Y,1998,96
1998-04-07,2.5,Y,,,2.5,Hoburg 68550,Y,1998,97
1998-04-08,2.1,Y,,,2.1,Hoburg 68550,Y,1998,98
1998-04-09,0.6,Y,,,0.6,Hoburg 68550,Y,1998,99
1998-04-10,1.9,Y,,,1.9,Hoburg 68550,Y,1998,100
1998-04-11,4.7,Y,,,4.7,Hoburg 68550,Y,1998,101
1998-04-12,3.1,Y,,,3.1,Hoburg 68550,Y,1998,102
1998-04-13,1.3,Y,,,1.3,Hoburg 68550,Y,1998,103
1998-04-14,2.2,Y,,,2.2,Hoburg 68550,Y,1998,104
1998-04-15,3.4,Y,,,3.4,Hoburg 68550,Y,1998,105
1998-04-16,4.6,Y,,,4.6,Hoburg 68550,Y,1998,106
1998-04-17,4.8,Y,,,4.8,Hoburg 68550,Y,1998,107
1998-04-18,4.2,Y,,,4.2,Hoburg 68550,Y,1998,108
1998-04-19,4.2,Y,,,4.2,Hoburg 68550,Y,1998,109
1998-04-20,3.2,Y,,,3.2,Hoburg 68550,Y,1998,110
1998-04-21,3.9,Y,,,3.9,Hoburg 68550,Y,1998,111
1998-04-22,5.1,Y,,,5.1,Hoburg 68550,Y,1998,112
1998-04-23,8.5,Y,,,8.5,Hoburg 68550,Y,1998,113
1998-04-24,9.2,Y,,,9.2,Hoburg 68550,Y,1998,114
1998-04-25,6.6,Y,,,6.6,Hoburg 68550,Y,1998,115
1998-04-26,6.7,Y,,,6.7,Hoburg 68550,Y,1998,116
1998-04-27,8.1,Y,,,8.1,Hoburg 68550,Y,1998,117
1998-04-28,9,Y,,,9,Hoburg 68550,Y,1998,118
1998-04-29,9.4,Y,,,9.4,Hoburg 68550,Y,1998,119
1998-04-30,11.2,Y,,,11.2,Hoburg 68550,Y,1998,120
1998-05-01,13.4,Y,,,13.4,Hoburg 68550,Y,1998,121
1998-05-02,12.2,Y,,,12.2,Hoburg 68550,Y,1998,122
1998-05-03,9,Y,,,9,Hoburg 68550,Y,1998,123
1998-05-04,5.3,Y,,,5.3,Hoburg 68550,Y,1998,124
1998-05-05,6.1,Y,,,6.1,Hoburg 68550,Y,1998,125
1998-05-06,7.2,Y,,,7.2,Hoburg 68550,Y,1998,126
1998-05-07,7.1,Y,,,7.1,Hoburg 68550,Y,1998,127
1998-05-08,8.7,Y,,,8.7,Hoburg 68550,Y,1998,128
1998-05-09,9.9,Y,,,9.9,Hoburg 68550,Y,1998,129
1998-05-10,10.8,Y,,,10.8,Hoburg 68550,Y,1998,130
1998-05-11,12,Y,,,12,Hoburg 68550,Y,1998,131
1998-05-12,10.2,Y,,,10.2,Hoburg 68550,Y,1998,132
1998-05-13,8.8,Y,,,8.8,Hoburg 68550,Y,1998,133
1998-05-14,8,Y,,,8,Hoburg 68550,Y,1998,134
1998-05-15,10.9,Y,,,10.9,Hoburg 68550,Y,1998,135
1998-05-16,12.1,Y,,,12.1,Hoburg 68550,Y,1998,136
1998-05-17,11.8,Y,,,11.8,Hoburg 68550,Y,1998,137
1998-05-18,12,Y,,,12,Hoburg 68550,Y,1998,138
1998-05-19,11.1,Y,,,11.1,Hoburg 68550,Y,1998,139
1998-05-20,9.7,Y,,,9.7,Hoburg 68550,Y,1998,140
1998-05-21,7.3,Y,,,7.3,Hoburg 68550,Y,1998,141
1998-05-22,6.9,Y,,,6.9,Hoburg 68550,Y,1998,142
1998-05-23,7.7,Y,,,7.7,Hoburg 68550,Y,1998,143
1998-05-24,8.3,Y,,,8.3,Hoburg 68550,Y,1998,144
1998-05-25,8.5,Y,,,8.5,Hoburg 68550,Y,1998,145
1998-05-26,7.3,Y,,,7.3,Hoburg 68550,Y,1998,146
1998-05-27,9.6,Y,,,9.6,Hoburg 68550,Y,1998,147
1998-05-28,10.7,Y,,,10.7,Hoburg 68550,Y,1998,148
1998-05-29,13.2,Y,,,13.2,Hoburg 68550,Y,1998,149
1998-05-30,12.3,Y,,,12.3,Hoburg 68550,Y,1998,150
1998-05-31,11,Y,,,11,Hoburg 68550,Y,1998,151
1998-06-01,15.1,Y,,,15.1,Hoburg 68550,Y,1998,152
1998-06-02,11.2,Y,,,11.2,Hoburg 68550,Y,1998,153
1998-06-03,11.6,Y,,,11.6,Hoburg 68550,Y,1998,154
1998-06-04,12.9,Y,,,12.9,Hoburg 68550,Y,1998,155
1998-06-05,12,Y,,,12,Hoburg 68550,Y,1998,156
1998-06-06,10.3,Y,,,10.3,Hoburg 68550,Y,1998,157
1998-06-07,15.2,Y,,,15.2,Hoburg 68550,Y,1998,158
1998-06-08,13.7,Y,,,13.7,Hoburg 68550,Y,1998,159
1998-06-09,13.3,Y,,,13.3,Hoburg 68550,Y,1998,160
1998-06-10,14.2,Y,,,14.2,Hoburg 68550,Y,1998,161
1998-06-11,13,Y,,,13,Hoburg 68550,Y,1998,162
1998-06-12,12.2,Y,,,12.2,Hoburg 68550,Y,1998,163
1998-06-13,13.5,Y,,,13.5,Hoburg 68550,Y,1998,164
1998-06-14,12.6,Y,,,12.6,Hoburg 68550,Y,1998,165
1998-06-15,10.7,Y,,,10.7,Hoburg 68550,Y,1998,166
1998-06-16,10.1,Y,,,10.1,Hoburg 68550,Y,1998,167
1998-06-17,10.5,Y,,,10.5,Hoburg 68550,Y,1998,168
1998-06-18,10.4,Y,,,10.4,Hoburg 68550,Y,1998,169
1998-06-19,10.8,Y,,,10.8,Hoburg 68550,Y,1998,170
1998-06-20,12.2,Y,,,12.2,Hoburg 68550,Y,1998,171
1998-06-21,12.4,Y,,,12.4,Hoburg 68550,Y,1998,172
1998-06-22,10.1,Y,,,10.1,Hoburg 68550,Y,1998,173
1998-06-23,10.4,Y,,,10.4,Hoburg 68550,Y,1998,174
1998-06-24,10.1,Y,,,10.1,Hoburg 68550,Y,1998,175
1998-06-25,13.1,Y,,,13.1,Hoburg 68550,Y,1998,176
1998-06-26,12.8,Y,,,12.8,Hoburg 68550,Y,1998,177
1998-06-27,14.6,Y,,,14.6,Hoburg 68550,Y,1998,178
1998-06-28,13.1,Y,,,13.1,Hoburg 68550,Y,1998,179
1998-06-29,14.2,Y,,,14.2,Hoburg 68550,Y,1998,180
1998-06-30,13.8,Y,,,13.8,Hoburg 68550,Y,1998,181
1998-07-01,13.1,Y,,,13.1,Hoburg 68550,Y,1998,182
1998-07-02,13.8,Y,,,13.8,Hoburg 68550,Y,1998,183
1998-07-03,15.4,Y,,,15.4,Hoburg 68550,Y,1998,184
1998-07-04,16.3,Y,,,16.3,Hoburg 68550,Y,1998,185
1998-07-05,15.5,Y,,,15.5,Hoburg 68550,Y,1998,186
1998-07-06,15,Y,,,15,Hoburg 68550,Y,1998,187
1998-07-07,14.6,Y,,,14.6,Hoburg 68550,Y,1998,188
1998-07-08,15.2,Y,,,15.2,Hoburg 68550,Y,1998,189
1998-07-09,16.2,Y,,,16.2,Hoburg 68550,Y,1998,190
1998-07-10,15.4,Y,,,15.4,Hoburg 68550,Y,1998,191
1998-07-11,15.7,Y,,,15.7,Hoburg 68550,Y,1998,192
1998-07-12,16.2,Y,,,16.2,Hoburg 68550,Y,1998,193
1998-07-13,16,Y,,,16,Hoburg 68550,Y,1998,194
1998-07-14,15,Y,,,15,Hoburg 68550,Y,1998,195
1998-07-15,14,Y,,,14,Hoburg 68550,Y,1998,196
1998-07-16,13.8,Y,,,13.8,Hoburg 68550,Y,1998,197
1998-07-17,14.4,Y,,,14.4,Hoburg 68550,Y,1998,198
1998-07-18,14.2,Y,,,14.2,Hoburg 68550,Y,1998,199
1998-07-19,13.6,Y,,,13.6,Hoburg 68550,Y,1998,200
1998-07-20,15,Y,,,15,Hoburg 68550,Y,1998,201
1998-07-21,17.1,Y,,,17.1,Hoburg 68550,Y,1998,202
1998-07-22,18,Y,,,18,Hoburg 68550,Y,1998,203
1998-07-23,17.5,Y,,,17.5,Hoburg 68550,Y,1998,204
1998-07-24,16.3,Y,,,16.3,Hoburg 68550,Y,1998,205
1998-07-25,15.3,Y,,,15.3,Hoburg 68550,Y,1998,206
1998-07-26,14.8,Y,,,14.8,Hoburg 68550,Y,1998,207
1998-07-27,15.4,Y,,,15.4,Hoburg 68550,Y,1998,208
1998-07-28,14,Y,,,14,Hoburg 68550,Y,1998,209
1998-07-29,14.7,Y,,,14.7,Hoburg 68550,Y,1998,210
1998-07-30,15,Y,,,15,Hoburg 68550,Y,1998,211
1998-07-31,15.6,Y,,,15.6,Hoburg 68550,Y,1998,212
1998-08-01,15.8,Y,,,15.8,Hoburg 68550,Y,1998,213
1998-08-02,15.4,Y,,,15.4,Hoburg 68550,Y,1998,214
1998-08-03,15.1,Y,,,15.1,Hoburg 68550,Y,1998,215
1998-08-04,14.6,Y,,,14.6,Hoburg 68550,Y,1998,216
1998-08-05,15.2,Y,,,15.2,Hoburg 68550,Y,1998,217
1998-08-06,15.7,Y,,,15.7,Hoburg 68550,Y,1998,218
1998-08-07,16.2,Y,,,16.2,Hoburg 68550,Y,1998,219
1998-08-08,14.8,Y,,,14.8,Hoburg 68550,Y,1998,220
1998-08-09,14.3,Y,,,14.3,Hoburg 68550,Y,1998,221
1998-08-10,15.4,Y,,,15.4,Hoburg 68550,Y,1998,222
1998-08-11,15.8,Y,,,15.8,Hoburg 68550,Y,1998,223
1998-08-12,15.2,Y,,,15.2,Hoburg 68550,Y,1998,224
1998-08-13,15.2,Y,,,15.2,Hoburg 68550,Y,1998,225
1998-08-14,15.6,Y,,,15.6,Hoburg 68550,Y,1998,226
1998-08-15,16.6,Y,,,16.6,Hoburg 68550,Y,1998,227
1998-08-16,16.2,Y,,,16.2,Hoburg 68550,Y,1998,228
1998-08-17,15.7,Y,,,15.7,Hoburg 68550,Y,1998,229
1998-08-18,16.9,Y,,,16.9,Hoburg 68550,Y,1998,230
1998-08-19,15.1,Y,,,15.1,Hoburg 68550,Y,1998,231
1998-08-20,15.1,Y,,,15.1,Hoburg 68550,Y,1998,232
1998-08-21,15,Y,,,15,Hoburg 68550,Y,1998,233
1998-08-22,14.4,Y,,,14.4,Hoburg 68550,Y,1998,234
1998-08-23,14.6,Y,,,14.6,Hoburg 68550,Y,1998,235
1998-08-24,14,Y,,,14,Hoburg 68550,Y,1998,236
1998-08-25,13.3,Y,,,13.3,Hoburg 68550,Y,1998,237
1998-08-26,13.1,Y,,,13.1,Hoburg 68550,Y,1998,238
1998-08-27,13.3,Y,,,13.3,Hoburg 68550,Y,1998,239
1998-08-28,12.3,Y,,,12.3,Hoburg 68550,Y,1998,240
1998-08-29,12.6,Y,,,12.6,Hoburg 68550,Y,1998,241
1998-08-30,12.8,Y,,,12.8,Hoburg 68550,Y,1998,242
1998-08-31,13.8,Y,,,13.8,Hoburg 68550,Y,1998,243
1998-09-01,11.9,Y,,,11.9,Hoburg 68550,Y,1998,244
1998-09-02,12.6,Y,,,12.6,Hoburg 68550,Y,1998,245
1998-09-03,12.9,Y,,,12.9,Hoburg 68550,Y,1998,246
1998-09-04,13.4,Y,,,13.4,Hoburg 68550,Y,1998,247
1998-09-05,14.4,Y,,,14.4,Hoburg 68550,Y,1998,248
1998-09-06,14.3,Y,,,14.3,Hoburg 68550,Y,1998,249
1998-09-07,14.7,Y,,,14.7,Hoburg 68550,Y,1998,250
1998-09-08,15.4,Y,,,15.4,Hoburg 68550,Y,1998,251
1998-09-09,16,Y,,,16,Hoburg 68550,Y,1998,252
1998-09-10,16.4,Y,,,16.4,Hoburg 68550,Y,1998,253
1998-09-11,15.7,Y,,,15.7,Hoburg 68550,Y,1998,254
1998-09-12,15.1,Y,,,15.1,Hoburg 68550,Y,1998,255
1998-09-13,15.8,Y,,,15.8,Hoburg 68550,Y,1998,256
1998-09-14,13.3,Y,,,13.3,Hoburg 68550,Y,1998,257
1998-09-15,13.4,Y,,,13.4,Hoburg 68550,Y,1998,258
1998-09-16,13.1,Y,,,13.1,Hoburg 68550,Y,1998,259
1998-09-17,12.4,Y,,,12.4,Hoburg 68550,Y,1998,260
1998-09-18,13.4,Y,,,13.4,Hoburg 68550,Y,1998,261
1998-09-19,13.4,Y,,,13.4,Hoburg 68550,Y,1998,262
1998-09-20,13.5,Y,,,13.5,Hoburg 68550,Y,1998,263
1998-09-21,12.6,Y,,,12.6,Hoburg 68550,Y,1998,264
1998-09-22,12.2,Y,,,12.2,Hoburg 68550,Y,1998,265
1998-09-23,12.6,Y,,,12.6,Hoburg 68550,Y,1998,266
1998-09-24,12.4,Y,,,12.4,Hoburg 68550,Y,1998,267
1998-09-25,12.7,Y,,,12.7,Hoburg 68550,Y,1998,268
1998-09-26,13.7,Y,,,13.7,Hoburg 68550,Y,1998,269
1998-09-27,12.5,Y,,,12.5,Hoburg 68550,Y,1998,270
1998-09-28,13,Y,,,13,Hoburg 68550,Y,1998,271
1998-09-29,11.4,Y,,,11.4,Hoburg 68550,Y,1998,272
1998-09-30,9.7,Y,,,9.7,Hoburg 68550,Y,1998,273
1998-10-01,9.1,Y,,,9.1,Hoburg 68550,Y,1998,274
1998-10-02,7.7,Y,,,7.7,Hoburg 68550,Y,1998,275
1998-10-03,8.1,Y,,,8.1,Hoburg 68550,Y,1998,276
1998-10-04,8.3,Y,,,8.3,Hoburg 68550,Y,1998,277
1998-10-05,8.2,Y,,,8.2,Hoburg 68550,Y,1998,278
1998-10-06,8.3,Y,,,8.3,Hoburg 68550,Y,1998,279
1998-10-07,8.9,Y,,,8.9,Hoburg 68550,Y,1998,280
1998-10-08,7.9,Y,,,7.9,Hoburg 68550,Y,1998,281
1998-10-09,8.9,Y,,,8.9,Hoburg 68550,Y,1998,282
1998-10-10,10.2,Y,,,10.2,Hoburg 68550,Y,1998,283
1998-10-11,9.8,Y,,,9.8,Hoburg 68550,Y,1998,284
1998-10-12,9.7,Y,,,9.7,Hoburg 68550,Y,1998,285
1998-10-13,8.7,Y,,,8.7,Hoburg 68550,Y,1998,286
1998-10-14,10.3,Y,,,10.3,Hoburg 68550,Y,1998,287
1998-10-15,9.1,Y,,,9.1,Hoburg 68550,Y,1998,288
1998-10-16,8.3,Y,,,8.3,Hoburg 68550,Y,1998,289
1998-10-17,9.7,Y,,,9.7,Hoburg 68550,Y,1998,290
1998-10-18,8.8,Y,,,8.8,Hoburg 68550,Y,1998,291
1998-10-19,7.9,Y,,,7.9,Hoburg 68550,Y,1998,292
1998-10-20,6.9,Y,,,6.9,Hoburg 68550,Y,1998,293
1998-10-21,6.9,Y,,,6.9,Hoburg 68550,Y,1998,294
1998-10-22,10.8,Y,,,10.8,Hoburg 68550,Y,1998,295
1998-10-23,10.9,Y,,,10.9,Hoburg 68550,Y,1998,296
1998-10-24,8.2,Y,,,8.2,Hoburg 68550,Y,1998,297
1998-10-25,9.4,Y,,,9.4,Hoburg 68550,Y,1998,298
1998-10-26,8.6,Y,,,8.6,Hoburg 68550,Y,1998,299
1998-10-27,7.7,Y,,,7.7,Hoburg 68550,Y,1998,300
1998-10-28,6.9,Y,,,6.9,Hoburg 68550,Y,1998,301
1998-10-29,7.8,Y,,,7.8,Hoburg 68550,Y,1998,302
1998-10-30,6,Y,,,6,Hoburg 68550,Y,1998,303
1998-10-31,5.7,Y,,,5.7,Hoburg 68550,Y,1998,304
1998-11-01,5.2,Y,,,5.2,Hoburg 68550,Y,1998,305
1998-11-02,3.6,Y,,,3.6,Hoburg 68550,Y,1998,306
1998-11-03,2.5,Y,,,2.5,Hoburg 68550,Y,1998,307
1998-11-04,3.4,Y,,,3.4,Hoburg 68550,Y,1998,308
1998-11-05,4,Y,,,4,Hoburg 68550,Y,1998,309
1998-11-06,3.2,Y,,,3.2,Hoburg 68550,Y,1998,310
1998-11-07,2.7,Y,,,2.7,Hoburg 68550,Y,1998,311
1998-11-08,1.5,Y,,,1.5,Hoburg 68550,Y,1998,312
1998-11-09,1.9,Y,,,1.9,Hoburg 68550,Y,1998,313
1998-11-10,2.4,Y,,,2.4,Hoburg 68550,Y,1998,314
1998-11-11,2.7,Y,,,2.7,Hoburg 68550,Y,1998,315
1998-11-12,3.3,Y,,,3.3,Hoburg 68550,Y,1998,316
1998-11-13,1.1,Y,,,1.1,Hoburg 68550,Y,1998,317
1998-11-14,1.1,Y,,,1.1,Hoburg 68550,Y,1998,318
1998-11-15,0.8,Y,,,0.8,Hoburg 68550,Y,1998,319
1998-11-16,-0.1,Y,,,-0.1,Hoburg 68550,Y,1998,320
1998-11-17,0.4,Y,,,0.4,Hoburg 68550,Y,1998,321
1998-11-18,-1.2,Y,,,-1.2,Hoburg 68550,Y,1998,322
1998-11-19,-1.4,Y,,,-1.4,Hoburg 68550,Y,1998,323
1998-11-20,-1.3,Y,,,-1.3,Hoburg 68550,Y,1998,324
1998-11-21,0.2,Y,,,0.2,Hoburg 68550,Y,1998,325
1998-11-22,0.8,Y,,,0.8,Hoburg 68550,Y,1998,326
1998-11-23,1.3,Y,,,1.3,Hoburg 68550,Y,1998,327
1998-11-24,1.5,Y,,,1.5,Hoburg 68550,Y,1998,328
1998-11-25,2.1,Y,,,2.1,Hoburg 68550,Y,1998,329
1998-11-26,1.5,Y,,,1.5,Hoburg 68550,Y,1998,330
1998-11-27,0.6,Y,,,0.6,Hoburg 68550,Y,1998,331
1998-11-28,2.4,Y,,,2.4,Hoburg 68550,Y,1998,332
1998-11-29,2.3,Y,,,2.3,Hoburg 68550,Y,1998,333
1998-11-30,1.6,Y,,,1.6,Hoburg 68550,Y,1998,334
1998-12-01,1,Y,,,1,Hoburg 68550,Y,1998,335
1998-12-02,1,Y,,,1,Hoburg 68550,Y,1998,336
1998-12-03,0.3,Y,,,0.3,Hoburg 68550,Y,1998,337
1998-12-04,0.7,Y,,,0.7,Hoburg 68550,Y,1998,338
1998-12-05,-0.1,Y,,,-0.1,Hoburg 68550,Y,1998,339
1998-12-06,-1.3,Y,,,-1.3,Hoburg 68550,Y,1998,340
1998-12-07,-0.7,Y,,,-0.7,Hoburg 68550,Y,1998,341
1998-12-08,-0.3,Y,,,-0.3,Hoburg 68550,Y,1998,342
1998-12-09,-0.9,Y,,,-0.9,Hoburg 68550,Y,1998,343
1998-12-10,-1.3,Y,,,-1.3,Hoburg 68550,Y,1998,344
1998-12-11,-3,Y,,,-3,Hoburg 68550,Y,1998,345
1998-12-12,-1.4,Y,,,-1.4,Hoburg 68550,Y,1998,346
1998-12-13,0.6,Y,,,0.6,Hoburg 68550,Y,1998,347
1998-12-14,1.3,Y,,,1.3,Hoburg 68550,Y,1998,348
1998-12-15,4.3,Y,,,4.3,Hoburg 68550,Y,1998,349
1998-12-16,3.5,Y,,,3.5,Hoburg 68550,Y,1998,350
1998-12-17,4.5,Y,,,4.5,Hoburg 68550,Y,1998,351
1998-12-18,4.2,Y,,,4.2,Hoburg 68550,Y,1998,352
1998-12-19,3.8,Y,,,3.8,Hoburg 68550,Y,1998,353
1998-12-20,1.8,Y,,,1.8,Hoburg 68550,Y,1998,354
1998-12-21,-1.2,Y,,,-1.2,Hoburg 68550,Y,1998,355
1998-12-22,-3.4,Y,,,-3.4,Hoburg 68550,Y,1998,356
1998-12-23,1,Y,,,1,Hoburg 68550,Y,1998,357
1998-12-24,2.3,Y,,,2.3,Hoburg 68550,Y,1998,358
1998-12-25,3.3,Y,,,3.3,Hoburg 68550,Y,1998,359
1998-12-26,4.2,Y,,,4.2,Hoburg 68550,Y,1998,360
1998-12-27,4.2,Y,,,4.2,Hoburg 68550,Y,1998,361
1998-12-28,4.8,Y,,,4.8,Hoburg 68550,Y,1998,362
1998-12-29,3.6,Y,,,3.6,Hoburg 68550,Y,1998,363
1998-12-30,1.8,Y,,,1.8,Hoburg 68550,Y,1998,364
1998-12-31,1.6,Y,,,1.6,Hoburg 68550,Y,1998,365
1999-01-01,0.8,Y,,,0.8,Hoburg 68550,Y,1999,1
1999-01-02,1.2,Y,,,1.2,Hoburg 68550,Y,1999,2
1999-01-03,2.4,Y,,,2.4,Hoburg 68550,Y,1999,3
1999-01-04,2.7,Y,,,2.7,Hoburg 68550,Y,1999,4
1999-01-05,4.7,Y,,,4.7,Hoburg 68550,Y,1999,5
1999-01-06,4.4,Y,,,4.4,Hoburg 68550,Y,1999,6
1999-01-07,1.6,Y,,,1.6,Hoburg 68550,Y,1999,7
1999-01-08,-1.5,Y,,,-1.5,Hoburg 68550,Y,1999,8
1999-01-09,-1.2,Y,,,-1.2,Hoburg 68550,Y,1999,9
1999-01-10,-1.4,Y,,,-1.4,Hoburg 68550,Y,1999,10
1999-01-11,-2.1,Y,,,-2.1,Hoburg 68550,Y,1999,11
1999-01-12,-3.5,Y,,,-3.5,Hoburg 68550,Y,1999,12
1999-01-13,-3.4,Y,,,-3.4,Hoburg 68550,Y,1999,13
1999-01-14,-2.3,Y,,,-2.3,Hoburg 68550,Y,1999,14
1999-01-15,1.8,Y,,,1.8,Hoburg 68550,Y,1999,15
1999-01-16,3.3,Y,,,3.3,Hoburg 68550,Y,1999,16
1999-01-17,3.4,Y,,,3.4,Hoburg 68550,Y,1999,17
1999-01-18,2.5,Y,,,2.5,Hoburg 68550,Y,1999,18
1999-01-19,2.8,Y,,,2.8,Hoburg 68550,Y,1999,19
1999-01-20,4,Y,,,4,Hoburg 68550,Y,1999,20
1999-01-21,4.2,Y,,,4.2,Hoburg 68550,Y,1999,21
1999-01-22,3,Y,,,3,Hoburg 68550,Y,1999,22
1999-01-23,2.3,Y,,,2.3,Hoburg 68550,Y,1999,23
1999-01-24,2.3,Y,,,2.3,Hoburg 68550,Y,1999,24
1999-01-25,4,Y,,,4,Hoburg 68550,Y,1999,25
1999-01-26,2.9,Y,,,2.9,Hoburg 68550,Y,1999,26
1999-01-27,-0.7,Y,,,-0.7,Hoburg 68550,Y,1999,27
1999-01-28,-7.8,Y,,,-7.8,Hoburg 68550,Y,1999,28
1999-01-29,-8.4,Y,,,-8.4,Hoburg 68550,Y,1999,29
1999-01-30,-5.4,Y,,,-5.4,Hoburg 68550,Y,1999,30
1999-01-31,-1.1,Y,,,-1.1,Hoburg 68550,Y,1999,31
1999-02-01,2,Y,,,2,Hoburg 68550,Y,1999,32
1999-02-02,2.4,Y,,,2.4,Hoburg 68550,Y,1999,33
1999-02-03,2.8,Y,,,2.8,Hoburg 68550,Y,1999,34
1999-02-04,3.7,Y,,,3.7,Hoburg 68550,Y,1999,35
1999-02-05,1.7,Y,,,1.7,Hoburg 68550,Y,1999,36
1999-02-06,-4.7,Y,,,-4.7,Hoburg 68550,Y,1999,37
1999-02-07,-3.6,Y,,,-3.6,Hoburg 68550,Y,1999,38
1999-02-08,-1.6,Y,,,-1.6,Hoburg 68550,Y,1999,39
1999-02-09,-3.7,Y,,,-3.7,Hoburg 68550,Y,1999,40
1999-02-10,-4.6,Y,,,-4.6,Hoburg 68550,Y,1999,41
1999-02-11,-2.2,Y,,,-2.2,Hoburg 68550,Y,1999,42
1999-02-12,-1.3,Y,,,-1.3,Hoburg 68550,Y,1999,43
1999-02-13,0.1,Y,,,0.1,Hoburg 68550,Y,1999,44
1999-02-14,0,Y,,,0,Hoburg 68550,Y,1999,45
1999-02-15,0.3,Y,,,0.3,Hoburg 68550,Y,1999,46
1999-02-16,1.6,Y,,,1.6,Hoburg 68550,Y,1999,47
1999-02-17,-0.2,Y,,,-0.2,Hoburg 68550,Y,1999,48
1999-02-18,0.3,Y,,,0.3,Hoburg 68550,Y,1999,49
1999-02-19,0.3,Y,,,0.3,Hoburg 68550,Y,1999,50
1999-02-20,1.8,Y,,,1.8,Hoburg 68550,Y,1999,51
1999-02-21,1.3,Y,,,1.3,Hoburg 68550,Y,1999,52
1999-02-22,1.3,Y,,,1.3,Hoburg 68550,Y,1999,53
1999-02-23,0.3,Y,,,0.3,Hoburg 68550,Y,1999,54
1999-02-24,-2,Y,,,-2,Hoburg 68550,Y,1999,55
1999-02-25,-0.6,Y,,,-0.6,Hoburg 68550,Y,1999,56
1999-02-26,0.2,Y,,,0.2,Hoburg 68550,Y,1999,57
1999-02-27,1.5,Y,,,1.5,Hoburg 68550,Y,1999,58
1999-02-28,2.5,Y,,,2.5,Hoburg 68550,Y,1999,59
1999-03-01,2.8,Y,,,2.8,Hoburg 68550,Y,1999,60
1999-03-02,2.8,Y,,,2.8,Hoburg 68550,Y,1999,61
1999-03-03,1,Y,,,1,Hoburg 68550,Y,1999,62
1999-03-04,2.1,Y,,,2.1,Hoburg 68550,Y,1999,63
1999-03-05,2.3,Y,,,2.3,Hoburg 68550,Y,1999,64
1999-03-06,3.3,Y,,,3.3,Hoburg 68550,Y,1999,65
1999-03-07,2.6,Y,,,2.6,Hoburg 68550,Y,1999,66
1999-03-08,1.6,Y,,,1.6,Hoburg 68550,Y,1999,67
1999-03-09,0.1,Y,,,0.1,Hoburg 68550,Y,1999,68
1999-03-10,-0.6,Y,,,-0.6,Hoburg 68550,Y,1999,69
1999-03-11,-1.9,Y,,,-1.9,Hoburg 68550,Y,1999,70
1999-03-12,-1,Y,,,-1,Hoburg 68550,Y,1999,71
1999-03-13,-1,Y,,,-1,Hoburg 68550,Y,1999,72
1999-03-14,0.1,Y,,,0.1,Hoburg 68550,Y,1999,73
1999-03-15,0.7,Y,,,0.7,Hoburg 68550,Y,1999,74
1999-03-16,-0.3,Y,,,-0.3,Hoburg 68550,Y,1999,75
1999-03-17,1.4,Y,,,1.4,Hoburg 68550,Y,1999,76
1999-03-18,2.5,Y,,,2.5,Hoburg 68550,Y,1999,77
1999-03-19,2.5,Y,,,2.5,Hoburg 68550,Y,1999,78
1999-03-20,2,Y,,,2,Hoburg 68550,Y,1999,79
1999-03-21,1.6,Y,,,1.6,Hoburg 68550,Y,1999,80
1999-03-22,2.6,Y,,,2.6,Hoburg 68550,Y,1999,81
1999-03-23,1.4,Y,,,1.4,Hoburg 68550,Y,1999,82
1999-03-24,1.9,Y,,,1.9,Hoburg 68550,Y,1999,83
1999-03-25,3.5,Y,,,3.5,Hoburg 68550,Y,1999,84
1999-03-26,4.3,Y,,,4.3,Hoburg 68550,Y,1999,85
1999-03-27,5.2,Y,,,5.2,Hoburg 68550,Y,1999,86
1999-03-28,4,Y,,,4,Hoburg 68550,Y,1999,87
1999-03-29,5.2,Y,,,5.2,Hoburg 68550,Y,1999,88
1999-03-30,4.2,Y,,,4.2,Hoburg 68550,Y,1999,89
1999-03-31,6.2,Y,,,6.2,Hoburg 68550,Y,1999,90
1999-04-01,6.9,Y,,,6.9,Hoburg 68550,Y,1999,91
1999-04-02,6.8,Y,,,6.8,Hoburg 68550,Y,1999,92
1999-04-03,4.6,Y,,,4.6,Hoburg 68550,Y,1999,93
1999-04-04,3.4,Y,,,3.4,Hoburg 68550,Y,1999,94
1999-04-05,2.8,Y,,,2.8,Hoburg 68550,Y,1999,95
1999-04-06,5.8,Y,,,5.8,Hoburg 68550,Y,1999,96
1999-04-07,5.2,Y,,,5.2,Hoburg 68550,Y,1999,97
1999-04-08,4.8,Y,,,4.8,Hoburg 68550,Y,1999,98
1999-04-09,6.3,Y,,,6.3,Hoburg 68550,Y,1999,99
1999-04-10,6.1,Y,,,6.1,Hoburg 68550,Y,1999,100
1999-04-11,5.8,Y,,,5.8,Hoburg 68550,Y,1999,101
1999-04-12,3.9,Y,,,3.9,Hoburg 68550,Y,1999,102
1999-04-13,5.1,Y,,,5.1,Hoburg 68550,Y,1999,103
1999-04-14,4.4,Y,,,4.4,Hoburg 68550,Y,1999,104
1999-04-15,4.5,Y,,,4.5,Hoburg 68550,Y,1999,105
1999-04-16,3.5,Y,,,3.5,Hoburg 68550,Y,1999,106
1999-04-17,4.3,Y,,,4.3,Hoburg 68550,Y,1999,107
1999-04-18,3.5,Y,,,3.5,Hoburg 68550,Y,1999,108
1999-04-19,4.3,Y,,,4.3,Hoburg 68550,Y,1999,109
1999-04-20,4.6,Y,,,4.6,Hoburg 68550,Y,1999,110
1999-04-21,5.3,Y,,,5.3,Hoburg 68550,Y,1999,111
1999-04-22,4.4,Y,,,4.4,Hoburg 68550,Y,1999,112
1999-04-23,5.6,Y,,,5.6,Hoburg 68550,Y,1999,113
1999-04-24,6.4,Y,,,6.4,Hoburg 68550,Y,1999,114
1999-04-25,9.8,Y,,,9.8,Hoburg 68550,Y,1999,115
1999-04-26,9,Y,,,9,Hoburg 68550,Y,1999,116
1999-04-27,10,Y,,,10,Hoburg 68550,Y,1999,117
1999-04-28,8.6,Y,,,8.6,Hoburg 68550,Y,1999,118
1999-04-29,6.6,Y,,,6.6,Hoburg 68550,Y,1999,119
1999-04-30,6.2,Y,,,6.2,Hoburg 68550,Y,1999,120
1999-05-01,5.5,Y,,,5.5,Hoburg 68550,Y,1999,121
1999-05-02,5.5,Y,,,5.5,Hoburg 68550,Y,1999,122
1999-05-03,5,Y,,,5,Hoburg 68550,Y,1999,123
1999-05-04,4,Y,,,4,Hoburg 68550,Y,1999,124
1999-05-05,5.4,Y,,,5.4,Hoburg 68550,Y,1999,125
1999-05-06,4.7,Y,,,4.7,Hoburg 68550,Y,1999,126
1999-05-07,8,Y,,,8,Hoburg 68550,Y,1999,127
1999-05-08,6.2,Y,,,6.2,Hoburg 68550,Y,1999,128
1999-05-09,5.7,Y,,,5.7,Hoburg 68550,Y,1999,129
1999-05-10,5.2,Y,,,5.2,Hoburg 68550,Y,1999,130
1999-05-11,4.3,Y,,,4.3,Hoburg 68550,Y,1999,131
1999-05-12,4.3,Y,,,4.3,Hoburg 68550,Y,1999,132
1999-05-13,5.1,Y,,,5.1,Hoburg 68550,Y,1999,133
1999-05-14,5,Y,,,5,Hoburg 68550,Y,1999,134
1999-05-15,7.7,Y,,,7.7,Hoburg 68550,Y,1999,135
1999-05-16,7.9,Y,,,7.9,Hoburg 68550,Y,1999,136
1999-05-17,7.8,Y,,,7.8,Hoburg 68550,Y,1999,137
1999-05-18,8.9,Y,,,8.9,Hoburg 68550,Y,1999,138
1999-05-19,10,Y,,,10,Hoburg 68550,Y,1999,139
1999-05-20,11.6,Y,,,11.6,Hoburg 68550,Y,1999,140
1999-05-21,13.3,Y,,,13.3,Hoburg 68550,Y,1999,141
1999-05-22,10.6,Y,,,10.6,Hoburg 68550,Y,1999,142
1999-05-23,9.1,Y,,,9.1,Hoburg 68550,Y,1999,143
1999-05-24,10.1,Y,,,10.1,Hoburg 68550,Y,1999,144
1999-05-25,10.8,Y,,,10.8,Hoburg 68550,Y,1999,145
1999-05-26,10.1,Y,,,10.1,Hoburg 68550,Y,1999,146
1999-05-27,10.7,Y,,,10.7,Hoburg 68550,Y,1999,147
1999-05-28,13,Y,,,13,Hoburg 68550,Y,1999,148
1999-05-29,12.6,Y,,,12.6,Hoburg 68550,Y,1999,149
1999-05-30,9.8,Y,,,9.8,Hoburg 68550,Y,1999,150
1999-05-31,10.1,Y,,,10.1,Hoburg 68550,Y,1999,151
1999-06-01,10.9,Y,,,10.9,Hoburg 68550,Y,1999,152
1999-06-02,11.3,Y,,,11.3,Hoburg 68550,Y,1999,153
1999-06-03,13.1,Y,,,13.1,Hoburg 68550,Y,1999,154
1999-06-04,12.6,Y,,,12.6,Hoburg 68550,Y,1999,155
1999-06-05,12.4,Y,,,12.4,Hoburg 68550,Y,1999,156
1999-06-06,12.5,Y,,,12.5,Hoburg 68550,Y,1999,157
1999-06-07,12.2,Y,,,12.2,Hoburg 68550,Y,1999,158
1999-06-08,12.5,Y,,,12.5,Hoburg 68550,Y,1999,159
1999-06-09,12.4,Y,,,12.4,Hoburg 68550,Y,1999,160
1999-06-10,12.3,Y,,,12.3,Hoburg 68550,Y,1999,161
1999-06-11,14.6,Y,,,14.6,Hoburg 68550,Y,1999,162
1999-06-12,16.6,Y,,,16.6,Hoburg 68550,Y,1999,163
1999-06-13,17.9,Y,,,17.9,Hoburg 68550,Y,1999,164
1999-06-14,14.3,Y,,,14.3,Hoburg 68550,Y,1999,165
1999-06-15,14.5,Y,,,14.5,Hoburg 68550,Y,1999,166
1999-06-16,16.1,Y,,,16.1,Hoburg 68550,Y,1999,167
1999-06-17,15.4,Y,,,15.4,Hoburg 68550,Y,1999,168
1999-06-18,16.1,Y,,,16.1,Hoburg 68550,Y,1999,169
1999-06-19,15.9,Y,,,15.9,Hoburg 68550,Y,1999,170
1999-06-20,16.3,Y,,,16.3,Hoburg 68550,Y,1999,171
1999-06-21,13.5,Y,,,13.5,Hoburg 68550,Y,1999,172
1999-06-22,13.6,Y,,,13.6,Hoburg 68550,Y,1999,173
1999-06-23,11.9,Y,,,11.9,Hoburg 68550,Y,1999,174
1999-06-24,13.5,Y,,,13.5,Hoburg 68550,Y,1999,175
1999-06-25,12.8,Y,,,12.8,Hoburg 68550,Y,1999,176
1999-06-26,13.4,Y,,,13.4,Hoburg 68550,Y,1999,177
1999-06-27,15.8,Y,,,15.8,Hoburg 68550,Y,1999,178
1999-06-28,18.3,Y,,,18.3,Hoburg 68550,Y,1999,179
1999-06-29,16,Y,,,16,Hoburg 68550,Y,1999,180
1999-06-30,16.6,Y,,,16.6,Hoburg 68550,Y,1999,181
1999-07-01,18.1,Y,,,18.1,Hoburg 68550,Y,1999,182
1999-07-02,16.6,Y,,,16.6,Hoburg 68550,Y,1999,183
1999-07-03,16.4,Y,,,16.4,Hoburg 68550,Y,1999,184
1999-07-04,16.4,Y,,,16.4,Hoburg 68550,Y,1999,185
1999-07-05,17.7,Y,,,17.7,Hoburg 68550,Y,1999,186
1999-07-06,19.3,Y,,,19.3,Hoburg 68550,Y,1999,187
1999-07-07,18.3,Y,,,18.3,Hoburg 68550,Y,1999,188
1999-07-08,17,Y,,,17,Hoburg 68550,Y,1999,189
1999-07-09,17.6,Y,,,17.6,Hoburg 68550,Y,1999,190
1999-07-10,19.5,Y,,,19.5,Hoburg 68550,Y,1999,191
1999-07-11,19.9,Y,,,19.9,Hoburg 68550,Y,1999,192
1999-07-12,21.6,Y,,,21.6,Hoburg 68550,Y,1999,193
1999-07-13,21.6,Y,,,21.6,Hoburg 68550,Y,1999,194
1999-07-14,21,Y,,,21,Hoburg 68550,Y,1999,195
1999-07-15,18.9,Y,,,18.9,Hoburg 68550,Y,1999,196
1999-07-16,18.1,Y,,,18.1,Hoburg 68550,Y,1999,197
1999-07-17,18.2,Y,,,18.2,Hoburg 68550,Y,1999,198
1999-07-18,19.2,Y,,,19.2,Hoburg 68550,Y,1999,199
1999-07-19,20.4,Y,,,20.4,Hoburg 68550,Y,1999,200
1999-07-20,20,Y,,,20,Hoburg 68550,Y,1999,201
1999-07-21,19.4,Y,,,19.4,Hoburg 68550,Y,1999,202
1999-07-22,17.7,Y,,,17.7,Hoburg 68550,Y,1999,203
1999-07-23,17.3,Y,,,17.3,Hoburg 68550,Y,1999,204
1999-07-24,17.5,Y,,,17.5,Hoburg 68550,Y,1999,205
1999-07-25,18.9,Y,,,18.9,Hoburg 68550,Y,1999,206
1999-07-26,17.2,Y,,,17.2,Hoburg 68550,Y,1999,207
1999-07-27,18.3,Y,,,18.3,Hoburg 68550,Y,1999,208
1999-07-28,19.3,Y,,,19.3,Hoburg 68550,Y,1999,209
1999-07-29,20.6,Y,,,20.6,Hoburg 68550,Y,1999,210
1999-07-30,20.2,Y,,,20.2,Hoburg 68550,Y,1999,211
1999-07-31,21.1,Y,,,21.1,Hoburg 68550,Y,1999,212
1999-08-01,22.3,Y,,,22.3,Hoburg 68550,Y,1999,213
1999-08-02,22.1,Y,,,22.1,Hoburg 68550,Y,1999,214
1999-08-03,22.3,Y,,,22.3,Hoburg 68550,Y,1999,215
1999-08-04,22.9,Y,,,22.9,Hoburg 68550,Y,1999,216
1999-08-05,22.3,Y,,,22.3,Hoburg 68550,Y,1999,217
1999-08-06,21.9,Y,,,21.9,Hoburg 68550,Y,1999,218
1999-08-07,18.3,Y,,,18.3,Hoburg 68550,Y,1999,219
1999-08-08,15,Y,,,15,Hoburg 68550,Y,1999,220
1999-08-09,17.9,Y,,,17.9,Hoburg 68550,Y,1999,221
1999-08-10,18.6,Y,,,18.6,Hoburg 68550,Y,1999,222
1999-08-11,17.1,Y,,,17.1,Hoburg 68550,Y,1999,223
1999-08-12,16.1,Y,,,16.1,Hoburg 68550,Y,1999,224
1999-08-13,16.3,Y,,,16.3,Hoburg 68550,Y,1999,225
1999-08-14,16.3,Y,,,16.3,Hoburg 68550,Y,1999,226
1999-08-15,16.4,Y,,,16.4,Hoburg 68550,Y,1999,227
1999-08-16,15.9,Y,,,15.9,Hoburg 68550,Y,1999,228
1999-08-17,16.9,Y,,,16.9,Hoburg 68550,Y,1999,229
1999-08-18,17.3,Y,,,17.3,Hoburg 68550,Y,1999,230
1999-08-19,16.8,Y,,,16.8,Hoburg 68550,Y,1999,231
1999-08-20,16.3,Y,,,16.3,Hoburg 68550,Y,1999,232
1999-08-21,16.3,Y,,,16.3,Hoburg 68550,Y,1999,233
1999-08-22,15,Y,,,15,Hoburg 68550,Y,1999,234
1999-08-23,15.4,Y,,,15.4,Hoburg 68550,Y,1999,235
1999-08-24,16.1,Y,,,16.1,Hoburg 68550,Y,1999,236
1999-08-25,16.3,Y,,,16.3,Hoburg 68550,Y,1999,237
1999-08-26,17.2,Y,,,17.2,Hoburg 68550,Y,1999,238
1999-08-27,17.6,Y,,,17.6,Hoburg 68550,Y,1999,239
1999-08-28,17.7,Y,,,17.7,Hoburg 68550,Y,1999,240
1999-08-29,17.5,Y,,,17.5,Hoburg 68550,Y,1999,241
1999-08-30,17.6,Y,,,17.6,Hoburg 68550,Y,1999,242
1999-08-31,15.2,Y,,,15.2,Hoburg 68550,Y,1999,243
1999-09-01,14.9,Y,,,14.9,Hoburg 68550,Y,1999,244
1999-09-02,16.1,Y,,,16.1,Hoburg 68550,Y,1999,245
1999-09-03,18,Y,,,18,Hoburg 68550,Y,1999,246
1999-09-04,18,Y,,,18,Hoburg 68550,Y,1999,247
1999-09-05,18.1,Y,,,18.1,Hoburg 68550,Y,1999,248
1999-09-06,18.1,Y,,,18.1,Hoburg 68550,Y,1999,249
1999-09-07,18.2,Y,,,18.2,Hoburg 68550,Y,1999,250
1999-09-08,18.1,Y,,,18.1,Hoburg 68550,Y,1999,251
1999-09-09,17.1,Y,,,17.1,Hoburg 68550,Y,1999,252
1999-09-10,16.9,Y,,,16.9,Hoburg 68550,Y,1999,253
1999-09-11,15.4,Y,,,15.4,Hoburg 68550,Y,1999,254
1999-09-12,15.5,Y,,,15.5,Hoburg 68550,Y,1999,255
1999-09-13,14.4,Y,,,14.4,Hoburg 68550,Y,1999,256
1999-09-14,14.3,Y,,,14.3,Hoburg 68550,Y,1999,257
1999-09-15,13.2,Y,,,13.2,Hoburg 68550,Y,1999,258
1999-09-16,14,Y,,,14,Hoburg 68550,Y,1999,259
1999-09-17,15.3,Y,,,15.3,Hoburg 68550,Y,1999,260
1999-09-18,16.9,Y,,,16.9,Hoburg 68550,Y,1999,261
1999-09-19,16.5,Y,,,16.5,Hoburg 68550,Y,1999,262
1999-09-20,16.4,Y,,,16.4,Hoburg 68550,Y,1999,263
1999-09-21,16.2,Y,,,16.2,Hoburg 68550,Y,1999,264
1999-09-22,15.4,Y,,,15.4,Hoburg 68550,Y,1999,265
1999-09-23,15.9,Y,,,15.9,Hoburg 68550,Y,1999,266
1999-09-24,16.4,Y,,,16.4,Hoburg 68550,Y,1999,267
1999-09-25,15.5,Y,,,15.5,Hoburg 68550,Y,1999,268
1999-09-26,14.7,Y,,,14.7,Hoburg 68550,Y,1999,269
1999-09-27,14.8,Y,,,14.8,Hoburg 68550,Y,1999,270
1999-09-28,15.6,Y,,,15.6,Hoburg 68550,Y,1999,271
1999-09-29,15,Y,,,15,Hoburg 68550,Y,1999,272
1999-09-30,15.2,Y,,,15.2,Hoburg 68550,Y,1999,273
1999-10-01,13.8,Y,,,13.8,Hoburg 68550,Y,1999,274
1999-10-02,14.4,Y,,,14.4,Hoburg 68550,Y,1999,275
1999-10-03,12.6,Y,,,12.6,Hoburg 68550,Y,1999,276
1999-10-04,13,Y,,,13,Hoburg 68550,Y,1999,277
1999-10-05,12.7,Y,,,12.7,Hoburg 68550,Y,1999,278
1999-10-06,11.4,Y,,,11.4,Hoburg 68550,Y,1999,279
1999-10-07,10.7,Y,,,10.7,Hoburg 68550,Y,1999,280
1999-10-08,11.2,Y,,,11.2,Hoburg 68550,Y,1999,281
1999-10-09,8.9,Y,,,8.9,Hoburg 68550,Y,1999,282
1999-10-10,8.5,Y,,,8.5,Hoburg 68550,Y,1999,283
1999-10-11,11.4,Y,,,11.4,Hoburg 68550,Y,1999,284
1999-10-12,10.9,Y,,,10.9,Hoburg 68550,Y,1999,285
1999-10-13,10.4,Y,,,10.4,Hoburg 68550,Y,1999,286
1999-10-14,9.5,Y,,,9.5,Hoburg 68550,Y,1999,287
1999-10-15,7.8,Y,,,7.8,Hoburg 68550,Y,1999,288
1999-10-16,6.1,Y,,,6.1,Hoburg 68550,Y,1999,289
1999-10-17,6.2,Y,,,6.2,Hoburg 68550,Y,1999,290
1999-10-18,6.2,Y,,,6.2,Hoburg 68550,Y,1999,291
1999-10-19,6.3,Y,,,6.3,Hoburg 68550,Y,1999,292
1999-10-20,6.1,Y,,,6.1,Hoburg 68550,Y,1999,293
1999-10-21,5.7,Y,,,5.7,Hoburg 68550,Y,1999,294
1999-10-22,6.2,Y,,,6.2,Hoburg 68550,Y,1999,295
1999-10-23,7.2,Y,,,7.2,Hoburg 68550,Y,1999,296
1999-10-24,8.2,Y,,,8.2,Hoburg 68550,Y,1999,297
1999-10-25,9,Y,,,9,Hoburg 68550,Y,1999,298
1999-10-26,9.7,Y,,,9.7,Hoburg 68550,Y,1999,299
1999-10-27,8.9,Y,,,8.9,Hoburg 68550,Y,1999,300
1999-10-28,9.1,Y,,,9.1,Hoburg 68550,Y,1999,301
1999-10-29,8.8,Y,,,8.8,Hoburg 68550,Y,1999,302
1999-10-30,7.5,Y,,,7.5,Hoburg 68550,Y,1999,303
1999-10-31,8.8,Y,,,8.8,Hoburg 68550,Y,1999,304
1999-11-01,9.4,Y,,,9.4,Hoburg 68550,Y,1999,305
1999-11-02,10.5,Y,,,10.5,Hoburg 68550,Y,1999,306
1999-11-03,8.9,Y,,,8.9,Hoburg 68550,Y,1999,307
1999-11-04,9.1,Y,,,9.1,Hoburg 68550,Y,1999,308
1999-11-05,7.2,Y,,,7.2,Hoburg 68550,Y,1999,309
1999-11-06,7.6,Y,,,7.6,Hoburg 68550,Y,1999,310
1999-11-07,7.5,Y,,,7.5,Hoburg 68550,Y,1999,311
1999-11-08,7.1,Y,,,7.1,Hoburg 68550,Y,1999,312
1999-11-09,7.6,Y,,,7.6,Hoburg 68550,Y,1999,313
1999-11-10,5.2,Y,,,5.2,Hoburg 68550,Y,1999,314
1999-11-11,6.6,Y,,,6.6,Hoburg 68550,Y,1999,315
1999-11-12,8.9,Y,,,8.9,Hoburg 68550,Y,1999,316
1999-11-13,8.2,Y,,,8.2,Hoburg 68550,Y,1999,317
1999-11-14,3.5,Y,,,3.5,Hoburg 68550,Y,1999,318
1999-11-15,1.2,Y,,,1.2,Hoburg 68550,Y,1999,319
1999-11-16,4.1,Y,,,4.1,Hoburg 68550,Y,1999,320
1999-11-17,2.5,Y,,,2.5,Hoburg 68550,Y,1999,321
1999-11-18,3.7,Y,,,3.7,Hoburg 68550,Y,1999,322
1999-11-19,0.6,Y,,,0.6,Hoburg 68550,Y,1999,323
1999-11-20,0,Y,,,0,Hoburg 68550,Y,1999,324
1999-11-21,-0.4,Y,,,-0.4,Hoburg 68550,Y,1999,325
1999-11-22,0.4,Y,,,0.4,Hoburg 68550,Y,1999,326
1999-11-23,0.5,Y,,,0.5,Hoburg 68550,Y,1999,327
1999-11-24,0.9,Y,,,0.9,Hoburg 68550,Y,1999,328
1999-11-25,4.9,Y,,,4.9,Hoburg 68550,Y,1999,329
1999-11-26,6.4,Y,,,6.4,Hoburg 68550,Y,1999,330
1999-11-27,6.4,Y,,,6.4,Hoburg 68550,Y,1999,331
1999-11-28,5.7,Y,,,5.7,Hoburg 68550,Y,1999,332
1999-11-29,7.2,Y,,,7.2,Hoburg 68550,Y,1999,333
1999-11-30,4.8,Y,,,4.8,Hoburg 68550,Y,1999,334
1999-12-01,6.2,Y,,,6.2,Hoburg 68550,Y,1999,335
1999-12-02,3.6,Y,,,3.6,Hoburg 68550,Y,1999,336
1999-12-03,3.8,Y,,,3.8,Hoburg 68550,Y,1999,337
1999-12-04,2.4,Y,,,2.4,Hoburg 68550,Y,1999,338
1999-12-05,-0.8,Y,,,-0.8,Hoburg 68550,Y,1999,339
1999-12-06,2.8,Y,,,2.8,Hoburg 68550,Y,1999,340
1999-12-07,6.1,Y,,,6.1,Hoburg 68550,Y,1999,341
1999-12-08,4.8,Y,,,4.8,Hoburg 68550,Y,1999,342
1999-12-09,5.4,Y,,,5.4,Hoburg 68550,Y,1999,343
1999-12-10,5.4,Y,,,5.4,Hoburg 68550,Y,1999,344
1999-12-11,4.5,Y,,,4.5,Hoburg 68550,Y,1999,345
1999-12-12,5.4,Y,,,5.4,Hoburg 68550,Y,1999,346
1999-12-13,1.7,Y,,,1.7,Hoburg 68550,Y,1999,347
1999-12-14,1,Y,,,1,Hoburg 68550,Y,1999,348
1999-12-15,0.9,Y,,,0.9,Hoburg 68550,Y,1999,349
1999-12-16,-0.9,Y,,,-0.9,Hoburg 68550,Y,1999,350
1999-12-17,2.7,Y,,,2.7,Hoburg 68550,Y,1999,351
1999-12-18,1.1,Y,,,1.1,Hoburg 68550,Y,1999,352
1999-12-19,0.1,Y,,,0.1,Hoburg 68550,Y,1999,353
1999-12-20,-0.2,Y,,,-0.2,Hoburg 68550,Y,1999,354
1999-12-21,-1.2,Y,,,-1.2,Hoburg 68550,Y,1999,355
1999-12-22,1,Y,,,1,Hoburg 68550,Y,1999,356
1999-12-23,1.7,Y,,,1.7,Hoburg 68550,Y,1999,357
1999-12-24,3,Y,,,3,Hoburg 68550,Y,1999,358
1999-12-25,2.7,Y,,,2.7,Hoburg 68550,Y,1999,359
1999-12-26,3.1,Y,,,3.1,Hoburg 68550,Y,1999,360
1999-12-27,1,Y,,,1,Hoburg 68550,Y,1999,361
1999-12-28,-0.6,Y,,,-0.6,Hoburg 68550,Y,1999,362
1999-12-29,-0.8,Y,,,-0.8,Hoburg 68550,Y,1999,363
1999-12-30,-0.6,Y,,,-0.6,Hoburg 68550,Y,1999,364
1999-12-31,-2.2,Y,,,-2.2,Hoburg 68550,Y,1999,365
2000-01-01,1.3,Y,,,1.3,Hoburg 68550,Y,2000,1
2000-01-02,3,Y,,,3,Hoburg 68550,Y,2000,2
2000-01-03,3.2,Y,,,3.2,Hoburg 68550,Y,2000,3
2000-01-04,4,Y,,,4,Hoburg 68550,Y,2000,4
2000-01-05,1.8,Y,,,1.8,Hoburg 68550,Y,2000,5
2000-01-06,3.3,Y,,,3.3,Hoburg 68550,Y,2000,6
2000-01-07,3.3,Y,,,3.3,Hoburg 68550,Y,2000,7
2000-01-08,4.1,Y,,,4.1,Hoburg 68550,Y,2000,8
2000-01-09,3.2,Y,,,3.2,Hoburg 68550,Y,2000,9
2000-01-10,2.7,Y,,,2.7,Hoburg 68550,Y,2000,10
2000-01-11,2.9,Y,,,2.9,Hoburg 68550,Y,2000,11
2000-01-12,3.6,Y,,,3.6,Hoburg 68550,Y,2000,12
2000-01-13,3,Y,,,3,Hoburg 68550,Y,2000,13
2000-01-14,1.2,Y,,,1.2,Hoburg 68550,Y,2000,14
2000-01-15,1,Y,,,1,Hoburg 68550,Y,2000,15
2000-01-16,1.7,Y,,,1.7,Hoburg 68550,Y,2000,16
2000-01-17,4.2,Y,,,4.2,Hoburg 68550,Y,2000,17
2000-01-18,1.4,Y,,,1.4,Hoburg 68550,Y,2000,18
2000-01-19,-0.3,Y,,,-0.3,Hoburg 68550,Y,2000,19
2000-01-20,2,Y,,,2,Hoburg 68550,Y,2000,20
2000-01-21,-2.7,Y,,,-2.7,Hoburg 68550,Y,2000,21
2000-01-22,-4.8,Y,,,-4.8,Hoburg 68550,Y,2000,22
2000-01-23,-4.3,Y,,,-4.3,Hoburg 68550,Y,2000,23
2000-01-24,-3.5,Y,,,-3.5,Hoburg 68550,Y,2000,24
2000-01-25,0.3,Y,,,0.3,Hoburg 68550,Y,2000,25
2000-01-26,1.8,Y,,,1.8,Hoburg 68550,Y,2000,26
2000-01-27,2,Y,,,2,Hoburg 68550,Y,2000,27
2000-01-28,2.5,Y,,,2.5,Hoburg 68550,Y,2000,28
2000-01-29,2.7,Y,,,2.7,Hoburg 68550,Y,2000,29
2000-01-30,2.7,Y,,,2.7,Hoburg 68550,Y,2000,30
2000-01-31,-0.9,Y,,,-0.9,Hoburg 68550,Y,2000,31
2000-02-01,1.2,Y,,,1.2,Hoburg 68550,Y,2000,32
2000-02-02,3.2,Y,,,3.2,Hoburg 68550,Y,2000,33
2000-02-03,0.2,Y,,,0.2,Hoburg 68550,Y,2000,34
2000-02-04,2.4,Y,,,2.4,Hoburg 68550,Y,2000,35
2000-02-05,3.7,Y,,,3.7,Hoburg 68550,Y,2000,36
2000-02-06,4,Y,,,4,Hoburg 68550,Y,2000,37
2000-02-07,3.6,Y,,,3.6,Hoburg 68550,Y,2000,38
2000-02-08,3.5,Y,,,3.5,Hoburg 68550,Y,2000,39
2000-02-09,3.4,Y,,,3.4,Hoburg 68550,Y,2000,40
2000-02-10,2.2,Y,,,2.2,Hoburg 68550,Y,2000,41
2000-02-11,3.6,Y,,,3.6,Hoburg 68550,Y,2000,42
2000-02-12,3.2,Y,,,3.2,Hoburg 68550,Y,2000,43
2000-02-13,2.2,Y,,,2.2,Hoburg 68550,Y,2000,44
2000-02-14,1.4,Y,,,1.4,Hoburg 68550,Y,2000,45
2000-02-15,1.8,Y,,,1.8,Hoburg 68550,Y,2000,46
2000-02-16,1.9,Y,,,1.9,Hoburg 68550,Y,2000,47
2000-02-17,0.7,Y,,,0.7,Hoburg 68550,Y,2000,48
2000-02-18,-0.5,Y,,,-0.5,Hoburg 68550,Y,2000,49
2000-02-19,0.2,Y,,,0.2,Hoburg 68550,Y,2000,50
2000-02-20,-1,Y,,,-1,Hoburg 68550,Y,2000,51
2000-02-21,-1,Y,,,-1,Hoburg 68550,Y,2000,52
2000-02-22,-0.2,Y,,,-0.2,Hoburg 68550,Y,2000,53
2000-02-23,0.2,Y,,,0.2,Hoburg 68550,Y,2000,54
2000-02-24,0.5,Y,,,0.5,Hoburg 68550,Y,2000,55
2000-02-25,2.1,Y,,,2.1,Hoburg 68550,Y,2000,56
2000-02-26,2.5,Y,,,2.5,Hoburg 68550,Y,2000,57
2000-02-27,2.8,Y,,,2.8,Hoburg 68550,Y,2000,58
2000-02-28,4.8,Y,,,4.8,Hoburg 68550,Y,2000,59
2000-02-29,3.3,Y,,,3.3,Hoburg 68550,Y,2000,60
2000-03-01,3.2,Y,,,3.2,Hoburg 68550,Y,2000,61
2000-03-02,2.8,Y,,,2.8,Hoburg 68550,Y,2000,62
2000-03-03,2.5,Y,,,2.5,Hoburg 68550,Y,2000,63
2000-03-04,0.1,Y,,,0.1,Hoburg 68550,Y,2000,64
2000-03-05,0.3,Y,,,0.3,Hoburg 68550,Y,2000,65
2000-03-06,2.3,Y,,,2.3,Hoburg 68550,Y,2000,66
2000-03-07,3.6,Y,,,3.6,Hoburg 68550,Y,2000,67
2000-03-08,1.3,Y,,,1.3,Hoburg 68550,Y,2000,68
2000-03-09,0.8,Y,,,0.8,Hoburg 68550,Y,2000,69
2000-03-10,1.1,Y,,,1.1,Hoburg 68550,Y,2000,70
2000-03-11,0.7,Y,,,0.7,Hoburg 68550,Y,2000,71
2000-03-12,0.5,Y,,,0.5,Hoburg 68550,Y,2000,72
2000-03-13,2.6,Y,,,2.6,Hoburg 68550,Y,2000,73
2000-03-14,3.1,Y,,,3.1,Hoburg 68550,Y,2000,74
2000-03-15,1,Y,,,1,Hoburg 68550,Y,2000,75
2000-03-16,1.4,Y,,,1.4,Hoburg 68550,Y,2000,76
2000-03-17,0.8,Y,,,0.8,Hoburg 68550,Y,2000,77
2000-03-18,0.9,Y,,,0.9,Hoburg 68550,Y,2000,78
2000-03-19,1.4,Y,,,1.4,Hoburg 68550,Y,2000,79
2000-03-20,4.1,Y,,,4.1,Hoburg 68550,Y,2000,80
2000-03-21,5,Y,,,5,Hoburg 68550,Y,2000,81
2000-03-22,5.7,Y,,,5.7,Hoburg 68550,Y,2000,82
2000-03-23,2.1,Y,,,2.1,Hoburg 68550,Y,2000,83
2000-03-24,1.8,Y,,,1.8,Hoburg 68550,Y,2000,84
2000-03-25,2.6,Y,,,2.6,Hoburg 68550,Y,2000,85
2000-03-26,3,Y,,,3,Hoburg 68550,Y,2000,86
2000-03-27,0.2,Y,,,0.2,Hoburg 68550,Y,2000,87
2000-03-28,1.2,Y,,,1.2,Hoburg 68550,Y,2000,88
2000-03-29,2.3,Y,,,2.3,Hoburg 68550,Y,2000,89
2000-03-30,3.3,Y,,,3.3,Hoburg 68550,Y,2000,90
2000-03-31,4.6,Y,,,4.6,Hoburg 68550,Y,2000,91
2000-04-01,3.6,Y,,,3.6,Hoburg 68550,Y,2000,92
2000-04-02,4.2,Y,,,4.2,Hoburg 68550,Y,2000,93
2000-04-03,3.3,Y,,,3.3,Hoburg 68550,Y,2000,94
2000-04-04,4.6,Y,,,4.6,Hoburg 68550,Y,2000,95
2000-04-05,2,Y,,,2,Hoburg 68550,Y,2000,96
2000-04-06,3.2,Y,,,3.2,Hoburg 68550,Y,2000,97
2000-04-07,3.1,Y,,,3.1,Hoburg 68550,Y,2000,98
2000-04-08,2.4,Y,,,2.4,Hoburg 68550,Y,2000,99
2000-04-09,2,Y,,,2,Hoburg 68550,Y,2000,100
2000-04-10,1.8,Y,,,1.8,Hoburg 68550,Y,2000,101
2000-04-11,3.7,Y,,,3.7,Hoburg 68550,Y,2000,102
2000-04-12,5.6,Y,,,5.6,Hoburg 68550,Y,2000,103
2000-04-13,4.1,Y,,,4.1,Hoburg 68550,Y,2000,104
2000-04-14,5,Y,,,5,Hoburg 68550,Y,2000,105
2000-04-15,4.8,Y,,,4.8,Hoburg 68550,Y,2000,106
2000-04-16,5.9,Y,,,5.9,Hoburg 68550,Y,2000,107
2000-04-17,6.1,Y,,,6.1,Hoburg 68550,Y,2000,108
2000-04-18,6.8,Y,,,6.8,Hoburg 68550,Y,2000,109
2000-04-19,8.6,Y,,,8.6,Hoburg 68550,Y,2000,110
2000-04-20,7.7,Y,,,7.7,Hoburg 68550,Y,2000,111
2000-04-21,7.9,Y,,,7.9,Hoburg 68550,Y,2000,112
2000-04-22,9.7,Y,,,9.7,Hoburg 68550,Y,2000,113
2000-04-23,9.4,Y,,,9.4,Hoburg 68550,Y,2000,114
2000-04-24,11.2,Y,,,11.2,Hoburg 68550,Y,2000,115
2000-04-25,8.2,Y,,,8.2,Hoburg 68550,Y,2000,116
2000-04-26,9,Y,,,9,Hoburg 68550,Y,2000,117
2000-04-27,9.6,Y,,,9.6,Hoburg 68550,Y,2000,118
2000-04-28,13.4,Y,,,13.4,Hoburg 68550,Y,2000,119
2000-04-29,15.7,Y,,,15.7,Hoburg 68550,Y,2000,120
2000-04-30,15.7,Y,,,15.7,Hoburg 68550,Y,2000,121
2000-05-01,7.4,Y,,,7.4,Hoburg 68550,Y,2000,122
2000-05-02,6.5,Y,,,6.5,Hoburg 68550,Y,2000,123
2000-05-03,7.8,Y,,,7.8,Hoburg 68550,Y,2000,124
2000-05-04,8.9,Y,,,8.9,Hoburg 68550,Y,2000,125
2000-05-05,8.6,Y,,,8.6,Hoburg 68550,Y,2000,126
2000-05-06,9.6,Y,,,9.6,Hoburg 68550,Y,2000,127
2000-05-07,8,Y,,,8,Hoburg 68550,Y,2000,128
2000-05-08,11.8,Y,,,11.8,Hoburg 68550,Y,2000,129
2000-05-09,10.7,Y,,,10.7,Hoburg 68550,Y,2000,130
2000-05-10,12.2,Y,,,12.2,Hoburg 68550,Y,2000,131
2000-05-11,10.7,Y,,,10.7,Hoburg 68550,Y,2000,132
2000-05-12,6.9,Y,,,6.9,Hoburg 68550,Y,2000,133
2000-05-13,11.2,Y,,,11.2,Hoburg 68550,Y,2000,134
2000-05-14,12.8,Y,,,12.8,Hoburg 68550,Y,2000,135
2000-05-15,15.8,Y,,,15.8,Hoburg 68550,Y,2000,136
2000-05-16,12.4,Y,,,12.4,Hoburg 68550,Y,2000,137
2000-05-17,13.8,Y,,,13.8,Hoburg 68550,Y,2000,138
2000-05-18,12.5,Y,,,12.5,Hoburg 68550,Y,2000,139
2000-05-19,11.1,Y,,,11.1,Hoburg 68550,Y,2000,140
2000-05-20,11.6,Y,,,11.6,Hoburg 68550,Y,2000,141
2000-05-21,10.7,Y,,,10.7,Hoburg 68550,Y,2000,142
2000-05-22,12.4,Y,,,12.4,Hoburg 68550,Y,2000,143
2000-05-23,12.8,Y,,,12.8,Hoburg 68550,Y,2000,144
2000-05-24,12.4,Y,,,12.4,Hoburg 68550,Y,2000,145
2000-05-25,12.1,Y,,,12.1,Hoburg 68550,Y,2000,146
2000-05-26,10.9,Y,,,10.9,Hoburg 68550,Y,2000,147
2000-05-27,11.5,Y,,,11.5,Hoburg 68550,Y,2000,148
2000-05-28,11.1,Y,,,11.1,Hoburg 68550,Y,2000,149
2000-05-29,11.3,Y,,,11.3,Hoburg 68550,Y,2000,150
2000-05-30,10.6,Y,,,10.6,Hoburg 68550,Y,2000,151
2000-05-31,10.9,Y,,,10.9,Hoburg 68550,Y,2000,152
2000-06-01,11.3,Y,,,11.3,Hoburg 68550,Y,2000,153
2000-06-02,11.6,Y,,,11.6,Hoburg 68550,Y,2000,154
2000-06-03,11.9,Y,,,11.9,Hoburg 68550,Y,2000,155
2000-06-04,10.8,Y,,,10.8,Hoburg 68550,Y,2000,156
2000-06-05,12.6,Y,,,12.6,Hoburg 68550,Y,2000,157
2000-06-06,9.5,Y,,,9.5,Hoburg 68550,Y,2000,158
2000-06-07,9.5,Y,,,9.5,Hoburg 68550,Y,2000,159
2000-06-08,12.2,Y,,,12.2,Hoburg 68550,Y,2000,160
2000-06-09,12.4,Y,,,12.4,Hoburg 68550,Y,2000,161
2000-06-10,12.5,Y,,,12.5,Hoburg 68550,Y,2000,162
2000-06-11,14.9,Y,,,14.9,Hoburg 68550,Y,2000,163
2000-06-12,13.1,Y,,,13.1,Hoburg 68550,Y,2000,164
2000-06-13,14.1,Y,,,14.1,Hoburg 68550,Y,2000,165
2000-06-14,13.4,Y,,,13.4,Hoburg 68550,Y,2000,166
2000-06-15,12.8,Y,,,12.8,Hoburg 68550,Y,2000,167
2000-06-16,12.1,Y,,,12.1,Hoburg 68550,Y,2000,168
2000-06-17,11.8,Y,,,11.8,Hoburg 68550,Y,2000,169
2000-06-18,13,Y,,,13,Hoburg 68550,Y,2000,170
2000-06-19,14.3,Y,,,14.3,Hoburg 68550,Y,2000,171
2000-06-20,18.2,Y,,,18.2,Hoburg 68550,Y,2000,172
2000-06-21,17.7,Y,,,17.7,Hoburg 68550,Y,2000,173
2000-06-22,18.1,Y,,,18.1,Hoburg 68550,Y,2000,174
2000-06-23,15.5,Y,,,15.5,Hoburg 68550,Y,2000,175
2000-06-24,15.7,Y,,,15.7,Hoburg 68550,Y,2000,176
2000-06-25,16.1,Y,,,16.1,Hoburg 68550,Y,2000,177
2000-06-26,15.6,Y,,,15.6,Hoburg 68550,Y,2000,178
2000-06-27,14.6,Y,,,14.6,Hoburg 68550,Y,2000,179
2000-06-28,13,Y,,,13,Hoburg 68550,Y,2000,180
2000-06-29,13.9,Y,,,13.9,Hoburg 68550,Y,2000,181
2000-06-30,12.8,Y,,,12.8,Hoburg 68550,Y,2000,182
2000-07-01,12.4,Y,,,12.4,Hoburg 68550,Y,2000,183
2000-07-02,13.4,Y,,,13.4,Hoburg 68550,Y,2000,184
2000-07-03,16.7,Y,,,16.7,Hoburg 68550,Y,2000,185
2000-07-04,17.4,Y,,,17.4,Hoburg 68550,Y,2000,186
2000-07-05,18.2,Y,,,18.2,Hoburg 68550,Y,2000,187
2000-07-06,17.5,Y,,,17.5,Hoburg 68550,Y,2000,188
2000-07-07,14.7,Y,,,14.7,Hoburg 68550,Y,2000,189
2000-07-08,14.5,Y,,,14.5,Hoburg 68550,Y,2000,190
2000-07-09,14.8,Y,,,14.8,Hoburg 68550,Y,2000,191
2000-07-10,14.7,Y,,,14.7,Hoburg 68550,Y,2000,192
2000-07-11,14.7,Y,,,14.7,Hoburg 68550,Y,2000,193
2000-07-12,14,Y,,,14,Hoburg 68550,Y,2000,194
2000-07-13,14.2,Y,,,14.2,Hoburg 68550,Y,2000,195
2000-07-14,14.6,Y,,,14.6,Hoburg 68550,Y,2000,196
2000-07-15,13.3,Y,,,13.3,Hoburg 68550,Y,2000,197
2000-07-16,15.2,Y,,,15.2,Hoburg 68550,Y,2000,198
2000-07-17,15.5,Y,,,15.5,Hoburg 68550,Y,2000,199
2000-07-18,16.1,Y,,,16.1,Hoburg 68550,Y,2000,200
2000-07-19,15.4,Y,,,15.4,Hoburg 68550,Y,2000,201
2000-07-20,14.3,Y,,,14.3,Hoburg 68550,Y,2000,202
2000-07-21,15.5,Y,,,15.5,Hoburg 68550,Y,2000,203
2000-07-22,16,Y,,,16,Hoburg 68550,Y,2000,204
2000-07-23,14.4,Y,,,14.4,Hoburg 68550,Y,2000,205
2000-07-24,15.3,Y,,,15.3,Hoburg 68550,Y,2000,206
2000-07-25,16.1,Y,,,16.1,Hoburg 68550,Y,2000,207
2000-07-26,15.4,Y,,,15.4,Hoburg 68550,Y,2000,208
2000-07-27,14.8,Y,,,14.8,Hoburg 68550,Y,2000,209
2000-07-28,15.6,Y,,,15.6,Hoburg 68550,Y,2000,210
2000-07-29,16,Y,,,16,Hoburg 68550,Y,2000,211
2000-07-30,16,Y,,,16,Hoburg 68550,Y,2000,212
2000-07-31,17.3,Y,,,17.3,Hoburg 68550,Y,2000,213
2000-08-01,17.2,Y,,,17.2,Hoburg 68550,Y,2000,214
2000-08-02,16.8,Y,,,16.8,Hoburg 68550,Y,2000,215
2000-08-03,17.4,Y,,,17.4,Hoburg 68550,Y,2000,216
2000-08-04,17.3,Y,,,17.3,Hoburg 68550,Y,2000,217
2000-08-05,17.4,Y,,,17.4,Hoburg 68550,Y,2000,218
2000-08-06,17.3,Y,,,17.3,Hoburg 68550,Y,2000,219
2000-08-07,16.4,Y,,,16.4,Hoburg 68550,Y,2000,220
2000-08-08,15.7,Y,,,15.7,Hoburg 68550,Y,2000,221
2000-08-09,16,Y,,,16,Hoburg 68550,Y,2000,222
2000-08-10,15.9,Y,,,15.9,Hoburg 68550,Y,2000,223
2000-08-11,16.4,Y,,,16.4,Hoburg 68550,Y,2000,224
2000-08-12,16.5,Y,,,16.5,Hoburg 68550,Y,2000,225
2000-08-13,17.5,Y,,,17.5,Hoburg 68550,Y,2000,226
2000-08-14,16.9,Y,,,16.9,Hoburg 68550,Y,2000,227
2000-08-15,18.1,Y,,,18.1,Hoburg 68550,Y,2000,228
2000-08-16,18.3,Y,,,18.3,Hoburg 68550,Y,2000,229
2000-08-17,17.2,Y,,,17.2,Hoburg 68550,Y,2000,230
2000-08-18,17.3,Y,,,17.3,Hoburg 68550,Y,2000,231
2000-08-19,16.6,Y,,,16.6,Hoburg 68550,Y,2000,232
2000-08-20,16.7,Y,,,16.7,Hoburg 68550,Y,2000,233
2000-08-21,15.4,Y,,,15.4,Hoburg 68550,Y,2000,234
2000-08-22,15.5,Y,,,15.5,Hoburg 68550,Y,2000,235
2000-08-23,15.8,Y,,,15.8,Hoburg 68550,Y,2000,236
2000-08-24,13,Y,,,13,Hoburg 68550,Y,2000,237
2000-08-25,13.5,Y,,,13.5,Hoburg 68550,Y,2000,238
2000-08-26,14.5,Y,,,14.5,Hoburg 68550,Y,2000,239
2000-08-27,15.2,Y,,,15.2,Hoburg 68550,Y,2000,240
2000-08-28,16.6,Y,,,16.6,Hoburg 68550,Y,2000,241
2000-08-29,16.9,Y,,,16.9,Hoburg 68550,Y,2000,242
2000-08-30,15.9,Y,,,15.9,Hoburg 68550,Y,2000,243
2000-08-31,15.1,Y,,,15.1,Hoburg 68550,Y,2000,244
2000-09-01,15.2,Y,,,15.2,Hoburg 68550,Y,2000,245
2000-09-02,15.6,Y,,,15.6,Hoburg 68550,Y,2000,246
2000-09-03,15.5,Y,,,15.5,Hoburg 68550,Y,2000,247
2000-09-04,12.4,Y,,,12.4,Hoburg 68550,Y,2000,248
2000-09-05,12.4,Y,,,12.4,Hoburg 68550,Y,2000,249
2000-09-06,13,Y,,,13,Hoburg 68550,Y,2000,250
2000-09-07,14.8,Y,,,14.8,Hoburg 68550,Y,2000,251
2000-09-08,14.6,Y,,,14.6,Hoburg 68550,Y,2000,252
2000-09-09,15.3,Y,,,15.3,Hoburg 68550,Y,2000,253
2000-09-10,14.6,Y,,,14.6,Hoburg 68550,Y,2000,254
2000-09-11,13.4,Y,,,13.4,Hoburg 68550,Y,2000,255
2000-09-12,12.4,Y,,,12.4,Hoburg 68550,Y,2000,256
2000-09-13,12.5,Y,,,12.5,Hoburg 68550,Y,2000,257
2000-09-14,11.7,Y,,,11.7,Hoburg 68550,Y,2000,258
2000-09-15,10.6,Y,,,10.6,Hoburg 68550,Y,2000,259
2000-09-16,12,Y,,,12,Hoburg 68550,Y,2000,260
2000-09-17,12.4,Y,,,12.4,Hoburg 68550,Y,2000,261
2000-09-18,12,Y,,,12,Hoburg 68550,Y,2000,262
2000-09-19,12.7,Y,,,12.7,Hoburg 68550,Y,2000,263
2000-09-20,11.9,Y,,,11.9,Hoburg 68550,Y,2000,264
2000-09-21,11.3,Y,,,11.3,Hoburg 68550,Y,2000,265
2000-09-22,10.5,Y,,,10.5,Hoburg 68550,Y,2000,266
2000-09-23,10.6,Y,,,10.6,Hoburg 68550,Y,2000,267
2000-09-24,11,Y,,,11,Hoburg 68550,Y,2000,268
2000-09-25,10.8,Y,,,10.8,Hoburg 68550,Y,2000,269
2000-09-26,11.5,Y,,,11.5,Hoburg 68550,Y,2000,270
2000-09-27,12.8,Y,,,12.8,Hoburg 68550,Y,2000,271
2000-09-28,13.9,Y,,,13.9,Hoburg 68550,Y,2000,272
2000-09-29,14.6,Y,,,14.6,Hoburg 68550,Y,2000,273
2000-09-30,14,Y,,,14,Hoburg 68550,Y,2000,274
2000-10-01,14.2,Y,,,14.2,Hoburg 68550,Y,2000,275
2000-10-02,14,Y,,,14,Hoburg 68550,Y,2000,276
2000-10-03,13.8,Y,,,13.8,Hoburg 68550,Y,2000,277
2000-10-04,12.7,Y,,,12.7,Hoburg 68550,Y,2000,278
2000-10-05,13.7,Y,,,13.7,Hoburg 68550,Y,2000,279
2000-10-06,14.2,Y,,,14.2,Hoburg 68550,Y,2000,280
2000-10-07,12.5,Y,,,12.5,Hoburg 68550,Y,2000,281
2000-10-08,13.3,Y,,,13.3,Hoburg 68550,Y,2000,282
2000-10-09,13.5,Y,,,13.5,Hoburg 68550,Y,2000,283
2000-10-10,10.6,Y,,,10.6,Hoburg 68550,Y,2000,284
2000-10-11,10.3,Y,,,10.3,Hoburg 68550,Y,2000,285
2000-10-12,11.9,Y,,,11.9,Hoburg 68550,Y,2000,286
2000-10-13,12,Y,,,12,Hoburg 68550,Y,2000,287
2000-10-14,11.8,Y,,,11.8,Hoburg 68550,Y,2000,288
2000-10-15,11.1,Y,,,11.1,Hoburg 68550,Y,2000,289
2000-10-16,12.1,Y,,,12.1,Hoburg 68550,Y,2000,290
2000-10-17,12.2,Y,,,12.2,Hoburg 68550,Y,2000,291
2000-10-18,10.6,Y,,,10.6,Hoburg 68550,Y,2000,292
2000-10-19,11,Y,,,11,Hoburg 68550,Y,2000,293
2000-10-20,10.8,Y,,,10.8,Hoburg 68550,Y,2000,294
2000-10-21,11.1,Y,,,11.1,Hoburg 68550,Y,2000,295
2000-10-22,12.3,Y,,,12.3,Hoburg 68550,Y,2000,296
2000-10-23,10.7,Y,,,10.7,Hoburg 68550,Y,2000,297
2000-10-24,11.6,Y,,,11.6,Hoburg 68550,Y,2000,298
2000-10-25,10.8,Y,,,10.8,Hoburg 68550,Y,2000,299
2000-10-26,10.8,Y,,,10.8,Hoburg 68550,Y,2000,300
2000-10-27,7.1,Y,,,7.1,Hoburg 68550,Y,2000,301
2000-10-28,7.8,Y,,,7.8,Hoburg 68550,Y,2000,302
2000-10-29,10.5,Y,,,10.5,Hoburg 68550,Y,2000,303
2000-10-30,9.9,Y,,,9.9,Hoburg 68550,Y,2000,304
2000-10-31,10.7,Y,,,10.7,Hoburg 68550,Y,2000,305
2000-11-01,10.1,Y,,,10.1,Hoburg 68550,Y,2000,306
2000-11-02,9.1,Y,,,9.1,Hoburg 68550,Y,2000,307
2000-11-03,9.8,Y,,,9.8,Hoburg 68550,Y,2000,308
2000-11-04,9.6,Y,,,9.6,Hoburg 68550,Y,2000,309
2000-11-05,6.8,Y,,,6.8,Hoburg 68550,Y,2000,310
2000-11-06,7.5,Y,,,7.5,Hoburg 68550,Y,2000,311
2000-11-07,9.3,Y,,,9.3,Hoburg 68550,Y,2000,312
2000-11-08,9,Y,,,9,Hoburg 68550,Y,2000,313
2000-11-09,8.9,Y,,,8.9,Hoburg 68550,Y,2000,314
2000-11-10,8.4,Y,,,8.4,Hoburg 68550,Y,2000,315
2000-11-11,8.2,Y,,,8.2,Hoburg 68550,Y,2000,316
2000-11-12,8,Y,,,8,Hoburg 68550,Y,2000,317
2000-11-13,8.6,Y,,,8.6,Hoburg 68550,Y,2000,318
2000-11-14,7.9,Y,,,7.9,Hoburg 68550,Y,2000,319
2000-11-15,6.8,Y,,,6.8,Hoburg 68550,Y,2000,320
2000-11-16,6.4,Y,,,6.4,Hoburg 68550,Y,2000,321
2000-11-17,6.3,Y,,,6.3,Hoburg 68550,Y,2000,322
2000-11-18,7.2,Y,,,7.2,Hoburg 68550,Y,2000,323
2000-11-19,6.9,Y,,,6.9,Hoburg 68550,Y,2000,324
2000-11-20,7.8,Y,,,7.8,Hoburg 68550,Y,2000,325
2000-11-21,7.7,Y,,,7.7,Hoburg 68550,Y,2000,326
2000-11-22,7.9,Y,,,7.9,Hoburg 68550,Y,2000,327
2000-11-23,8,Y,,,8,Hoburg 68550,Y,2000,328
2000-11-24,7.7,Y,,,7.7,Hoburg 68550,Y,2000,329
2000-11-25,7.1,Y,,,7.1,Hoburg 68550,Y,2000,330
2000-11-26,5.9,Y,,,5.9,Hoburg 68550,Y,2000,331
2000-11-27,5.4,Y,,,5.4,Hoburg 68550,Y,2000,332
2000-11-28,6.4,Y,,,6.4,Hoburg 68550,Y,2000,333
2000-11-29,7.7,Y,,,7.7,Hoburg 68550,Y,2000,334
2000-11-30,8.1,Y,,,8.1,Hoburg 68550,Y,2000,335
2000-12-01,6.5,Y,,,6.5,Hoburg 68550,Y,2000,336
2000-12-02,7.4,Y,,,7.4,Hoburg 68550,Y,2000,337
2000-12-03,7,Y,,,7,Hoburg 68550,Y,2000,338
2000-12-04,7.6,Y,,,7.6,Hoburg 68550,Y,2000,339
2000-12-05,7,Y,,,7,Hoburg 68550,Y,2000,340
2000-12-06,6.8,Y,,,6.8,Hoburg 68550,Y,2000,341
2000-12-07,6.5,Y,,,6.5,Hoburg 68550,Y,2000,342
2000-12-08,6.6,Y,,,6.6,Hoburg 68550,Y,2000,343
2000-12-09,7.3,Y,,,7.3,Hoburg 68550,Y,2000,344
2000-12-10,7.3,Y,,,7.3,Hoburg 68550,Y,2000,345
2000-12-11,7.4,Y,,,7.4,Hoburg 68550,Y,2000,346
2000-12-12,7.4,Y,,,7.4,Hoburg 68550,Y,2000,347
2000-12-13,8.1,Y,,,8.1,Hoburg 68550,Y,2000,348
2000-12-14,6.9,Y,,,6.9,Hoburg 68550,Y,2000,349
2000-12-15,6.5,Y,,,6.5,Hoburg 68550,Y,2000,350
2000-12-16,4.6,Y,,,4.6,Hoburg 68550,Y,2000,351
2000-12-17,2.4,Y,,,2.4,Hoburg 68550,Y,2000,352
2000-12-18,1.9,Y,,,1.9,Hoburg 68550,Y,2000,353
2000-12-19,0.6,Y,,,0.6,Hoburg 68550,Y,2000,354
2000-12-20,1.4,Y,,,1.4,Hoburg 68550,Y,2000,355
2000-12-21,1.2,Y,,,1.2,Hoburg 68550,Y,2000,356
2000-12-22,0.8,Y,,,0.8,Hoburg 68550,Y,2000,357
2000-12-23,2.3,Y,,,2.3,Hoburg 68550,Y,2000,358
2000-12-24,0.7,Y,,,0.7,Hoburg 68550,Y,2000,359
2000-12-25,-1.1,Y,,,-1.1,Hoburg 68550,Y,2000,360
2000-12-26,0.8,Y,,,0.8,Hoburg 68550,Y,2000,361
2000-12-27,0.3,Y,,,0.3,Hoburg 68550,Y,2000,362
2000-12-28,2.6,Y,,,2.6,Hoburg 68550,Y,2000,363
2000-12-29,2,Y,,,2,Hoburg 68550,Y,2000,364
2000-12-30,2.9,Y,,,2.9,Hoburg 68550,Y,2000,365
2000-12-31,1,Y,,,1,Hoburg 68550,Y,2000,366
2001-01-01,0.9,Y,,,0.9,Hoburg 68550,Y,2001,1
2001-01-02,2.9,Y,,,2.9,Hoburg 68550,Y,2001,2
2001-01-03,4.3,Y,,,4.3,Hoburg 68550,Y,2001,3
2001-01-04,3.9,Y,,,3.9,Hoburg 68550,Y,2001,4
2001-01-05,3.8,Y,,,3.8,Hoburg 68550,Y,2001,5
2001-01-06,4.1,Y,,,4.1,Hoburg 68550,Y,2001,6
2001-01-07,4.8,Y,,,4.8,Hoburg 68550,Y,2001,7
2001-01-08,4.8,Y,,,4.8,Hoburg 68550,Y,2001,8
2001-01-09,4.7,Y,,,4.7,Hoburg 68550,Y,2001,9
2001-01-10,0.4,Y,,,0.4,Hoburg 68550,Y,2001,10
2001-01-11,1.4,Y,,,1.4,Hoburg 68550,Y,2001,11
2001-01-12,0.9,Y,,,0.9,Hoburg 68550,Y,2001,12
2001-01-13,2.4,Y,,,2.4,Hoburg 68550,Y,2001,13
2001-01-14,3.1,Y,,,3.1,Hoburg 68550,Y,2001,14
2001-01-15,0.3,Y,,,0.3,Hoburg 68550,Y,2001,15
2001-01-16,-0.2,Y,,,-0.2,Hoburg 68550,Y,2001,16
2001-01-17,0.4,Y,,,0.4,Hoburg 68550,Y,2001,17
2001-01-18,0.4,Y,,,0.4,Hoburg 68550,Y,2001,18
2001-01-19,0.1,Y,,,0.1,Hoburg 68550,Y,2001,19
2001-01-20,-0.2,Y,,,-0.2,Hoburg 68550,Y,2001,20
2001-01-21,0.4,Y,,,0.4,Hoburg 68550,Y,2001,21
2001-01-22,-1.6,Y,,,-1.6,Hoburg 68550,Y,2001,22
2001-01-23,-0.8,Y,,,-0.8,Hoburg 68550,Y,2001,23
2001-01-24,2.1,Y,,,2.1,Hoburg 68550,Y,2001,24
2001-01-25,3.5,Y,,,3.5,Hoburg 68550,Y,2001,25
2001-01-26,2.8,Y,,,2.8,Hoburg 68550,Y,2001,26
2001-01-27,3,Y,,,3,Hoburg 68550,Y,2001,27
2001-01-28,2.8,Y,,,2.8,Hoburg 68550,Y,2001,28
2001-01-29,1.8,Y,,,1.8,Hoburg 68550,Y,2001,29
2001-01-30,1.4,Y,,,1.4,Hoburg 68550,Y,2001,30
2001-01-31,0,Y,,,0,Hoburg 68550,Y,2001,31
2001-02-01,-2.8,Y,,,-2.8,Hoburg 68550,Y,2001,32
2001-02-02,-4.8,Y,,,-4.8,Hoburg 68550,Y,2001,33
2001-02-03,-8.4,Y,,,-8.4,Hoburg 68550,Y,2001,34
2001-02-04,-9.1,Y,,,-9.1,Hoburg 68550,Y,2001,35
2001-02-05,-7.3,Y,,,-7.3,Hoburg 68550,Y,2001,36
2001-02-06,1.4,Y,,,1.4,Hoburg 68550,Y,2001,37
2001-02-07,4,Y,,,4,Hoburg 68550,Y,2001,38
2001-02-08,3.7,Y,,,3.7,Hoburg 68550,Y,2001,39
2001-02-09,1.7,Y,,,1.7,Hoburg 68550,Y,2001,40
2001-02-10,0.5,Y,,,0.5,Hoburg 68550,Y,2001,41
2001-02-11,1.8,Y,,,1.8,Hoburg 68550,Y,2001,42
2001-02-12,4.7,Y,,,4.7,Hoburg 68550,Y,2001,43
2001-02-13,3.6,Y,,,3.6,Hoburg 68550,Y,2001,44
2001-02-14,3.5,Y,,,3.5,Hoburg 68550,Y,2001,45
2001-02-15,4.4,Y,,,4.4,Hoburg 68550,Y,2001,46
2001-02-16,2.1,Y,,,2.1,Hoburg 68550,Y,2001,47
2001-02-17,1.9,Y,,,1.9,Hoburg 68550,Y,2001,48
2001-02-18,2.7,Y,,,2.7,Hoburg 68550,Y,2001,49
2001-02-19,2.9,Y,,,2.9,Hoburg 68550,Y,2001,50
2001-02-20,2.9,Y,,,2.9,Hoburg 68550,Y,2001,51
2001-02-21,3.2,Y,,,3.2,Hoburg 68550,Y,2001,52
2001-02-22,-2,Y,,,-2,Hoburg 68550,Y,2001,53
2001-02-23,-6.8,Y,,,-6.8,Hoburg 68550,Y,2001,54
2001-02-24,-6.3,Y,,,-6.3,Hoburg 68550,Y,2001,55
2001-02-25,-2.4,Y,,,-2.4,Hoburg 68550,Y,2001,56
2001-02-26,-4.6,Y,,,-4.6,Hoburg 68550,Y,2001,57
2001-02-27,-5.1,Y,,,-5.1,Hoburg 68550,Y,2001,58
2001-02-28,-0.2,Y,,,-0.2,Hoburg 68550,Y,2001,59
2001-03-01,-0.3,Y,,,-0.3,Hoburg 68550,Y,2001,60
2001-03-02,0.6,Y,,,0.6,Hoburg 68550,Y,2001,61
2001-03-03,-2.7,Y,,,-2.7,Hoburg 68550,Y,2001,62
2001-03-04,-3.3,Y,,,-3.3,Hoburg 68550,Y,2001,63
2001-03-05,-0.8,Y,,,-0.8,Hoburg 68550,Y,2001,64
2001-03-06,1.5,Y,,,1.5,Hoburg 68550,Y,2001,65
2001-03-07,1.9,Y,,,1.9,Hoburg 68550,Y,2001,66
2001-03-08,2.3,Y,,,2.3,Hoburg 68550,Y,2001,67
2001-03-09,2.5,Y,,,2.5,Hoburg 68550,Y,2001,68
2001-03-10,3.4,Y,,,3.4,Hoburg 68550,Y,2001,69
2001-03-11,3.6,Y,,,3.6,Hoburg 68550,Y,2001,70
2001-03-12,4,Y,,,4,Hoburg 68550,Y,2001,71
2001-03-13,3,Y,,,3,Hoburg 68550,Y,2001,72
2001-03-14,2,Y,,,2,Hoburg 68550,Y,2001,73
2001-03-15,2.6,Y,,,2.6,Hoburg 68550,Y,2001,74
2001-03-16,0.5,Y,,,0.5,Hoburg 68550,Y,2001,75
2001-03-17,0.1,Y,,,0.1,Hoburg 68550,Y,2001,76
2001-03-18,-3,Y,,,-3,Hoburg 68550,Y,2001,77
2001-03-19,-3.7,Y,,,-3.7,Hoburg 68550,Y,2001,78
2001-03-20,-1.9,Y,,,-1.9,Hoburg 68550,Y,2001,79
2001-03-21,-1.5,Y,,,-1.5,Hoburg 68550,Y,2001,80
2001-03-22,-0.3,Y,,,-0.3,Hoburg 68550,Y,2001,81
2001-03-23,-0.9,Y,,,-0.9,Hoburg 68550,Y,2001,82
2001-03-24,-0.3,Y,,,-0.3,Hoburg 68550,Y,2001,83
2001-03-25,-1.2,Y,,,-1.2,Hoburg 68550,Y,2001,84
2001-03-26,-2,Y,,,-2,Hoburg 68550,Y,2001,85
2001-03-27,-0.5,Y,,,-0.5,Hoburg 68550,Y,2001,86
2001-03-28,0.9,Y,,,0.9,Hoburg 68550,Y,2001,87
2001-03-29,2.8,Y,,,2.8,Hoburg 68550,Y,2001,88
2001-03-30,2.5,Y,,,2.5,Hoburg 68550,Y,2001,89
2001-03-31,2.8,Y,,,2.8,Hoburg 68550,Y,2001,90
2001-04-01,3.9,Y,,,3.9,Hoburg 68550,Y,2001,91
2001-04-02,3.1,Y,,,3.1,Hoburg 68550,Y,2001,92
2001-04-03,4.7,Y,,,4.7,Hoburg 68550,Y,2001,93
2001-04-04,4,Y,,,4,Hoburg 68550,Y,2001,94
2001-04-05,4.6,Y,,,4.6,Hoburg 68550,Y,2001,95
2001-04-06,4.9,Y,,,4.9,Hoburg 68550,Y,2001,96
2001-04-07,4.4,Y,,,4.4,Hoburg 68550,Y,2001,97
2001-04-08,4.9,Y,,,4.9,Hoburg 68550,Y,2001,98
2001-04-09,4.9,Y,,,4.9,Hoburg 68550,Y,2001,99
2001-04-10,4.3,Y,,,4.3,Hoburg 68550,Y,2001,100
2001-04-11,4.4,Y,,,4.4,Hoburg 68550,Y,2001,101
2001-04-12,2.2,Y,,,2.2,Hoburg 68550,Y,2001,102
2001-04-13,1.9,Y,,,1.9,Hoburg 68550,Y,2001,103
2001-04-14,1.1,Y,,,1.1,Hoburg 68550,Y,2001,104
2001-04-15,2,Y,,,2,Hoburg 68550,Y,2001,105
2001-04-16,3.4,Y,,,3.4,Hoburg 68550,Y,2001,106
2001-04-17,3.7,Y,,,3.7,Hoburg 68550,Y,2001,107
2001-04-18,3.5,Y,,,3.5,Hoburg 68550,Y,2001,108
2001-04-19,3.9,Y,,,3.9,Hoburg 68550,Y,2001,109
2001-04-20,4.8,Y,,,4.8,Hoburg 68550,Y,2001,110
2001-04-21,2.8,Y,,,2.8,Hoburg 68550,Y,2001,111
2001-04-22,4.4,Y,,,4.4,Hoburg 68550,Y,2001,112
2001-04-23,6.7,Y,,,6.7,Hoburg 68550,Y,2001,113
2001-04-24,4.8,Y,,,4.8,Hoburg 68550,Y,2001,114
2001-04-25,6.2,Y,,,6.2,Hoburg 68550,Y,2001,115
2001-04-26,5.6,Y,,,5.6,Hoburg 68550,Y,2001,116
2001-04-27,6.4,Y,,,6.4,Hoburg 68550,Y,2001,117
2001-04-28,6.6,Y,,,6.6,Hoburg 68550,Y,2001,118
2001-04-29,6.9,Y,,,6.9,Hoburg 68550,Y,2001,119
2001-04-30,9.6,Y,,,9.6,Hoburg 68550,Y,2001,120
2001-05-01,10.2,Y,,,10.2,Hoburg 68550,Y,2001,121
2001-05-02,8.4,Y,,,8.4,Hoburg 68550,Y,2001,122
2001-05-03,7.9,Y,,,7.9,Hoburg 68550,Y,2001,123
2001-05-04,8.8,Y,,,8.8,Hoburg 68550,Y,2001,124
2001-05-05,6,Y,,,6,Hoburg 68550,Y,2001,125
2001-05-06,5.8,Y,,,5.8,Hoburg 68550,Y,2001,126
2001-05-07,9.4,Y,,,9.4,Hoburg 68550,Y,2001,127
2001-05-08,11.3,Y,,,11.3,Hoburg 68550,Y,2001,128
2001-05-09,10.9,Y,,,10.9,Hoburg 68550,Y,2001,129
2001-05-10,10.7,Y,,,10.7,Hoburg 68550,Y,2001,130
2001-05-11,9.3,Y,,,9.3,Hoburg 68550,Y,2001,131
2001-05-12,9.5,Y,,,9.5,Hoburg 68550,Y,2001,132
2001-05-13,9.3,Y,,,9.3,Hoburg 68550,Y,2001,133
2001-05-14,9.3,Y,,,9.3,Hoburg 68550,Y,2001,134
2001-05-15,9.5,Y,,,9.5,Hoburg 68550,Y,2001,135
2001-05-16,8.9,Y,,,8.9,Hoburg 68550,Y,2001,136
2001-05-17,9.7,Y,,,9.7,Hoburg 68550,Y,2001,137
2001-05-18,9.3,Y,,,9.3,Hoburg 68550,Y,2001,138
2001-05-19,9.2,Y,,,9.2,Hoburg 68550,Y,2001,139
2001-05-20,9.9,Y,,,9.9,Hoburg 68550,Y,2001,140
2001-05-21,8.9,Y,,,8.9,Hoburg 68550,Y,2001,141
2001-05-22,10.4,Y,,,10.4,Hoburg 68550,Y,2001,142
2001-05-23,10.6,Y,,,10.6,Hoburg 68550,Y,2001,143
2001-05-24,10.7,Y,,,10.7,Hoburg 68550,Y,2001,144
2001-05-25,9.2,Y,,,9.2,Hoburg 68550,Y,2001,145
2001-05-26,9.8,Y,,,9.8,Hoburg 68550,Y,2001,146
2001-05-27,12.2,Y,,,12.2,Hoburg 68550,Y,2001,147
2001-05-28,11.7,Y,,,11.7,Hoburg 68550,Y,2001,148
2001-05-29,7.7,Y,,,7.7,Hoburg 68550,Y,2001,149
2001-05-30,7.3,Y,,,7.3,Hoburg 68550,Y,2001,150
2001-05-31,9.1,Y,,,9.1,Hoburg 68550,Y,2001,151
2001-06-01,10.2,Y,,,10.2,Hoburg 68550,Y,2001,152
2001-06-02,10.5,Y,,,10.5,Hoburg 68550,Y,2001,153
2001-06-03,10.7,Y,,,10.7,Hoburg 68550,Y,2001,154
2001-06-04,11.4,Y,,,11.4,Hoburg 68550,Y,2001,155
2001-06-05,12,Y,,,12,Hoburg 68550,Y,2001,156
2001-06-06,11.9,Y,,,11.9,Hoburg 68550,Y,2001,157
2001-06-07,12.5,Y,,,12.5,Hoburg 68550,Y,2001,158
2001-06-08,11.7,Y,,,11.7,Hoburg 68550,Y,2001,159
2001-06-09,11.7,Y,,,11.7,Hoburg 68550,Y,2001,160
2001-06-10,11.9,Y,,,11.9,Hoburg 68550,Y,2001,161
2001-06-11,10.8,Y,,,10.8,Hoburg 68550,Y,2001,162
2001-06-12,11.7,Y,,,11.7,Hoburg 68550,Y,2001,163
2001-06-13,13.2,Y,,,13.2,Hoburg 68550,Y,2001,164
2001-06-14,13.5,Y,,,13.5,Hoburg 68550,Y,2001,165
2001-06-15,13.3,Y,,,13.3,Hoburg 68550,Y,2001,166
2001-06-16,11.8,Y,,,11.8,Hoburg 68550,Y,2001,167
2001-06-17,12.5,Y,,,12.5,Hoburg 68550,Y,2001,168
2001-06-18,12.6,Y,,,12.6,Hoburg 68550,Y,2001,169
2001-06-19,12.1,Y,,,12.1,Hoburg 68550,Y,2001,170
2001-06-20,13.3,Y,,,13.3,Hoburg 68550,Y,2001,171
2001-06-21,13,Y,,,13,Hoburg 68550,Y,2001,172
2001-06-22,12.4,Y,,,12.4,Hoburg 68550,Y,2001,173
2001-06-23,12.9,Y,,,12.9,Hoburg 68550,Y,2001,174
2001-06-24,15.1,Y,,,15.1,Hoburg 68550,Y,2001,175
2001-06-25,16.2,Y,,,16.2,Hoburg 68550,Y,2001,176
2001-06-26,17,Y,,,17,Hoburg 68550,Y,2001,177
2001-06-27,18.2,Y,,,18.2,Hoburg 68550,Y,2001,178
2001-06-28,16.8,Y,,,16.8,Hoburg 68550,Y,2001,179
2001-06-29,16.4,Y,,,16.4,Hoburg 68550,Y,2001,180
2001-06-30,17.4,Y,,,17.4,Hoburg 68550,Y,2001,181
2001-07-01,16.6,Y,,,16.6,Hoburg 68550,Y,2001,182
2001-07-02,17.1,Y,,,17.1,Hoburg 68550,Y,2001,183
2001-07-03,18.3,Y,,,18.3,Hoburg 68550,Y,2001,184
2001-07-04,19.6,Y,,,19.6,Hoburg 68550,Y,2001,185
2001-07-05,20.4,Y,,,20.4,Hoburg 68550,Y,2001,186
2001-07-06,21.6,Y,,,21.6,Hoburg 68550,Y,2001,187
2001-07-07,22.4,Y,,,22.4,Hoburg 68550,Y,2001,188
2001-07-08,22.9,Y,,,22.9,Hoburg 68550,Y,2001,189
2001-07-09,22.9,Y,,,22.9,Hoburg 68550,Y,2001,190
2001-07-10,20.6,Y,,,20.6,Hoburg 68550,Y,2001,191
2001-07-11,18.5,Y,,,18.5,Hoburg 68550,Y,2001,192
2001-07-12,18,Y,,,18,Hoburg 68550,Y,2001,193
2001-07-13,16.3,Y,,,16.3,Hoburg 68550,Y,2001,194
2001-07-14,17.6,Y,,,17.6,Hoburg 68550,Y,2001,195
2001-07-15,18.3,Y,,,18.3,Hoburg 68550,Y,2001,196
2001-07-16,16.8,Y,,,16.8,Hoburg 68550,Y,2001,197
2001-07-17,15.6,Y,,,15.6,Hoburg 68550,Y,2001,198
2001-07-18,14.5,Y,,,14.5,Hoburg 68550,Y,2001,199
2001-07-19,16.5,Y,,,16.5,Hoburg 68550,Y,2001,200
2001-07-20,17.9,Y,,,17.9,Hoburg 68550,Y,2001,201
2001-07-21,18.5,Y,,,18.5,Hoburg 68550,Y,2001,202
2001-07-22,17.6,Y,,,17.6,Hoburg 68550,Y,2001,203
2001-07-23,19.6,Y,,,19.6,Hoburg 68550,Y,2001,204
2001-07-24,20.4,Y,,,20.4,Hoburg 68550,Y,2001,205
2001-07-25,20.5,Y,,,20.5,Hoburg 68550,Y,2001,206
2001-07-26,21.3,Y,,,21.3,Hoburg 68550,Y,2001,207
2001-07-27,21.2,Y,,,21.2,Hoburg 68550,Y,2001,208
2001-07-28,20.9,Y,,,20.9,Hoburg 68550,Y,2001,209
2001-07-29,22.1,Y,,,22.1,Hoburg 68550,Y,2001,210
2001-07-30,21,Y,,,21,Hoburg 68550,Y,2001,211
2001-07-31,17.9,Y,,,17.9,Hoburg 68550,Y,2001,212
2001-08-01,18.2,Y,,,18.2,Hoburg 68550,Y,2001,213
2001-08-02,17.9,Y,,,17.9,Hoburg 68550,Y,2001,214
2001-08-03,17.7,Y,,,17.7,Hoburg 68550,Y,2001,215
2001-08-04,18.7,Y,,,18.7,Hoburg 68550,Y,2001,216
2001-08-05,17.8,Y,,,17.8,Hoburg 68550,Y,2001,217
2001-08-06,16.9,Y,,,16.9,Hoburg 68550,Y,2001,218
2001-08-07,17.5,Y,,,17.5,Hoburg 68550,Y,2001,219
2001-08-08,16.9,Y,,,16.9,Hoburg 68550,Y,2001,220
2001-08-09,17.9,Y,,,17.9,Hoburg 68550,Y,2001,221
2001-08-10,17,Y,,,17,Hoburg 68550,Y,2001,222
2001-08-11,15.7,Y,,,15.7,Hoburg 68550,Y,2001,223
2001-08-12,15.3,Y,,,15.3,Hoburg 68550,Y,2001,224
2001-08-13,16.7,Y,,,16.7,Hoburg 68550,Y,2001,225
2001-08-14,18.1,Y,,,18.1,Hoburg 68550,Y,2001,226
2001-08-15,19.4,Y,,,19.4,Hoburg 68550,Y,2001,227
2001-08-16,19.6,Y,,,19.6,Hoburg 68550,Y,2001,228
2001-08-17,19.1,Y,,,19.1,Hoburg 68550,Y,2001,229
2001-08-18,18.3,Y,,,18.3,Hoburg 68550,Y,2001,230
2001-08-19,17.8,Y,,,17.8,Hoburg 68550,Y,2001,231
2001-08-20,18.4,Y,,,18.4,Hoburg 68550,Y,2001,232
2001-08-21,18.8,Y,,,18.8,Hoburg 68550,Y,2001,233
2001-08-22,18.3,Y,,,18.3,Hoburg 68550,Y,2001,234
2001-08-23,17.3,Y,,,17.3,Hoburg 68550,Y,2001,235
2001-08-24,16.3,Y,,,16.3,Hoburg 68550,Y,2001,236
2001-08-25,17.9,Y,,,17.9,Hoburg 68550,Y,2001,237
2001-08-26,18.5,Y,,,18.5,Hoburg 68550,Y,2001,238
2001-08-27,16.4,Y,,,16.4,Hoburg 68550,Y,2001,239
2001-08-28,11.6,Y,,,11.6,Hoburg 68550,Y,2001,240
2001-08-29,14.6,Y,,,14.6,Hoburg 68550,Y,2001,241
2001-08-30,15.3,Y,,,15.3,Hoburg 68550,Y,2001,242
2001-08-31,16.5,Y,,,16.5,Hoburg 68550,Y,2001,243
2001-09-01,16.3,Y,,,16.3,Hoburg 68550,Y,2001,244
2001-09-02,15.6,Y,,,15.6,Hoburg 68550,Y,2001,245
2001-09-03,16.1,Y,,,16.1,Hoburg 68550,Y,2001,246
2001-09-04,15.5,Y,,,15.5,Hoburg 68550,Y,2001,247
2001-09-05,15.2,Y,,,15.2,Hoburg 68550,Y,2001,248
2001-09-06,16,Y,,,16,Hoburg 68550,Y,2001,249
2001-09-07,15,Y,,,15,Hoburg 68550,Y,2001,250
2001-09-08,13.6,Y,,,13.6,Hoburg 68550,Y,2001,251
2001-09-09,12.9,Y,,,12.9,Hoburg 68550,Y,2001,252
2001-09-10,11.4,Y,,,11.4,Hoburg 68550,Y,2001,253
2001-09-11,13,Y,,,13,Hoburg 68550,Y,2001,254
2001-09-12,12.3,Y,,,12.3,Hoburg 68550,Y,2001,255
2001-09-13,13.7,Y,,,13.7,Hoburg 68550,Y,2001,256
2001-09-14,13.7,Y,,,13.7,Hoburg 68550,Y,2001,257
2001-09-15,13.8,Y,,,13.8,Hoburg 68550,Y,2001,258
2001-09-16,13.5,Y,,,13.5,Hoburg 68550,Y,2001,259
2001-09-17,14.8,Y,,,14.8,Hoburg 68550,Y,2001,260
2001-09-18,14.9,Y,,,14.9,Hoburg 68550,Y,2001,261
2001-09-19,12.7,Y,,,12.7,Hoburg 68550,Y,2001,262
2001-09-20,11.9,Y,,,11.9,Hoburg 68550,Y,2001,263
2001-09-21,13.4,Y,,,13.4,Hoburg 68550,Y,2001,264
2001-09-22,13.7,Y,,,13.7,Hoburg 68550,Y,2001,265
2001-09-23,12.8,Y,,,12.8,Hoburg 68550,Y,2001,266
2001-09-24,11.3,Y,,,11.3,Hoburg 68550,Y,2001,267
2001-09-25,10.1,Y,,,10.1,Hoburg 68550,Y,2001,268
2001-09-26,10.3,Y,,,10.3,Hoburg 68550,Y,2001,269
2001-09-27,10,Y,,,10,Hoburg 68550,Y,2001,270
2001-09-28,11,Y,,,11,Hoburg 68550,Y,2001,271
2001-09-29,8.4,Y,,,8.4,Hoburg 68550,Y,2001,272
2001-09-30,8.3,Y,,,8.3,Hoburg 68550,Y,2001,273
2001-10-01,12.3,Y,,,12.3,Hoburg 68550,Y,2001,274
2001-10-02,13.2,Y,,,13.2,Hoburg 68550,Y,2001,275
2001-10-03,12.8,Y,,,12.8,Hoburg 68550,Y,2001,276
2001-10-04,12.6,Y,,,12.6,Hoburg 68550,Y,2001,277
2001-10-05,11.9,Y,,,11.9,Hoburg 68550,Y,2001,278
2001-10-06,10.5,Y,,,10.5,Hoburg 68550,Y,2001,279
2001-10-07,11.9,Y,,,11.9,Hoburg 68550,Y,2001,280
2001-10-08,11.7,Y,,,11.7,Hoburg 68550,Y,2001,281
2001-10-09,12.2,Y,,,12.2,Hoburg 68550,Y,2001,282
2001-10-10,12.7,Y,,,12.7,Hoburg 68550,Y,2001,283
2001-10-11,11.3,Y,,,11.3,Hoburg 68550,Y,2001,284
2001-10-12,12,Y,,,12,Hoburg 68550,Y,2001,285
2001-10-13,12.5,Y,,,12.5,Hoburg 68550,Y,2001,286
2001-10-14,11.9,Y,,,11.9,Hoburg 68550,Y,2001,287
2001-10-15,10.5,Y,,,10.5,Hoburg 68550,Y,2001,288
2001-10-16,10.8,Y,,,10.8,Hoburg 68550,Y,2001,289
2001-10-17,10.7,Y,,,10.7,Hoburg 68550,Y,2001,290
2001-10-18,10.8,Y,,,10.8,Hoburg 68550,Y,2001,291
2001-10-19,9.7,Y,,,9.7,Hoburg 68550,Y,2001,292
2001-10-20,9.3,Y,,,9.3,Hoburg 68550,Y,2001,293
2001-10-21,9.1,Y,,,9.1,Hoburg 68550,Y,2001,294
2001-10-22,8.2,Y,,,8.2,Hoburg 68550,Y,2001,295
2001-10-23,5.7,Y,,,5.7,Hoburg 68550,Y,2001,296
2001-10-24,6.5,Y,,,6.5,Hoburg 68550,Y,2001,297
2001-10-25,6.8,Y,,,6.8,Hoburg 68550,Y,2001,298
2001-10-26,9.8,Y,,,9.8,Hoburg 68550,Y,2001,299
2001-10-27,10.2,Y,,,10.2,Hoburg 68550,Y,2001,300
2001-10-28,10.3,Y,,,10.3,Hoburg 68550,Y,2001,301
2001-10-29,8.8,Y,,,8.8,Hoburg 68550,Y,2001,302
2001-10-30,10.4,Y,,,10.4,Hoburg 68550,Y,2001,303
2001-10-31,10.8,Y,,,10.8,Hoburg 68550,Y,2001,304
2001-11-01,7.4,Y,,,7.4,Hoburg 68550,Y,2001,305
2001-11-02,6.2,Y,,,6.2,Hoburg 68550,Y,2001,306
2001-11-03,9.4,Y,,,9.4,Hoburg 68550,Y,2001,307
2001-11-04,8,Y,,,8,Hoburg 68550,Y,2001,308
2001-11-05,5.3,Y,,,5.3,Hoburg 68550,Y,2001,309
2001-11-06,6.1,Y,,,6.1,Hoburg 68550,Y,2001,310
2001-11-07,4.4,Y,,,4.4,Hoburg 68550,Y,2001,311
2001-11-08,3,Y,,,3,Hoburg 68550,Y,2001,312
2001-11-09,2.9,Y,,,2.9,Hoburg 68550,Y,2001,313
2001-11-10,4.3,Y,,,4.3,Hoburg 68550,Y,2001,314
2001-11-11,7.4,Y,,,7.4,Hoburg 68550,Y,2001,315
2001-11-12,5,Y,,,5,Hoburg 68550,Y,2001,316
2001-11-13,3.5,Y,,,3.5,Hoburg 68550,Y,2001,317
2001-11-14,2.2,Y,,,2.2,Hoburg 68550,Y,2001,318
2001-11-15,6.4,Y,,,6.4,Hoburg 68550,Y,2001,319
2001-11-16,4.2,Y,,,4.2,Hoburg 68550,Y,2001,320
2001-11-17,5.8,Y,,,5.8,Hoburg 68550,Y,2001,321
2001-11-18,5.5,Y,,,5.5,Hoburg 68550,Y,2001,322
2001-11-19,3.7,Y,,,3.7,Hoburg 68550,Y,2001,323
2001-11-20,4.4,Y,,,4.4,Hoburg 68550,Y,2001,324
2001-11-21,5.9,Y,,,5.9,Hoburg 68550,Y,2001,325
2001-11-22,4.1,Y,,,4.1,Hoburg 68550,Y,2001,326
2001-11-23,1,Y,,,1,Hoburg 68550,Y,2001,327
2001-11-24,1.7,Y,,,1.7,Hoburg 68550,Y,2001,328
2001-11-25,2,Y,,,2,Hoburg 68550,Y,2001,329
2001-11-26,2.3,Y,,,2.3,Hoburg 68550,Y,2001,330
2001-11-27,3.3,Y,,,3.3,Hoburg 68550,Y,2001,331
2001-11-28,3,Y,,,3,Hoburg 68550,Y,2001,332
2001-11-29,2.5,Y,,,2.5,Hoburg 68550,Y,2001,333
2001-11-30,2.8,Y,,,2.8,Hoburg 68550,Y,2001,334
2001-12-01,2.2,Y,,,2.2,Hoburg 68550,Y,2001,335
2001-12-02,3.4,Y,,,3.4,Hoburg 68550,Y,2001,336
2001-12-03,3.1,Y,,,3.1,Hoburg 68550,Y,2001,337
2001-12-04,0.9,Y,,,0.9,Hoburg 68550,Y,2001,338
2001-12-05,1.8,Y,,,1.8,Hoburg 68550,Y,2001,339
2001-12-06,4.3,Y,,,4.3,Hoburg 68550,Y,2001,340
2001-12-07,3.4,Y,,,3.4,Hoburg 68550,Y,2001,341
2001-12-08,3,Y,,,3,Hoburg 68550,Y,2001,342
2001-12-09,4.5,Y,,,4.5,Hoburg 68550,Y,2001,343
2001-12-10,4.6,Y,,,4.6,Hoburg 68550,Y,2001,344
2001-12-11,4.7,Y,,,4.7,Hoburg 68550,Y,2001,345
2001-12-12,2,Y,,,2,Hoburg 68550,Y,2001,346
2001-12-13,-1.4,Y,,,-1.4,Hoburg 68550,Y,2001,347
2001-12-14,2.9,Y,,,2.9,Hoburg 68550,Y,2001,348
2001-12-15,1.2,Y,,,1.2,Hoburg 68550,Y,2001,349
2001-12-16,1.5,Y,,,1.5,Hoburg 68550,Y,2001,350
2001-12-17,3.4,Y,,,3.4,Hoburg 68550,Y,2001,351
2001-12-18,3.8,Y,,,3.8,Hoburg 68550,Y,2001,352
2001-12-19,1.3,Y,,,1.3,Hoburg 68550,Y,2001,353
2001-12-20,-3.2,Y,,,-3.2,Hoburg 68550,Y,2001,354
2001-12-21,-1.1,Y,,,-1.1,Hoburg 68550,Y,2001,355
2001-12-22,-4.4,Y,,,-4.4,Hoburg 68550,Y,2001,356
2001-12-23,-8.5,Y,,,-8.5,Hoburg 68550,Y,2001,357
2001-12-24,-2.3,Y,,,-2.3,Hoburg 68550,Y,2001,358
2001-12-25,1.6,Y,,,1.6,Hoburg 68550,Y,2001,359
2001-12-26,-1,Y,,,-1,Hoburg 68550,Y,2001,360
2001-12-27,-3.2,Y,,,-3.2,Hoburg 68550,Y,2001,361
2001-12-28,-0.1,Y,,,-0.1,Hoburg 68550,Y,2001,362
2001-12-29,-0.8,Y,,,-0.8,Hoburg 68550,Y,2001,363
2001-12-30,-3.4,Y,,,-3.4,Hoburg 68550,Y,2001,364
2001-12-31,-6.4,Y,,,-6.4,Hoburg 68550,Y,2001,365
2002-01-01,-1.3,Y,,,-1.3,Hoburg 68550,Y,2002,1
2002-01-02,-4.1,Y,,,-4.1,Hoburg 68550,Y,2002,2
2002-01-03,-4,Y,,,-4,Hoburg 68550,Y,2002,3
2002-01-04,-0.8,Y,,,-0.8,Hoburg 68550,Y,2002,4
2002-01-05,1.1,Y,,,1.1,Hoburg 68550,Y,2002,5
2002-01-06,1.2,Y,,,1.2,Hoburg 68550,Y,2002,6
2002-01-07,1.2,Y,,,1.2,Hoburg 68550,Y,2002,7
2002-01-08,2.1,Y,,,2.1,Hoburg 68550,Y,2002,8
2002-01-09,2.6,Y,,,2.6,Hoburg 68550,Y,2002,9
2002-01-10,2.7,Y,,,2.7,Hoburg 68550,Y,2002,10
2002-01-11,2.1,Y,,,2.1,Hoburg 68550,Y,2002,11
2002-01-12,0,Y,,,0,Hoburg 68550,Y,2002,12
2002-01-13,2.2,Y,,,2.2,Hoburg 68550,Y,2002,13
2002-01-14,1.3,Y,,,1.3,Hoburg 68550,Y,2002,14
2002-01-15,0.7,Y,,,0.7,Hoburg 68550,Y,2002,15
2002-01-16,0.6,Y,,,0.6,Hoburg 68550,Y,2002,16
2002-01-17,2.3,Y,,,2.3,Hoburg 68550,Y,2002,17
2002-01-18,2.1,Y,,,2.1,Hoburg 68550,Y,2002,18
2002-01-19,2.5,Y,,,2.5,Hoburg 68550,Y,2002,19
2002-01-20,3.2,Y,,,3.2,Hoburg 68550,Y,2002,20
2002-01-21,3.4,Y,,,3.4,Hoburg 68550,Y,2002,21
2002-01-22,3.6,Y,,,3.6,Hoburg 68550,Y,2002,22
2002-01-23,4,Y,,,4,Hoburg 68550,Y,2002,23
2002-01-24,3.6,Y,,,3.6,Hoburg 68550,Y,2002,24
2002-01-25,-0.3,Y,,,-0.3,Hoburg 68550,Y,2002,25
2002-01-26,0.5,Y,,,0.5,Hoburg 68550,Y,2002,26
2002-01-27,1.7,Y,,,1.7,Hoburg 68550,Y,2002,27
2002-01-28,2.7,Y,,,2.7,Hoburg 68550,Y,2002,28
2002-01-29,3.7,Y,,,3.7,Hoburg 68550,Y,2002,29
2002-01-30,1.2,Y,,,1.2,Hoburg 68550,Y,2002,30
2002-01-31,3.3,Y,,,3.3,Hoburg 68550,Y,2002,31
2002-02-01,3.7,Y,,,3.7,Hoburg 68550,Y,2002,32
2002-02-02,4.6,Y,,,4.6,Hoburg 68550,Y,2002,33
2002-02-03,4.1,Y,,,4.1,Hoburg 68550,Y,2002,34
2002-02-04,4.1,Y,,,4.1,Hoburg 68550,Y,2002,35
2002-02-05,3.6,Y,,,3.6,Hoburg 68550,Y,2002,36
2002-02-06,3.1,Y,,,3.1,Hoburg 68550,Y,2002,37
2002-02-07,3.3,Y,,,3.3,Hoburg 68550,Y,2002,38
2002-02-08,3.4,Y,,,3.4,Hoburg 68550,Y,2002,39
2002-02-09,4,Y,,,4,Hoburg 68550,Y,2002,40
2002-02-10,4,Y,,,4,Hoburg 68550,Y,2002,41
2002-02-11,3.6,Y,,,3.6,Hoburg 68550,Y,2002,42
2002-02-12,4.3,Y,,,4.3,Hoburg 68550,Y,2002,43
2002-02-13,0.8,Y,,,0.8,Hoburg 68550,Y,2002,44
2002-02-14,0.9,Y,,,0.9,Hoburg 68550,Y,2002,45
2002-02-15,2.2,Y,,,2.2,Hoburg 68550,Y,2002,46
2002-02-16,2.9,Y,,,2.9,Hoburg 68550,Y,2002,47
2002-02-17,2.8,Y,,,2.8,Hoburg 68550,Y,2002,48
2002-02-18,2,Y,,,2,Hoburg 68550,Y,2002,49
2002-02-19,0.4,Y,,,0.4,Hoburg 68550,Y,2002,50
2002-02-20,-2.7,Y,,,-2.7,Hoburg 68550,Y,2002,51
2002-02-21,-2.2,Y,,,-2.2,Hoburg 68550,Y,2002,52
2002-02-22,-0.2,Y,,,-0.2,Hoburg 68550,Y,2002,53
2002-02-23,1.5,Y,,,1.5,Hoburg 68550,Y,2002,54
2002-02-24,0.8,Y,,,0.8,Hoburg 68550,Y,2002,55
2002-02-25,0.4,Y,,,0.4,Hoburg 68550,Y,2002,56
2002-02-26,1.4,Y,,,1.4,Hoburg 68550,Y,2002,57
2002-02-27,2.4,Y,,,2.4,Hoburg 68550,Y,2002,58
2002-02-28,2.7,Y,,,2.7,Hoburg 68550,Y,2002,59
2002-03-01,0,Y,,,0,Hoburg 68550,Y,2002,60
2002-03-02,0.9,Y,,,0.9,Hoburg 68550,Y,2002,61
2002-03-03,-1.1,Y,,,-1.1,Hoburg 68550,Y,2002,62
2002-03-04,2.4,Y,,,2.4,Hoburg 68550,Y,2002,63
2002-03-05,3.9,Y,,,3.9,Hoburg 68550,Y,2002,64
2002-03-06,3.1,Y,,,3.1,Hoburg 68550,Y,2002,65
2002-03-07,1.6,Y,,,1.6,Hoburg 68550,Y,2002,66
2002-03-08,2.6,Y,,,2.6,Hoburg 68550,Y,2002,67
2002-03-09,4.4,Y,,,4.4,Hoburg 68550,Y,2002,68
2002-03-10,3.4,Y,,,3.4,Hoburg 68550,Y,2002,69
2002-03-11,4.1,Y,,,4.1,Hoburg 68550,Y,2002,70
2002-03-12,4.1,Y,,,4.1,Hoburg 68550,Y,2002,71
2002-03-13,3,Y,,,3,Hoburg 68550,Y,2002,72
2002-03-14,0.2,Y,,,0.2,Hoburg 68550,Y,2002,73
2002-03-15,-0.5,Y,,,-0.5,Hoburg 68550,Y,2002,74
2002-03-16,2.2,Y,,,2.2,Hoburg 68550,Y,2002,75
2002-03-17,2.1,Y,,,2.1,Hoburg 68550,Y,2002,76
2002-03-18,3.4,Y,,,3.4,Hoburg 68550,Y,2002,77
2002-03-19,4.1,Y,,,4.1,Hoburg 68550,Y,2002,78
2002-03-20,3.5,Y,,,3.5,Hoburg 68550,Y,2002,79
2002-03-21,2.2,Y,,,2.2,Hoburg 68550,Y,2002,80
2002-03-22,1.9,Y,,,1.9,Hoburg 68550,Y,2002,81
2002-03-23,2.1,Y,,,2.1,Hoburg 68550,Y,2002,82
2002-03-24,0.4,Y,,,0.4,Hoburg 68550,Y,2002,83
2002-03-25,0.3,Y,,,0.3,Hoburg 68550,Y,2002,84
2002-03-26,1.6,Y,,,1.6,Hoburg 68550,Y,2002,85
2002-03-27,2.9,Y,,,2.9,Hoburg 68550,Y,2002,86
2002-03-28,4.3,Y,,,4.3,Hoburg 68550,Y,2002,87
2002-03-29,5.6,Y,,,5.6,Hoburg 68550,Y,2002,88
2002-03-30,3.9,Y,,,3.9,Hoburg 68550,Y,2002,89
2002-03-31,4.9,Y,,,4.9,Hoburg 68550,Y,2002,90
2002-04-01,5.8,Y,,,5.8,Hoburg 68550,Y,2002,91
2002-04-02,3.7,Y,,,3.7,Hoburg 68550,Y,2002,92
2002-04-03,3,Y,,,3,Hoburg 68550,Y,2002,93
2002-04-04,1.8,Y,,,1.8,Hoburg 68550,Y,2002,94
2002-04-05,1.9,Y,,,1.9,Hoburg 68550,Y,2002,95
2002-04-06,1.9,Y,,,1.9,Hoburg 68550,Y,2002,96
2002-04-07,1.7,Y,,,1.7,Hoburg 68550,Y,2002,97
2002-04-08,2.9,Y,,,2.9,Hoburg 68550,Y,2002,98
2002-04-09,3.9,Y,,,3.9,Hoburg 68550,Y,2002,99
2002-04-10,4.7,Y,,,4.7,Hoburg 68550,Y,2002,100
2002-04-11,5.1,Y,,,5.1,Hoburg 68550,Y,2002,101
2002-04-12,6.7,Y,,,6.7,Hoburg 68550,Y,2002,102
2002-04-13,6,Y,,,6,Hoburg 68550,Y,2002,103
2002-04-14,5.5,Y,,,5.5,Hoburg 68550,Y,2002,104
2002-04-15,5.2,Y,,,5.2,Hoburg 68550,Y,2002,105
2002-04-16,3.7,Y,,,3.7,Hoburg 68550,Y,2002,106
2002-04-17,4.4,Y,,,4.4,Hoburg 68550,Y,2002,107
2002-04-18,3.2,Y,,,3.2,Hoburg 68550,Y,2002,108
2002-04-19,4.5,Y,,,4.5,Hoburg 68550,Y,2002,109
2002-04-20,3.1,Y,,,3.1,Hoburg 68550,Y,2002,110
2002-04-21,7.5,Y,,,7.5,Hoburg 68550,Y,2002,111
2002-04-22,7.8,Y,,,7.8,Hoburg 68550,Y,2002,112
2002-04-23,6.9,Y,,,6.9,Hoburg 68550,Y,2002,113
2002-04-24,8.1,Y,,,8.1,Hoburg 68550,Y,2002,114
2002-04-25,5.9,Y,,,5.9,Hoburg 68550,Y,2002,115
2002-04-26,5.6,Y,,,5.6,Hoburg 68550,Y,2002,116
2002-04-27,6,Y,,,6,Hoburg 68550,Y,2002,117
2002-04-28,5.5,Y,,,5.5,Hoburg 68550,Y,2002,118
2002-04-29,6.3,Y,,,6.3,Hoburg 68550,Y,2002,119
2002-04-30,6.7,Y,,,6.7,Hoburg 68550,Y,2002,120
2002-05-01,6.9,Y,,,6.9,Hoburg 68550,Y,2002,121
2002-05-02,9.7,Y,,,9.7,Hoburg 68550,Y,2002,122
2002-05-03,9,Y,,,9,Hoburg 68550,Y,2002,123
2002-05-04,10.6,Y,,,10.6,Hoburg 68550,Y,2002,124
2002-05-05,10.4,Y,,,10.4,Hoburg 68550,Y,2002,125
2002-05-06,8.4,Y,,,8.4,Hoburg 68550,Y,2002,126
2002-05-07,10.7,Y,,,10.7,Hoburg 68550,Y,2002,127
2002-05-08,12.5,Y,,,12.5,Hoburg 68550,Y,2002,128
2002-05-09,12.3,Y,,,12.3,Hoburg 68550,Y,2002,129
2002-05-10,11.3,Y,,,11.3,Hoburg 68550,Y,2002,130
2002-05-11,12.6,Y,,,12.6,Hoburg 68550,Y,2002,131
2002-05-12,11.2,Y,,,11.2,Hoburg 68550,Y,2002,132
2002-05-13,10.3,Y,,,10.3,Hoburg 68550,Y,2002,133
2002-05-14,10.7,Y,,,10.7,Hoburg 68550,Y,2002,134
2002-05-15,10.2,Y,,,10.2,Hoburg 68550,Y,2002,135
2002-05-16,9.4,Y,,,9.4,Hoburg 68550,Y,2002,136
2002-05-17,10.3,Y,,,10.3,Hoburg 68550,Y,2002,137
2002-05-18,9.5,Y,,,9.5,Hoburg 68550,Y,2002,138
2002-05-19,9.1,Y,,,9.1,Hoburg 68550,Y,2002,139
2002-05-20,8.2,Y,,,8.2,Hoburg 68550,Y,2002,140
2002-05-21,10.1,Y,,,10.1,Hoburg 68550,Y,2002,141
2002-05-22,13.1,Y,,,13.1,Hoburg 68550,Y,2002,142
2002-05-23,14.8,Y,,,14.8,Hoburg 68550,Y,2002,143
2002-05-24,15.8,Y,,,15.8,Hoburg 68550,Y,2002,144
2002-05-25,12.1,Y,,,12.1,Hoburg 68550,Y,2002,145
2002-05-26,12.9,Y,,,12.9,Hoburg 68550,Y,2002,146
2002-05-27,13,Y,,,13,Hoburg 68550,Y,2002,147
2002-05-28,13.4,Y,,,13.4,Hoburg 68550,Y,2002,148
2002-05-29,14.6,Y,,,14.6,Hoburg 68550,Y,2002,149
2002-05-30,13.4,Y,,,13.4,Hoburg 68550,Y,2002,150
2002-05-31,13.3,Y,,,13.3,Hoburg 68550,Y,2002,151
2002-06-01,13.2,Y,,,13.2,Hoburg 68550,Y,2002,152
2002-06-02,15.7,Y,,,15.7,Hoburg 68550,Y,2002,153
2002-06-03,16.9,Y,,,16.9,Hoburg 68550,Y,2002,154
2002-06-04,16.9,Y,,,16.9,Hoburg 68550,Y,2002,155
2002-06-05,18.4,Y,,,18.4,Hoburg 68550,Y,2002,156
2002-06-06,17.4,Y,,,17.4,Hoburg 68550,Y,2002,157
2002-06-07,16.8,Y,,,16.8,Hoburg 68550,Y,2002,158
2002-06-08,18.5,Y,,,18.5,Hoburg 68550,Y,2002,159
2002-06-09,19.3,Y,,,19.3,Hoburg 68550,Y,2002,160
2002-06-10,18.4,Y,,,18.4,Hoburg 68550,Y,2002,161
2002-06-11,16.1,Y,,,16.1,Hoburg 68550,Y,2002,162
2002-06-12,15.4,Y,,,15.4,Hoburg 68550,Y,2002,163
2002-06-13,13.9,Y,,,13.9,Hoburg 68550,Y,2002,164
2002-06-14,13.6,Y,,,13.6,Hoburg 68550,Y,2002,165
2002-06-15,14.9,Y,,,14.9,Hoburg 68550,Y,2002,166
2002-06-16,15.2,Y,,,15.2,Hoburg 68550,Y,2002,167
2002-06-17,16.7,Y,,,16.7,Hoburg 68550,Y,2002,168
2002-06-18,17.9,Y,,,17.9,Hoburg 68550,Y,2002,169
2002-06-19,18.9,Y,,,18.9,Hoburg 68550,Y,2002,170
2002-06-20,16.9,Y,,,16.9,Hoburg 68550,Y,2002,171
2002-06-21,16.4,Y,,,16.4,Hoburg 68550,Y,2002,172
2002-06-22,16,Y,,,16,Hoburg 68550,Y,2002,173
2002-06-23,15.2,Y,,,15.2,Hoburg 68550,Y,2002,174
2002-06-24,14.6,Y,,,14.6,Hoburg 68550,Y,2002,175
2002-06-25,16.5,Y,,,16.5,Hoburg 68550,Y,2002,176
2002-06-26,15.6,Y,,,15.6,Hoburg 68550,Y,2002,177
2002-06-27,15.3,Y,,,15.3,Hoburg 68550,Y,2002,178
2002-06-28,14.2,Y,,,14.2,Hoburg 68550,Y,2002,179
2002-06-29,14.9,Y,,,14.9,Hoburg 68550,Y,2002,180
2002-06-30,13.8,Y,,,13.8,Hoburg 68550,Y,2002,181
2002-07-01,13.9,Y,,,13.9,Hoburg 68550,Y,2002,182
2002-07-02,15.2,Y,,,15.2,Hoburg 68550,Y,2002,183
2002-07-03,15,Y,,,15,Hoburg 68550,Y,2002,184
2002-07-04,15.6,Y,,,15.6,Hoburg 68550,Y,2002,185
2002-07-05,15.8,Y,,,15.8,Hoburg 68550,Y,2002,186
2002-07-06,16.2,Y,,,16.2,Hoburg 68550,Y,2002,187
2002-07-07,16,Y,,,16,Hoburg 68550,Y,2002,188
2002-07-08,16.3,Y,,,16.3,Hoburg 68550,Y,2002,189
2002-07-09,17.7,Y,,,17.7,Hoburg 68550,Y,2002,190
2002-07-10,19.9,Y,,,19.9,Hoburg 68550,Y,2002,191
2002-07-11,18.2,Y,,,18.2,Hoburg 68550,Y,2002,192
2002-07-12,17.8,Y,,,17.8,Hoburg 68550,Y,2002,193
2002-07-13,18.7,Y,,,18.7,Hoburg 68550,Y,2002,194
2002-07-14,18.6,Y,,,18.6,Hoburg 68550,Y,2002,195
2002-07-15,19.9,Y,,,19.9,Hoburg 68550,Y,2002,196
2002-07-16,20.7,Y,,,20.7,Hoburg 68550,Y,2002,197
2002-07-17,21.3,Y,,,21.3,Hoburg 68550,Y,2002,198
2002-07-18,20.6,Y,,,20.6,Hoburg 68550,Y,2002,199
2002-07-19,20.4,Y,,,20.4,Hoburg 68550,Y,2002,200
2002-07-20,19.4,Y,,,19.4,Hoburg 68550,Y,2002,201
2002-07-21,18.4,Y,,,18.4,Hoburg 68550,Y,2002,202
2002-07-22,17,Y,,,17,Hoburg 68550,Y,2002,203
2002-07-23,16,Y,,,16,Hoburg 68550,Y,2002,204
2002-07-24,16.6,Y,,,16.6,Hoburg 68550,Y,2002,205
2002-07-25,15.8,Y,,,15.8,Hoburg 68550,Y,2002,206
2002-07-26,16.2,Y,,,16.2,Hoburg 68550,Y,2002,207
2002-07-27,17,Y,,,17,Hoburg 68550,Y,2002,208
2002-07-28,16.9,Y,,,16.9,Hoburg 68550,Y,2002,209
2002-07-29,18.9,Y,,,18.9,Hoburg 68550,Y,2002,210
2002-07-30,20.7,Y,,,20.7,Hoburg 68550,Y,2002,211
2002-07-31,21.8,Y,,,21.8,Hoburg 68550,Y,2002,212
2002-08-01,23.3,Y,,,23.3,Hoburg 68550,Y,2002,213
2002-08-02,21.8,Y,,,21.8,Hoburg 68550,Y,2002,214
2002-08-03,20.1,Y,,,20.1,Hoburg 68550,Y,2002,215
2002-08-04,19.3,Y,,,19.3,Hoburg 68550,Y,2002,216
2002-08-05,20.1,Y,,,20.1,Hoburg 68550,Y,2002,217
2002-08-06,19.6,Y,,,19.6,Hoburg 68550,Y,2002,218
2002-08-07,18.9,Y,,,18.9,Hoburg 68550,Y,2002,219
2002-08-08,19.2,Y,,,19.2,Hoburg 68550,Y,2002,220
2002-08-09,19.7,Y,,,19.7,Hoburg 68550,Y,2002,221
2002-08-10,20.3,Y,,,20.3,Hoburg 68550,Y,2002,222
2002-08-11,20.7,Y,,,20.7,Hoburg 68550,Y,2002,223
2002-08-12,21.8,Y,,,21.8,Hoburg 68550,Y,2002,224
2002-08-13,21,Y,,,21,Hoburg 68550,Y,2002,225
2002-08-14,22.5,Y,,,22.5,Hoburg 68550,Y,2002,226
2002-08-15,23.1,Y,,,23.1,Hoburg 68550,Y,2002,227
2002-08-16,23.1,Y,,,23.1,Hoburg 68550,Y,2002,228
2002-08-17,20.5,Y,,,20.5,Hoburg 68550,Y,2002,229
2002-08-18,19.6,Y,,,19.6,Hoburg 68550,Y,2002,230
2002-08-19,20,Y,,,20,Hoburg 68550,Y,2002,231
2002-08-20,20.7,Y,,,20.7,Hoburg 68550,Y,2002,232
2002-08-21,20.6,Y,,,20.6,Hoburg 68550,Y,2002,233
2002-08-22,20.9,Y,,,20.9,Hoburg 68550,Y,2002,234
2002-08-23,20.1,Y,,,20.1,Hoburg 68550,Y,2002,235
2002-08-24,19.8,Y,,,19.8,Hoburg 68550,Y,2002,236
2002-08-25,20,Y,,,20,Hoburg 68550,Y,2002,237
2002-08-26,20,Y,,,20,Hoburg 68550,Y,2002,238
2002-08-27,20.1,Y,,,20.1,Hoburg 68550,Y,2002,239
2002-08-28,21.5,Y,,,21.5,Hoburg 68550,Y,2002,240
2002-08-29,21.2,Y,,,21.2,Hoburg 68550,Y,2002,241
2002-08-30,21.2,Y,,,21.2,Hoburg 68550,Y,2002,242
2002-08-31,21.8,Y,,,21.8,Hoburg 68550,Y,2002,243
2002-09-01,18,Y,,,18,Hoburg 68550,Y,2002,244
2002-09-02,19,Y,,,19,Hoburg 68550,Y,2002,245
2002-09-03,18.8,Y,,,18.8,Hoburg 68550,Y,2002,246
2002-09-04,19.5,Y,,,19.5,Hoburg 68550,Y,2002,247
2002-09-05,21,Y,,,21,Hoburg 68550,Y,2002,248
2002-09-06,19.3,Y,,,19.3,Hoburg 68550,Y,2002,249
2002-09-07,20.1,Y,,,20.1,Hoburg 68550,Y,2002,250
2002-09-08,19,Y,,,19,Hoburg 68550,Y,2002,251
2002-09-09,19,Y,,,19,Hoburg 68550,Y,2002,252
2002-09-10,18.5,Y,,,18.5,Hoburg 68550,Y,2002,253
2002-09-11,16.9,Y,,,16.9,Hoburg 68550,Y,2002,254
2002-09-12,16.6,Y,,,16.6,Hoburg 68550,Y,2002,255
2002-09-13,18.4,Y,,,18.4,Hoburg 68550,Y,2002,256
2002-09-14,14.6,Y,,,14.6,Hoburg 68550,Y,2002,257
2002-09-15,11.8,Y,,,11.8,Hoburg 68550,Y,2002,258
2002-09-16,13.5,Y,,,13.5,Hoburg 68550,Y,2002,259
2002-09-17,15.2,Y,,,15.2,Hoburg 68550,Y,2002,260
2002-09-18,14.5,Y,,,14.5,Hoburg 68550,Y,2002,261
2002-09-19,12.6,Y,,,12.6,Hoburg 68550,Y,2002,262
2002-09-20,13.9,Y,,,13.9,Hoburg 68550,Y,2002,263
2002-09-21,10.8,Y,,,10.8,Hoburg 68550,Y,2002,264
2002-09-22,9.8,Y,,,9.8,Hoburg 68550,Y,2002,265
2002-09-23,9,Y,,,9,Hoburg 68550,Y,2002,266
2002-09-24,11.7,Y,,,11.7,Hoburg 68550,Y,2002,267
2002-09-25,11.7,Y,,,11.7,Hoburg 68550,Y,2002,268
2002-09-26,9.6,Y,,,9.6,Hoburg 68550,Y,2002,269
2002-09-27,9.5,Y,,,9.5,Hoburg 68550,Y,2002,270
2002-09-28,11.6,Y,,,11.6,Hoburg 68550,Y,2002,271
2002-09-29,13.9,Y,,,13.9,Hoburg 68550,Y,2002,272
2002-09-30,14,Y,,,14,Hoburg 68550,Y,2002,273
2002-10-01,12.4,Y,,,12.4,Hoburg 68550,Y,2002,274
2002-10-02,11.3,Y,,,11.3,Hoburg 68550,Y,2002,275
2002-10-03,12.1,Y,,,12.1,Hoburg 68550,Y,2002,276
2002-10-04,10.1,Y,,,10.1,Hoburg 68550,Y,2002,277
2002-10-05,9.2,Y,,,9.2,Hoburg 68550,Y,2002,278
2002-10-06,5,Y,,,5,Hoburg 68550,Y,2002,279
2002-10-07,3.9,Y,,,3.9,Hoburg 68550,Y,2002,280
2002-10-08,6.7,Y,,,6.7,Hoburg 68550,Y,2002,281
2002-10-09,4.6,Y,,,4.6,Hoburg 68550,Y,2002,282
2002-10-10,4.6,Y,,,4.6,Hoburg 68550,Y,2002,283
2002-10-11,4.2,Y,,,4.2,Hoburg 68550,Y,2002,284
2002-10-12,5.5,Y,,,5.5,Hoburg 68550,Y,2002,285
2002-10-13,4,Y,,,4,Hoburg 68550,Y,2002,286
2002-10-14,4.4,Y,,,4.4,Hoburg 68550,Y,2002,287
2002-10-15,6.6,Y,,,6.6,Hoburg 68550,Y,2002,288
2002-10-16,5.8,Y,,,5.8,Hoburg 68550,Y,2002,289
2002-10-17,5.5,Y,,,5.5,Hoburg 68550,Y,2002,290
2002-10-18,2.9,Y,,,2.9,Hoburg 68550,Y,2002,291
2002-10-19,2.3,Y,,,2.3,Hoburg 68550,Y,2002,292
2002-10-20,2,Y,,,2,Hoburg 68550,Y,2002,293
2002-10-21,4.3,Y,,,4.3,Hoburg 68550,Y,2002,294
2002-10-22,5,Y,,,5,Hoburg 68550,Y,2002,295
2002-10-23,6.2,Y,,,6.2,Hoburg 68550,Y,2002,296
2002-10-24,7.5,Y,,,7.5,Hoburg 68550,Y,2002,297
2002-10-25,8.6,Y,,,8.6,Hoburg 68550,Y,2002,298
2002-10-26,8.8,Y,,,8.8,Hoburg 68550,Y,2002,299
2002-10-27,8.2,Y,,,8.2,Hoburg 68550,Y,2002,300
2002-10-28,6.3,Y,,,6.3,Hoburg 68550,Y,2002,301
2002-10-29,6.8,Y,,,6.8,Hoburg 68550,Y,2002,302
2002-10-30,6,Y,,,6,Hoburg 68550,Y,2002,303
2002-10-31,6.3,Y,,,6.3,Hoburg 68550,Y,2002,304
2002-11-01,5.3,Y,,,5.3,Hoburg 68550,Y,2002,305
2002-11-02,2.5,Y,,,2.5,Hoburg 68550,Y,2002,306
2002-11-03,1.6,Y,,,1.6,Hoburg 68550,Y,2002,307
2002-11-04,1.9,Y,,,1.9,Hoburg 68550,Y,2002,308
2002-11-05,4,Y,,,4,Hoburg 68550,Y,2002,309
2002-11-06,4.5,Y,,,4.5,Hoburg 68550,Y,2002,310
2002-11-07,3.8,Y,,,3.8,Hoburg 68550,Y,2002,311
2002-11-08,4.1,Y,,,4.1,Hoburg 68550,Y,2002,312
2002-11-09,2.7,Y,,,2.7,Hoburg 68550,Y,2002,313
2002-11-10,1.3,Y,,,1.3,Hoburg 68550,Y,2002,314
2002-11-11,-2.2,Y,,,-2.2,Hoburg 68550,Y,2002,315
2002-11-12,-0.5,Y,,,-0.5,Hoburg 68550,Y,2002,316
2002-11-13,6.9,Y,,,6.9,Hoburg 68550,Y,2002,317
2002-11-14,7.1,Y,,,7.1,Hoburg 68550,Y,2002,318
2002-11-15,5.6,Y,,,5.6,Hoburg 68550,Y,2002,319
2002-11-16,4.9,Y,,,4.9,Hoburg 68550,Y,2002,320
2002-11-17,5,Y,,,5,Hoburg 68550,Y,2002,321
2002-11-18,6,Y,,,6,Hoburg 68550,Y,2002,322
2002-11-19,1.9,Y,,,1.9,Hoburg 68550,Y,2002,323
2002-11-20,0.8,Y,,,0.8,Hoburg 68550,Y,2002,324
2002-11-21,2.3,Y,,,2.3,Hoburg 68550,Y,2002,325
2002-11-22,2.3,Y,,,2.3,Hoburg 68550,Y,2002,326
2002-11-23,2.9,Y,,,2.9,Hoburg 68550,Y,2002,327
2002-11-24,4.7,Y,,,4.7,Hoburg 68550,Y,2002,328
2002-11-25,5.6,Y,,,5.6,Hoburg 68550,Y,2002,329
2002-11-26,6.4,Y,,,6.4,Hoburg 68550,Y,2002,330
2002-11-27,4.1,Y,,,4.1,Hoburg 68550,Y,2002,331
2002-11-28,3.4,Y,,,3.4,Hoburg 68550,Y,2002,332
2002-11-29,1.9,Y,,,1.9,Hoburg 68550,Y,2002,333
2002-11-30,-1.3,Y,,,-1.3,Hoburg 68550,Y,2002,334
2002-12-01,-1.6,Y,,,-1.6,Hoburg 68550,Y,2002,335
2002-12-02,2.1,Y,,,2.1,Hoburg 68550,Y,2002,336
2002-12-03,0.3,Y,,,0.3,Hoburg 68550,Y,2002,337
2002-12-04,0,Y,,,0,Hoburg 68550,Y,2002,338
2002-12-05,-1.2,Y,,,-1.2,Hoburg 68550,Y,2002,339
2002-12-06,-1.4,Y,,,-1.4,Hoburg 68550,Y,2002,340
2002-12-07,-1.5,Y,,,-1.5,Hoburg 68550,Y,2002,341
2002-12-08,-1.4,Y,,,-1.4,Hoburg 68550,Y,2002,342
2002-12-09,-2.6,Y,,,-2.6,Hoburg 68550,Y,2002,343
2002-12-10,-0.7,Y,,,-0.7,Hoburg 68550,Y,2002,344
2002-12-11,-0.6,Y,,,-0.6,Hoburg 68550,Y,2002,345
2002-12-12,0.4,Y,,,0.4,Hoburg 68550,Y,2002,346
2002-12-13,1.6,Y,,,1.6,Hoburg 68550,Y,2002,347
2002-12-14,0.6,Y,,,0.6,Hoburg 68550,Y,2002,348
2002-12-15,-0.8,Y,,,-0.8,Hoburg 68550,Y,2002,349
2002-12-16,-1.6,Y,,,-1.6,Hoburg 68550,Y,2002,350
2002-12-17,-1.8,Y,,,-1.8,Hoburg 68550,Y,2002,351
2002-12-18,0.1,Y,,,0.1,Hoburg 68550,Y,2002,352
2002-12-19,0.8,Y,,,0.8,Hoburg 68550,Y,2002,353
2002-12-20,3,Y,,,3,Hoburg 68550,Y,2002,354
2002-12-21,-0.3,Y,,,-0.3,Hoburg 68550,Y,2002,355
2002-12-22,-3.6,Y,,,-3.6,Hoburg 68550,Y,2002,356
2002-12-23,-4.1,Y,,,-4.1,Hoburg 68550,Y,2002,357
2002-12-24,-3.8,Y,,,-3.8,Hoburg 68550,Y,2002,358
2002-12-25,-2.2,Y,,,-2.2,Hoburg 68550,Y,2002,359
2002-12-26,-0.7,Y,,,-0.7,Hoburg 68550,Y,2002,360
2002-12-27,0.3,Y,,,0.3,Hoburg 68550,Y,2002,361
2002-12-28,-0.2,Y,,,-0.2,Hoburg 68550,Y,2002,362
2002-12-29,-0.4,Y,,,-0.4,Hoburg 68550,Y,2002,363
2002-12-30,-6.3,Y,,,-6.3,Hoburg 68550,Y,2002,364
2002-12-31,-5.7,Y,,,-5.7,Hoburg 68550,Y,2002,365
2003-01-01,-3.4,Y,,,-3.4,Hoburg 68550,Y,2003,1
2003-01-02,-3.5,Y,,,-3.5,Hoburg 68550,Y,2003,2
2003-01-03,-5.6,Y,,,-5.6,Hoburg 68550,Y,2003,3
2003-01-04,-8.4,Y,,,-8.4,Hoburg 68550,Y,2003,4
2003-01-05,-9.8,Y,,,-9.8,Hoburg 68550,Y,2003,5
2003-01-06,-8.9,Y,,,-8.9,Hoburg 68550,Y,2003,6
2003-01-07,-4.6,Y,,,-4.6,Hoburg 68550,Y,2003,7
2003-01-08,-0.6,Y,,,-0.6,Hoburg 68550,Y,2003,8
2003-01-09,0,Y,,,0,Hoburg 68550,Y,2003,9
2003-01-10,-6.8,Y,,,-6.8,Hoburg 68550,Y,2003,10
2003-01-11,-5.2,Y,,,-5.2,Hoburg 68550,Y,2003,11
2003-01-12,1.5,Y,,,1.5,Hoburg 68550,Y,2003,12
2003-01-13,1,Y,,,1,Hoburg 68550,Y,2003,13
2003-01-14,2.7,Y,,,2.7,Hoburg 68550,Y,2003,14
2003-01-15,3.5,Y,,,3.5,Hoburg 68550,Y,2003,15
2003-01-16,3.4,Y,,,3.4,Hoburg 68550,Y,2003,16
2003-01-17,2.9,Y,,,2.9,Hoburg 68550,Y,2003,17
2003-01-18,2.2,Y,,,2.2,Hoburg 68550,Y,2003,18
2003-01-19,2.3,Y,,,2.3,Hoburg 68550,Y,2003,19
2003-01-20,2.1,Y,,,2.1,Hoburg 68550,Y,2003,20
2003-01-21,2.2,Y,,,2.2,Hoburg 68550,Y,2003,21
2003-01-22,1.9,Y,,,1.9,Hoburg 68550,Y,2003,22
2003-01-23,1.6,Y,,,1.6,Hoburg 68550,Y,2003,23
2003-01-24,-0.1,Y,,,-0.1,Hoburg 68550,Y,2003,24
2003-01-25,2,Y,,,2,Hoburg 68550,Y,2003,25
2003-01-26,2.5,Y,,,2.5,Hoburg 68550,Y,2003,26
2003-01-27,3.4,Y,,,3.4,Hoburg 68550,Y,2003,27
2003-01-28,1.8,Y,,,1.8,Hoburg 68550,Y,2003,28
2003-01-29,-2.7,Y,,,-2.7,Hoburg 68550,Y,2003,29
2003-01-30,-4.7,Y,,,-4.7,Hoburg 68550,Y,2003,30
2003-01-31,-7.3,Y,,,-7.3,Hoburg 68550,Y,2003,31
2003-02-01,-4.5,Y,,,-4.5,Hoburg 68550,Y,2003,32
2003-02-02,-1.9,Y,,,-1.9,Hoburg 68550,Y,2003,33
2003-02-03,-1.1,Y,,,-1.1,Hoburg 68550,Y,2003,34
2003-02-04,-0.8,Y,,,-0.8,Hoburg 68550,Y,2003,35
2003-02-05,-3,Y,,,-3,Hoburg 68550,Y,2003,36
2003-02-06,-5.3,Y,,,-5.3,Hoburg 68550,Y,2003,37
2003-02-07,-5.4,Y,,,-5.4,Hoburg 68550,Y,2003,38
2003-02-08,-2.6,Y,,,-2.6,Hoburg 68550,Y,2003,39
2003-02-09,-0.2,Y,,,-0.2,Hoburg 68550,Y,2003,40
2003-02-10,-1.1,Y,,,-1.1,Hoburg 68550,Y,2003,41
2003-02-11,-1.2,Y,,,-1.2,Hoburg 68550,Y,2003,42
2003-02-12,-1.5,Y,,,-1.5,Hoburg 68550,Y,2003,43
2003-02-13,-1.8,Y,,,-1.8,Hoburg 68550,Y,2003,44
2003-02-14,-0.5,Y,,,-0.5,Hoburg 68550,Y,2003,45
2003-02-15,-3.7,Y,,,-3.7,Hoburg 68550,Y,2003,46
2003-02-16,-3.3,Y,,,-3.3,Hoburg 68550,Y,2003,47
2003-02-17,-1,Y,,,-1,Hoburg 68550,Y,2003,48
2003-02-18,-0.2,Y,,,-0.2,Hoburg 68550,Y,2003,49
2003-02-19,0.3,Y,,,0.3,Hoburg 68550,Y,2003,50
2003-02-20,-0.9,Y,,,-0.9,Hoburg 68550,Y,2003,51
2003-02-21,-0.3,Y,,,-0.3,Hoburg 68550,Y,2003,52
2003-02-22,-0.7,Y,,,-0.7,Hoburg 68550,Y,2003,53
2003-02-23,-1.5,Y,,,-1.5,Hoburg 68550,Y,2003,54
2003-02-24,-2.5,Y,,,-2.5,Hoburg 68550,Y,2003,55
2003-02-25,-2.8,Y,,,-2.8,Hoburg 68550,Y,2003,56
2003-02-26,-3.9,Y,,,-3.9,Hoburg 68550,Y,2003,57
2003-02-27,-2.9,Y,,,-2.9,Hoburg 68550,Y,2003,58
2003-02-28,-2.9,Y,,,-2.9,Hoburg 68550,Y,2003,59
2003-03-01,-3.8,Y,,,-3.8,Hoburg 68550,Y,2003,60
2003-03-02,-3.4,Y,,,-3.4,Hoburg 68550,Y,2003,61
2003-03-03,-2.5,Y,,,-2.5,Hoburg 68550,Y,2003,62
2003-03-04,-1.7,Y,,,-1.7,Hoburg 68550,Y,2003,63
2003-03-05,-1.3,Y,,,-1.3,Hoburg 68550,Y,2003,64
2003-03-06,-0.8,Y,,,-0.8,Hoburg 68550,Y,2003,65
2003-03-07,-0.1,Y,,,-0.1,Hoburg 68550,Y,2003,66
2003-03-08,0.7,Y,,,0.7,Hoburg 68550,Y,2003,67
2003-03-09,0.6,Y,,,0.6,Hoburg 68550,Y,2003,68
2003-03-10,1.7,Y,,,1.7,Hoburg 68550,Y,2003,69
2003-03-11,2.5,Y,,,2.5,Hoburg 68550,Y,2003,70
2003-03-12,2.1,Y,,,2.1,Hoburg 68550,Y,2003,71
2003-03-13,1.2,Y,,,1.2,Hoburg 68550,Y,2003,72
2003-03-14,0.7,Y,,,0.7,Hoburg 68550,Y,2003,73
2003-03-15,2.7,Y,,,2.7,Hoburg 68550,Y,2003,74
2003-03-16,2.7,Y,,,2.7,Hoburg 68550,Y,2003,75
2003-03-17,2.1,Y,,,2.1,Hoburg 68550,Y,2003,76
2003-03-18,2.8,Y,,,2.8,Hoburg 68550,Y,2003,77
2003-03-19,2.8,Y,,,2.8,Hoburg 68550,Y,2003,78
2003-03-20,-1.7,Y,,,-1.7,Hoburg 68550,Y,2003,79
2003-03-21,-2.6,Y,,,-2.6,Hoburg 68550,Y,2003,80
2003-03-22,1,Y,,,1,Hoburg 68550,Y,2003,81
2003-03-23,3.4,Y,,,3.4,Hoburg 68550,Y,2003,82
2003-03-24,3.3,Y,,,3.3,Hoburg 68550,Y,2003,83
2003-03-25,2.6,Y,,,2.6,Hoburg 68550,Y,2003,84
2003-03-26,2.6,Y,,,2.6,Hoburg 68550,Y,2003,85
2003-03-27,3.4,Y,,,3.4,Hoburg 68550,Y,2003,86
2003-03-28,4.1,Y,,,4.1,Hoburg 68550,Y,2003,87
2003-03-29,3.6,Y,,,3.6,Hoburg 68550,Y,2003,88
2003-03-30,4.6,Y,,,4.6,Hoburg 68550,Y,2003,89
2003-03-31,1.8,Y,,,1.8,Hoburg 68550,Y,2003,90
2003-04-01,0.8,Y,,,0.8,Hoburg 68550,Y,2003,91
2003-04-02,2,Y,,,2,Hoburg 68550,Y,2003,92
2003-04-03,1.2,Y,,,1.2,Hoburg 68550,Y,2003,93
2003-04-04,2.1,Y,,,2.1,Hoburg 68550,Y,2003,94
2003-04-05,1.9,Y,,,1.9,Hoburg 68550,Y,2003,95
2003-04-06,-0.5,Y,,,-0.5,Hoburg 68550,Y,2003,96
2003-04-07,-0.5,Y,,,-0.5,Hoburg 68550,Y,2003,97
2003-04-08,-0.3,Y,,,-0.3,Hoburg 68550,Y,2003,98
2003-04-09,0.8,Y,,,0.8,Hoburg 68550,Y,2003,99
2003-04-10,0.2,Y,,,0.2,Hoburg 68550,Y,2003,100
2003-04-11,0.9,Y,,,0.9,Hoburg 68550,Y,2003,101
2003-04-12,1.4,Y,,,1.4,Hoburg 68550,Y,2003,102
2003-04-13,3.4,Y,,,3.4,Hoburg 68550,Y,2003,103
2003-04-14,3.7,Y,,,3.7,Hoburg 68550,Y,2003,104
2003-04-15,3.2,Y,,,3.2,Hoburg 68550,Y,2003,105
2003-04-16,5.9,Y,,,5.9,Hoburg 68550,Y,2003,106
2003-04-17,7.5,Y,,,7.5,Hoburg 68550,Y,2003,107
2003-04-18,4.2,Y,,,4.2,Hoburg 68550,Y,2003,108
2003-04-19,5.5,Y,,,5.5,Hoburg 68550,Y,2003,109
2003-04-20,8.1,Y,,,8.1,Hoburg 68550,Y,2003,110
2003-04-21,8.9,Y,,,8.9,Hoburg 68550,Y,2003,111
2003-04-22,10,Y,,,10,Hoburg 68550,Y,2003,112
2003-04-23,6.1,Y,,,6.1,Hoburg 68550,Y,2003,113
2003-04-24,5.4,Y,,,5.4,Hoburg 68550,Y,2003,114
2003-04-25,3.3,Y,,,3.3,Hoburg 68550,Y,2003,115
2003-04-26,3.3,Y,,,3.3,Hoburg 68550,Y,2003,116
2003-04-27,4.7,Y,,,4.7,Hoburg 68550,Y,2003,117
2003-04-28,5.9,Y,,,5.9,Hoburg 68550,Y,2003,118
2003-04-29,5,Y,,,5,Hoburg 68550,Y,2003,119
2003-04-30,6.9,Y,,,6.9,Hoburg 68550,Y,2003,120
2003-05-01,6.5,Y,,,6.5,Hoburg 68550,Y,2003,121
2003-05-02,6.4,Y,,,6.4,Hoburg 68550,Y,2003,122
2003-05-03,6.6,Y,,,6.6,Hoburg 68550,Y,2003,123
2003-05-04,6,Y,,,6,Hoburg 68550,Y,2003,124
2003-05-05,5.7,Y,,,5.7,Hoburg 68550,Y,2003,125
2003-05-06,7.9,Y,,,7.9,Hoburg 68550,Y,2003,126
2003-05-07,7.7,Y,,,7.7,Hoburg 68550,Y,2003,127
2003-05-08,7.4,Y,,,7.4,Hoburg 68550,Y,2003,128
2003-05-09,8.2,Y,,,8.2,Hoburg 68550,Y,2003,129
2003-05-10,8.7,Y,,,8.7,Hoburg 68550,Y,2003,130
2003-05-11,9,Y,,,9,Hoburg 68550,Y,2003,131
2003-05-12,9.9,Y,,,9.9,Hoburg 68550,Y,2003,132
2003-05-13,10,Y,,,10,Hoburg 68550,Y,2003,133
2003-05-14,7.6,Y,,,7.6,Hoburg 68550,Y,2003,134
2003-05-15,7.8,Y,,,7.8,Hoburg 68550,Y,2003,135
2003-05-16,7.7,Y,,,7.7,Hoburg 68550,Y,2003,136
2003-05-17,8.2,Y,,,8.2,Hoburg 68550,Y,2003,137
2003-05-18,9.4,Y,,,9.4,Hoburg 68550,Y,2003,138
2003-05-19,8,Y,,,8,Hoburg 68550,Y,2003,139
2003-05-20,7.8,Y,,,7.8,Hoburg 68550,Y,2003,140
2003-05-21,9.2,Y,,,9.2,Hoburg 68550,Y,2003,141
2003-05-22,9.6,Y,,,9.6,Hoburg 68550,Y,2003,142
2003-05-23,7.9,Y,,,7.9,Hoburg 68550,Y,2003,143
2003-05-24,9.5,Y,,,9.5,Hoburg 68550,Y,2003,144
2003-05-25,12.7,Y,,,12.7,Hoburg 68550,Y,2003,145
2003-05-26,14.2,Y,,,14.2,Hoburg 68550,Y,2003,146
2003-05-27,11.7,Y,,,11.7,Hoburg 68550,Y,2003,147
2003-05-28,12.5,Y,,,12.5,Hoburg 68550,Y,2003,148
2003-05-29,11.6,Y,,,11.6,Hoburg 68550,Y,2003,149
2003-05-30,12.6,Y,,,12.6,Hoburg 68550,Y,2003,150
2003-05-31,13.3,Y,,,13.3,Hoburg 68550,Y,2003,151
2003-06-01,10.9,Y,,,10.9,Hoburg 68550,Y,2003,152
2003-06-02,11.9,Y,,,11.9,Hoburg 68550,Y,2003,153
2003-06-03,12.6,Y,,,12.6,Hoburg 68550,Y,2003,154
2003-06-04,14.3,Y,,,14.3,Hoburg 68550,Y,2003,155
2003-06-05,16.4,Y,,,16.4,Hoburg 68550,Y,2003,156
2003-06-06,16,Y,,,16,Hoburg 68550,Y,2003,157
2003-06-07,15.6,Y,,,15.6,Hoburg 68550,Y,2003,158
2003-06-08,15.7,Y,,,15.7,Hoburg 68550,Y,2003,159
2003-06-09,14.4,Y,,,14.4,Hoburg 68550,Y,2003,160
2003-06-10,14.2,Y,,,14.2,Hoburg 68550,Y,2003,161
2003-06-11,13.7,Y,,,13.7,Hoburg 68550,Y,2003,162
2003-06-12,14.4,Y,,,14.4,Hoburg 68550,Y,2003,163
2003-06-13,14.3,Y,,,14.3,Hoburg 68550,Y,2003,164
2003-06-14,14.1,Y,,,14.1,Hoburg 68550,Y,2003,165
2003-06-15,12.5,Y,,,12.5,Hoburg 68550,Y,2003,166
2003-06-16,12.1,Y,,,12.1,Hoburg 68550,Y,2003,167
2003-06-17,13.8,Y,,,13.8,Hoburg 68550,Y,2003,168
2003-06-18,14.2,Y,,,14.2,Hoburg 68550,Y,2003,169
2003-06-19,13.5,Y,,,13.5,Hoburg 68550,Y,2003,170
2003-06-20,12.7,Y,,,12.7,Hoburg 68550,Y,2003,171
2003-06-21,13.2,Y,,,13.2,Hoburg 68550,Y,2003,172
2003-06-22,14.9,Y,,,14.9,Hoburg 68550,Y,2003,173
2003-06-23,14.7,Y,,,14.7,Hoburg 68550,Y,2003,174
2003-06-24,13.9,Y,,,13.9,Hoburg 68550,Y,2003,175
2003-06-25,15.4,Y,,,15.4,Hoburg 68550,Y,2003,176
2003-06-26,15.9,Y,,,15.9,Hoburg 68550,Y,2003,177
2003-06-27,15.5,Y,,,15.5,Hoburg 68550,Y,2003,178
2003-06-28,16,Y,,,16,Hoburg 68550,Y,2003,179
2003-06-29,13.3,Y,,,13.3,Hoburg 68550,Y,2003,180
2003-06-30,15.4,Y,,,15.4,Hoburg 68550,Y,2003,181
2003-07-01,14.5,Y,,,14.5,Hoburg 68550,Y,2003,182
2003-07-02,15.3,Y,,,15.3,Hoburg 68550,Y,2003,183
2003-07-03,14.4,Y,,,14.4,Hoburg 68550,Y,2003,184
2003-07-04,14.7,Y,,,14.7,Hoburg 68550,Y,2003,185
2003-07-05,14.8,Y,,,14.8,Hoburg 68550,Y,2003,186
2003-07-06,14.6,Y,,,14.6,Hoburg 68550,Y,2003,187
2003-07-07,16.2,Y,,,16.2,Hoburg 68550,Y,2003,188
2003-07-08,16.6,Y,,,16.6,Hoburg 68550,Y,2003,189
2003-07-09,17.1,Y,,,17.1,Hoburg 68550,Y,2003,190
2003-07-10,16.8,Y,,,16.8,Hoburg 68550,Y,2003,191
2003-07-11,17.7,Y,,,17.7,Hoburg 68550,Y,2003,192
2003-07-12,16.1,Y,,,16.1,Hoburg 68550,Y,2003,193
2003-07-13,17.3,Y,,,17.3,Hoburg 68550,Y,2003,194
2003-07-14,19.1,Y,,,19.1,Hoburg 68550,Y,2003,195
2003-07-15,21.3,Y,,,21.3,Hoburg 68550,Y,2003,196
2003-07-16,23.2,Y,,,23.2,Hoburg 68550,Y,2003,197
2003-07-17,21,Y,,,21,Hoburg 68550,Y,2003,198
2003-07-18,22.6,Y,,,22.6,Hoburg 68550,Y,2003,199
2003-07-19,20.8,Y,,,20.8,Hoburg 68550,Y,2003,200
2003-07-20,20.9,Y,,,20.9,Hoburg 68550,Y,2003,201
2003-07-21,20.8,Y,,,20.8,Hoburg 68550,Y,2003,202
2003-07-22,20.3,Y,,,20.3,Hoburg 68550,Y,2003,203
2003-07-23,20.8,Y,,,20.8,Hoburg 68550,Y,2003,204
2003-07-24,20.8,Y,,,20.8,Hoburg 68550,Y,2003,205
2003-07-25,20.4,Y,,,20.4,Hoburg 68550,Y,2003,206
2003-07-26,20.3,Y,,,20.3,Hoburg 68550,Y,2003,207
2003-07-27,21.3,Y,,,21.3,Hoburg 68550,Y,2003,208
2003-07-28,20.3,Y,,,20.3,Hoburg 68550,Y,2003,209
2003-07-29,17.8,Y,,,17.8,Hoburg 68550,Y,2003,210
2003-07-30,19.9,Y,,,19.9,Hoburg 68550,Y,2003,211
2003-07-31,20.2,Y,,,20.2,Hoburg 68550,Y,2003,212
2003-08-01,23.6,Y,,,23.6,Hoburg 68550,Y,2003,213
2003-08-02,22.2,Y,,,22.2,Hoburg 68550,Y,2003,214
2003-08-03,21,Y,,,21,Hoburg 68550,Y,2003,215
2003-08-04,20.7,Y,,,20.7,Hoburg 68550,Y,2003,216
2003-08-05,20.1,Y,,,20.1,Hoburg 68550,Y,2003,217
2003-08-06,19.7,Y,,,19.7,Hoburg 68550,Y,2003,218
2003-08-07,19.8,Y,,,19.8,Hoburg 68550,Y,2003,219
2003-08-08,20.3,Y,,,20.3,Hoburg 68550,Y,2003,220
2003-08-09,18.1,Y,,,18.1,Hoburg 68550,Y,2003,221
2003-08-10,18.7,Y,,,18.7,Hoburg 68550,Y,2003,222
2003-08-11,17.9,Y,,,17.9,Hoburg 68550,Y,2003,223
2003-08-12,21.6,Y,,,21.6,Hoburg 68550,Y,2003,224
2003-08-13,20.9,Y,,,20.9,Hoburg 68550,Y,2003,225
2003-08-14,18.7,Y,,,18.7,Hoburg 68550,Y,2003,226
2003-08-15,16.5,Y,,,16.5,Hoburg 68550,Y,2003,227
2003-08-16,18.2,Y,,,18.2,Hoburg 68550,Y,2003,228
2003-08-17,18.4,Y,,,18.4,Hoburg 68550,Y,2003,229
2003-08-18,18,Y,,,18,Hoburg 68550,Y,2003,230
2003-08-19,18.6,Y,,,18.6,Hoburg 68550,Y,2003,231
2003-08-20,18.8,Y,,,18.8,Hoburg 68550,Y,2003,232
2003-08-21,16.7,Y,,,16.7,Hoburg 68550,Y,2003,233
2003-08-22,17,Y,,,17,Hoburg 68550,Y,2003,234
2003-08-23,16.5,Y,,,16.5,Hoburg 68550,Y,2003,235
2003-08-24,16.9,Y,,,16.9,Hoburg 68550,Y,2003,236
2003-08-25,15.1,Y,,,15.1,Hoburg 68550,Y,2003,237
2003-08-26,14.5,Y,,,14.5,Hoburg 68550,Y,2003,238
2003-08-27,9.9,Y,,,9.9,Hoburg 68550,Y,2003,239
2003-08-28,13.4,Y,,,13.4,Hoburg 68550,Y,2003,240
2003-08-29,14.4,Y,,,14.4,Hoburg 68550,Y,2003,241
2003-08-30,12.9,Y,,,12.9,Hoburg 68550,Y,2003,242
2003-08-31,12.2,Y,,,12.2,Hoburg 68550,Y,2003,243
2003-09-01,11.1,Y,,,11.1,Hoburg 68550,Y,2003,244
2003-09-02,10.5,Y,,,10.5,Hoburg 68550,Y,2003,245
2003-09-03,13.2,Y,,,13.2,Hoburg 68550,Y,2003,246
2003-09-04,15.1,Y,,,15.1,Hoburg 68550,Y,2003,247
2003-09-05,15.4,Y,,,15.4,Hoburg 68550,Y,2003,248
2003-09-06,14.8,Y,,,14.8,Hoburg 68550,Y,2003,249
2003-09-07,15.7,Y,,,15.7,Hoburg 68550,Y,2003,250
2003-09-08,15.8,Y,,,15.8,Hoburg 68550,Y,2003,251
2003-09-09,15.3,Y,,,15.3,Hoburg 68550,Y,2003,252
2003-09-10,14.9,Y,,,14.9,Hoburg 68550,Y,2003,253
2003-09-11,14.8,Y,,,14.8,Hoburg 68550,Y,2003,254
2003-09-12,14.6,Y,,,14.6,Hoburg 68550,Y,2003,255
2003-09-13,15.2,Y,,,15.2,Hoburg 68550,Y,2003,256
2003-09-14,14.8,Y,,,14.8,Hoburg 68550,Y,2003,257
2003-09-15,15.8,Y,,,15.8,Hoburg 68550,Y,2003,258
2003-09-16,15.4,Y,,,15.4,Hoburg 68550,Y,2003,259
2003-09-17,14.6,Y,,,14.6,Hoburg 68550,Y,2003,260
2003-09-18,16,Y,,,16,Hoburg 68550,Y,2003,261
2003-09-19,16.6,Y,,,16.6,Hoburg 68550,Y,2003,262
2003-09-20,13.5,Y,,,13.5,Hoburg 68550,Y,2003,263
2003-09-21,14.8,Y,,,14.8,Hoburg 68550,Y,2003,264
2003-09-22,15,Y,,,15,Hoburg 68550,Y,2003,265
2003-09-23,14.5,Y,,,14.5,Hoburg 68550,Y,2003,266
2003-09-24,11.3,Y,,,11.3,Hoburg 68550,Y,2003,267
2003-09-25,12.5,Y,,,12.5,Hoburg 68550,Y,2003,268
2003-09-26,14.2,Y,,,14.2,Hoburg 68550,Y,2003,269
2003-09-27,12.2,Y,,,12.2,Hoburg 68550,Y,2003,270
2003-09-28,9.2,Y,,,9.2,Hoburg 68550,Y,2003,271
2003-09-29,9.9,Y,,,9.9,Hoburg 68550,Y,2003,272
2003-09-30,10.4,Y,,,10.4,Hoburg 68550,Y,2003,273
2003-10-01,11.4,Y,,,11.4,Hoburg 68550,Y,2003,274
2003-10-02,11.7,Y,,,11.7,Hoburg 68550,Y,2003,275
2003-10-03,11.8,Y,,,11.8,Hoburg 68550,Y,2003,276
2003-10-04,11.9,Y,,,11.9,Hoburg 68550,Y,2003,277
2003-10-05,10.8,Y,,,10.8,Hoburg 68550,Y,2003,278
2003-10-06,9.7,Y,,,9.7,Hoburg 68550,Y,2003,279
2003-10-07,9.6,Y,,,9.6,Hoburg 68550,Y,2003,280
2003-10-08,8,Y,,,8,Hoburg 68550,Y,2003,281
2003-10-09,10,Y,,,10,Hoburg 68550,Y,2003,282
2003-10-10,10.8,Y,,,10.8,Hoburg 68550,Y,2003,283
2003-10-11,10.2,Y,,,10.2,Hoburg 68550,Y,2003,284
2003-10-12,9.1,Y,,,9.1,Hoburg 68550,Y,2003,285
2003-10-13,7.1,Y,,,7.1,Hoburg 68550,Y,2003,286
2003-10-14,7.7,Y,,,7.7,Hoburg 68550,Y,2003,287
2003-10-15,6.5,Y,,,6.5,Hoburg 68550,Y,2003,288
2003-10-16,6.4,Y,,,6.4,Hoburg 68550,Y,2003,289
2003-10-17,7.5,Y,,,7.5,Hoburg 68550,Y,2003,290
2003-10-18,7.9,Y,,,7.9,Hoburg 68550,Y,2003,291
2003-10-19,4.4,Y,,,4.4,Hoburg 68550,Y,2003,292
2003-10-20,4.3,Y,,,4.3,Hoburg 68550,Y,2003,293
2003-10-21,4.1,Y,,,4.1,Hoburg 68550,Y,2003,294
2003-10-22,1.4,Y,,,1.4,Hoburg 68550,Y,2003,295
2003-10-23,0.8,Y,,,0.8,Hoburg 68550,Y,2003,296
2003-10-24,2,Y,,,2,Hoburg 68550,Y,2003,297
2003-10-25,4,Y,,,4,Hoburg 68550,Y,2003,298
2003-10-26,1.9,Y,,,1.9,Hoburg 68550,Y,2003,299
2003-10-27,3.3,Y,,,3.3,Hoburg 68550,Y,2003,300
2003-10-28,8,Y,,,8,Hoburg 68550,Y,2003,301
2003-10-29,6.7,Y,,,6.7,Hoburg 68550,Y,2003,302
2003-10-30,6.4,Y,,,6.4,Hoburg 68550,Y,2003,303
2003-10-31,6.3,Y,,,6.3,Hoburg 68550,Y,2003,304
2003-11-01,7.5,Y,,,7.5,Hoburg 68550,Y,2003,305
2003-11-02,8.1,Y,,,8.1,Hoburg 68550,Y,2003,306
2003-11-03,7.6,Y,,,7.6,Hoburg 68550,Y,2003,307
2003-11-04,8.2,Y,,,8.2,Hoburg 68550,Y,2003,308
2003-11-05,6.6,Y,,,6.6,Hoburg 68550,Y,2003,309
2003-11-06,6.4,Y,,,6.4,Hoburg 68550,Y,2003,310
2003-11-07,4.4,Y,,,4.4,Hoburg 68550,Y,2003,311
2003-11-08,4.4,Y,,,4.4,Hoburg 68550,Y,2003,312
2003-11-09,5.5,Y,,,5.5,Hoburg 68550,Y,2003,313
2003-11-10,5.5,Y,,,5.5,Hoburg 68550,Y,2003,314
2003-11-11,5.6,Y,,,5.6,Hoburg 68550,Y,2003,315
2003-11-12,5.5,Y,,,5.5,Hoburg 68550,Y,2003,316
2003-11-13,4.1,Y,,,4.1,Hoburg 68550,Y,2003,317
2003-11-14,4.9,Y,,,4.9,Hoburg 68550,Y,2003,318
2003-11-15,4.6,Y,,,4.6,Hoburg 68550,Y,2003,319
2003-11-16,6.8,Y,,,6.8,Hoburg 68550,Y,2003,320
2003-11-17,6.2,Y,,,6.2,Hoburg 68550,Y,2003,321
2003-11-18,4.3,Y,,,4.3,Hoburg 68550,Y,2003,322
2003-11-19,7.6,Y,,,7.6,Hoburg 68550,Y,2003,323
2003-11-20,6,Y,,,6,Hoburg 68550,Y,2003,324
2003-11-21,7,Y,,,7,Hoburg 68550,Y,2003,325
2003-11-22,6.8,Y,,,6.8,Hoburg 68550,Y,2003,326
2003-11-23,7.3,Y,,,7.3,Hoburg 68550,Y,2003,327
2003-11-24,3.3,Y,,,3.3,Hoburg 68550,Y,2003,328
2003-11-25,4.9,Y,,,4.9,Hoburg 68550,Y,2003,329
2003-11-26,6,Y,,,6,Hoburg 68550,Y,2003,330
2003-11-27,7.3,Y,,,7.3,Hoburg 68550,Y,2003,331
2003-11-28,7,Y,,,7,Hoburg 68550,Y,2003,332
2003-11-29,5.7,Y,,,5.7,Hoburg 68550,Y,2003,333
2003-11-30,6.3,Y,,,6.3,Hoburg 68550,Y,2003,334
2003-12-01,6.5,Y,,,6.5,Hoburg 68550,Y,2003,335
2003-12-02,6.2,Y,,,6.2,Hoburg 68550,Y,2003,336
2003-12-03,4.2,Y,,,4.2,Hoburg 68550,Y,2003,337
2003-12-04,3.5,Y,,,3.5,Hoburg 68550,Y,2003,338
2003-12-05,5.5,Y,,,5.5,Hoburg 68550,Y,2003,339
2003-12-06,0.8,Y,,,0.8,Hoburg 68550,Y,2003,340
2003-12-07,1.4,Y,,,1.4,Hoburg 68550,Y,2003,341
2003-12-08,5.1,Y,,,5.1,Hoburg 68550,Y,2003,342
2003-12-09,4.8,Y,,,4.8,Hoburg 68550,Y,2003,343
2003-12-10,4,Y,,,4,Hoburg 68550,Y,2003,344
2003-12-11,4.6,Y,,,4.6,Hoburg 68550,Y,2003,345
2003-12-12,2.9,Y,,,2.9,Hoburg 68550,Y,2003,346
2003-12-13,3.4,Y,,,3.4,Hoburg 68550,Y,2003,347
2003-12-14,5.2,Y,,,5.2,Hoburg 68550,Y,2003,348
2003-12-15,2,Y,,,2,Hoburg 68550,Y,2003,349
2003-12-16,0.7,Y,,,0.7,Hoburg 68550,Y,2003,350
2003-12-17,3.5,Y,,,3.5,Hoburg 68550,Y,2003,351
2003-12-18,6.1,Y,,,6.1,Hoburg 68550,Y,2003,352
2003-12-19,4.8,Y,,,4.8,Hoburg 68550,Y,2003,353
2003-12-20,3.8,Y,,,3.8,Hoburg 68550,Y,2003,354
2003-12-21,4.6,Y,,,4.6,Hoburg 68550,Y,2003,355
2003-12-22,-1.1,Y,,,-1.1,Hoburg 68550,Y,2003,356
2003-12-23,-1.9,Y,,,-1.9,Hoburg 68550,Y,2003,357
2003-12-24,2.5,Y,,,2.5,Hoburg 68550,Y,2003,358
2003-12-25,4.8,Y,,,4.8,Hoburg 68550,Y,2003,359
2003-12-26,5.5,Y,,,5.5,Hoburg 68550,Y,2003,360
2003-12-27,4.8,Y,,,4.8,Hoburg 68550,Y,2003,361
2003-12-28,4.6,Y,,,4.6,Hoburg 68550,Y,2003,362
2003-12-29,3.6,Y,,,3.6,Hoburg 68550,Y,2003,363
2003-12-30,0.2,Y,,,0.2,Hoburg 68550,Y,2003,364
2003-12-31,0,Y,,,0,Hoburg 68550,Y,2003,365
2004-01-01,-1.7,Y,,,-1.7,Hoburg 68550,Y,2004,1
2004-01-02,-2.7,Y,,,-2.7,Hoburg 68550,Y,2004,2
2004-01-03,-4.2,Y,,,-4.2,Hoburg 68550,Y,2004,3
2004-01-04,-1.5,Y,,,-1.5,Hoburg 68550,Y,2004,4
2004-01-05,-1.5,Y,,,-1.5,Hoburg 68550,Y,2004,5
2004-01-06,0,Y,,,0,Hoburg 68550,Y,2004,6
2004-01-07,0.3,Y,,,0.3,Hoburg 68550,Y,2004,7
2004-01-08,0.7,Y,,,0.7,Hoburg 68550,Y,2004,8
2004-01-09,-1.8,Y,,,-1.8,Hoburg 68550,Y,2004,9
2004-01-10,-2.8,Y,,,-2.8,Hoburg 68550,Y,2004,10
2004-01-11,-1.5,Y,,,-1.5,Hoburg 68550,Y,2004,11
2004-01-12,2.5,Y,,,2.5,Hoburg 68550,Y,2004,12
2004-01-13,2.9,Y,,,2.9,Hoburg 68550,Y,2004,13
2004-01-14,0.4,Y,,,0.4,Hoburg 68550,Y,2004,14
2004-01-15,0.5,Y,,,0.5,Hoburg 68550,Y,2004,15
2004-01-16,0.6,Y,,,0.6,Hoburg 68550,Y,2004,16
2004-01-17,-0.3,Y,,,-0.3,Hoburg 68550,Y,2004,17
2004-01-18,-0.8,Y,,,-0.8,Hoburg 68550,Y,2004,18
2004-01-19,0.3,Y,,,0.3,Hoburg 68550,Y,2004,19
2004-01-20,-2.5,Y,,,-2.5,Hoburg 68550,Y,2004,20
2004-01-21,-5.2,Y,,,-5.2,Hoburg 68550,Y,2004,21
2004-01-22,-3.6,Y,,,-3.6,Hoburg 68550,Y,2004,22
2004-01-23,-2.9,Y,,,-2.9,Hoburg 68550,Y,2004,23
2004-01-24,-1.6,Y,,,-1.6,Hoburg 68550,Y,2004,24
2004-01-25,-3,Y,,,-3,Hoburg 68550,Y,2004,25
2004-01-26,-2.4,Y,,,-2.4,Hoburg 68550,Y,2004,26
2004-01-27,-2,Y,,,-2,Hoburg 68550,Y,2004,27
2004-01-28,-1.5,Y,,,-1.5,Hoburg 68550,Y,2004,28
2004-01-29,-0.9,Y,,,-0.9,Hoburg 68550,Y,2004,29
2004-01-30,-0.7,Y,,,-0.7,Hoburg 68550,Y,2004,30
2004-01-31,1.5,Y,,,1.5,Hoburg 68550,Y,2004,31
2004-02-01,1.8,Y,,,1.8,Hoburg 68550,Y,2004,32
2004-02-02,0.9,Y,,,0.9,Hoburg 68550,Y,2004,33
2004-02-03,2.4,Y,,,2.4,Hoburg 68550,Y,2004,34
2004-02-04,4.6,Y,,,4.6,Hoburg 68550,Y,2004,35
2004-02-05,4,Y,,,4,Hoburg 68550,Y,2004,36
2004-02-06,4.1,Y,,,4.1,Hoburg 68550,Y,2004,37
2004-02-07,2.5,Y,,,2.5,Hoburg 68550,Y,2004,38
2004-02-08,1.5,Y,,,1.5,Hoburg 68550,Y,2004,39
2004-02-09,-1.6,Y,,,-1.6,Hoburg 68550,Y,2004,40
2004-02-10,-1.5,Y,,,-1.5,Hoburg 68550,Y,2004,41
2004-02-11,-5,Y,,,-5,Hoburg 68550,Y,2004,42
2004-02-12,-3.9,Y,,,-3.9,Hoburg 68550,Y,2004,43
2004-02-13,1.2,Y,,,1.2,Hoburg 68550,Y,2004,44
2004-02-14,2.1,Y,,,2.1,Hoburg 68550,Y,2004,45
2004-02-15,1.6,Y,,,1.6,Hoburg 68550,Y,2004,46
2004-02-16,1,Y,,,1,Hoburg 68550,Y,2004,47
2004-02-17,1.1,Y,,,1.1,Hoburg 68550,Y,2004,48
2004-02-18,-1,Y,,,-1,Hoburg 68550,Y,2004,49
2004-02-19,-2.9,Y,,,-2.9,Hoburg 68550,Y,2004,50
2004-02-20,1.1,Y,,,1.1,Hoburg 68550,Y,2004,51
2004-02-21,1.3,Y,,,1.3,Hoburg 68550,Y,2004,52
2004-02-22,0.5,Y,,,0.5,Hoburg 68550,Y,2004,53
2004-02-23,-0.5,Y,,,-0.5,Hoburg 68550,Y,2004,54
2004-02-24,-0.7,Y,,,-0.7,Hoburg 68550,Y,2004,55
2004-02-25,0.7,Y,,,0.7,Hoburg 68550,Y,2004,56
2004-02-26,0.7,Y,,,0.7,Hoburg 68550,Y,2004,57
2004-02-27,0.8,Y,,,0.8,Hoburg 68550,Y,2004,58
2004-02-28,-0.2,Y,,,-0.2,Hoburg 68550,Y,2004,59
2004-02-29,-0.5,Y,,,-0.5,Hoburg 68550,Y,2004,60
2004-03-01,0.2,Y,,,0.2,Hoburg 68550,Y,2004,61
2004-03-02,1.8,Y,,,1.8,Hoburg 68550,Y,2004,62
2004-03-03,-1.6,Y,,,-1.6,Hoburg 68550,Y,2004,63
2004-03-04,-3.2,Y,,,-3.2,Hoburg 68550,Y,2004,64
2004-03-05,-1.9,Y,,,-1.9,Hoburg 68550,Y,2004,65
2004-03-06,-0.8,Y,,,-0.8,Hoburg 68550,Y,2004,66
2004-03-07,0,Y,,,0,Hoburg 68550,Y,2004,67
2004-03-08,0,Y,,,0,Hoburg 68550,Y,2004,68
2004-03-09,0.9,Y,,,0.9,Hoburg 68550,Y,2004,69
2004-03-10,1.3,Y,,,1.3,Hoburg 68550,Y,2004,70
2004-03-11,0.9,Y,,,0.9,Hoburg 68550,Y,2004,71
2004-03-12,0.6,Y,,,0.6,Hoburg 68550,Y,2004,72
2004-03-13,1.4,Y,,,1.4,Hoburg 68550,Y,2004,73
2004-03-14,2.1,Y,,,2.1,Hoburg 68550,Y,2004,74
2004-03-15,3.3,Y,,,3.3,Hoburg 68550,Y,2004,75
2004-03-16,5.4,Y,,,5.4,Hoburg 68550,Y,2004,76
2004-03-17,4.9,Y,,,4.9,Hoburg 68550,Y,2004,77
2004-03-18,4.9,Y,,,4.9,Hoburg 68550,Y,2004,78
2004-03-19,3.5,Y,,,3.5,Hoburg 68550,Y,2004,79
2004-03-20,3.5,Y,,,3.5,Hoburg 68550,Y,2004,80
2004-03-21,2,Y,,,2,Hoburg 68550,Y,2004,81
2004-03-22,2.7,Y,,,2.7,Hoburg 68550,Y,2004,82
2004-03-23,2.5,Y,,,2.5,Hoburg 68550,Y,2004,83
2004-03-24,1.2,Y,,,1.2,Hoburg 68550,Y,2004,84
2004-03-25,1,Y,,,1,Hoburg 68550,Y,2004,85
2004-03-26,0.7,Y,,,0.7,Hoburg 68550,Y,2004,86
2004-03-27,1.6,Y,,,1.6,Hoburg 68550,Y,2004,87
2004-03-28,2.5,Y,,,2.5,Hoburg 68550,Y,2004,88
2004-03-29,3.1,Y,,,3.1,Hoburg 68550,Y,2004,89
2004-03-30,4.5,Y,,,4.5,Hoburg 68550,Y,2004,90
2004-03-31,5.2,Y,,,5.2,Hoburg 68550,Y,2004,91
2004-04-01,1.2,Y,,,1.2,Hoburg 68550,Y,2004,92
2004-04-02,0.3,Y,,,0.3,Hoburg 68550,Y,2004,93
2004-04-03,2.4,Y,,,2.4,Hoburg 68550,Y,2004,94
2004-04-04,3.6,Y,,,3.6,Hoburg 68550,Y,2004,95
2004-04-05,4,Y,,,4,Hoburg 68550,Y,2004,96
2004-04-06,2.5,Y,,,2.5,Hoburg 68550,Y,2004,97
2004-04-07,3.8,Y,,,3.8,Hoburg 68550,Y,2004,98
2004-04-08,6.2,Y,,,6.2,Hoburg 68550,Y,2004,99
2004-04-09,4.5,Y,,,4.5,Hoburg 68550,Y,2004,100
2004-04-10,3.6,Y,,,3.6,Hoburg 68550,Y,2004,101
2004-04-11,4.6,Y,,,4.6,Hoburg 68550,Y,2004,102
2004-04-12,3.9,Y,,,3.9,Hoburg 68550,Y,2004,103
2004-04-13,3.8,Y,,,3.8,Hoburg 68550,Y,2004,104
2004-04-14,5.2,Y,,,5.2,Hoburg 68550,Y,2004,105
2004-04-15,5.8,Y,,,5.8,Hoburg 68550,Y,2004,106
2004-04-16,6.8,Y,,,6.8,Hoburg 68550,Y,2004,107
2004-04-17,7.6,Y,,,7.6,Hoburg 68550,Y,2004,108
2004-04-18,7.9,Y,,,7.9,Hoburg 68550,Y,2004,109
2004-04-19,8,Y,,,8,Hoburg 68550,Y,2004,110
2004-04-20,6,Y,,,6,Hoburg 68550,Y,2004,111
2004-04-21,6.9,Y,,,6.9,Hoburg 68550,Y,2004,112
2004-04-22,5.8,Y,,,5.8,Hoburg 68550,Y,2004,113
2004-04-23,4.5,Y,,,4.5,Hoburg 68550,Y,2004,114
2004-04-24,7.4,Y,,,7.4,Hoburg 68550,Y,2004,115
2004-04-25,7,Y,,,7,Hoburg 68550,Y,2004,116
2004-04-26,7.9,Y,,,7.9,Hoburg 68550,Y,2004,117
2004-04-27,7.1,Y,,,7.1,Hoburg 68550,Y,2004,118
2004-04-28,7.2,Y,,,7.2,Hoburg 68550,Y,2004,119
2004-04-29,6.8,Y,,,6.8,Hoburg 68550,Y,2004,120
2004-04-30,7.5,Y,,,7.5,Hoburg 68550,Y,2004,121
2004-05-01,7.9,Y,,,7.9,Hoburg 68550,Y,2004,122
2004-05-02,9.5,Y,,,9.5,Hoburg 68550,Y,2004,123
2004-05-03,7.9,Y,,,7.9,Hoburg 68550,Y,2004,124
2004-05-04,8.2,Y,,,8.2,Hoburg 68550,Y,2004,125
2004-05-05,11.9,Y,,,11.9,Hoburg 68550,Y,2004,126
2004-05-06,13.4,Y,,,13.4,Hoburg 68550,Y,2004,127
2004-05-07,13.7,Y,,,13.7,Hoburg 68550,Y,2004,128
2004-05-08,13.9,Y,,,13.9,Hoburg 68550,Y,2004,129
2004-05-09,15,Y,,,15,Hoburg 68550,Y,2004,130
2004-05-10,11.2,Y,,,11.2,Hoburg 68550,Y,2004,131
2004-05-11,7.6,Y,,,7.6,Hoburg 68550,Y,2004,132
2004-05-12,6.4,Y,,,6.4,Hoburg 68550,Y,2004,133
2004-05-13,5.8,Y,,,5.8,Hoburg 68550,Y,2004,134
2004-05-14,6.8,Y,,,6.8,Hoburg 68550,Y,2004,135
2004-05-15,8.4,Y,,,8.4,Hoburg 68550,Y,2004,136
2004-05-16,9.4,Y,,,9.4,Hoburg 68550,Y,2004,137
2004-05-17,9.6,Y,,,9.6,Hoburg 68550,Y,2004,138
2004-05-18,11.1,Y,,,11.1,Hoburg 68550,Y,2004,139
2004-05-19,9.9,Y,,,9.9,Hoburg 68550,Y,2004,140
2004-05-20,9.5,Y,,,9.5,Hoburg 68550,Y,2004,141
2004-05-21,8.7,Y,,,8.7,Hoburg 68550,Y,2004,142
2004-05-22,8.3,Y,,,8.3,Hoburg 68550,Y,2004,143
2004-05-23,7,Y,,,7,Hoburg 68550,Y,2004,144
2004-05-24,8.3,Y,,,8.3,Hoburg 68550,Y,2004,145
2004-05-25,9.6,Y,,,9.6,Hoburg 68550,Y,2004,146
2004-05-26,7.9,Y,,,7.9,Hoburg 68550,Y,2004,147
2004-05-27,9.2,Y,,,9.2,Hoburg 68550,Y,2004,148
2004-05-28,10.9,Y,,,10.9,Hoburg 68550,Y,2004,149
2004-05-29,10.4,Y,,,10.4,Hoburg 68550,Y,2004,150
2004-05-30,10.7,Y,,,10.7,Hoburg 68550,Y,2004,151
2004-05-31,11.4,Y,,,11.4,Hoburg 68550,Y,2004,152
2004-06-01,12.1,Y,,,12.1,Hoburg 68550,Y,2004,153
2004-06-02,13.6,Y,,,13.6,Hoburg 68550,Y,2004,154
2004-06-03,13.7,Y,,,13.7,Hoburg 68550,Y,2004,155
2004-06-04,13.8,Y,,,13.8,Hoburg 68550,Y,2004,156
2004-06-05,14.8,Y,,,14.8,Hoburg 68550,Y,2004,157
2004-06-06,14.4,Y,,,14.4,Hoburg 68550,Y,2004,158
2004-06-07,14.8,Y,,,14.8,Hoburg 68550,Y,2004,159
2004-06-08,12.1,Y,,,12.1,Hoburg 68550,Y,2004,160
2004-06-09,12.7,Y,,,12.7,Hoburg 68550,Y,2004,161
2004-06-10,11.5,Y,,,11.5,Hoburg 68550,Y,2004,162
2004-06-11,14.3,Y,,,14.3,Hoburg 68550,Y,2004,163
2004-06-12,12.5,Y,,,12.5,Hoburg 68550,Y,2004,164
2004-06-13,13.6,Y,,,13.6,Hoburg 68550,Y,2004,165
2004-06-14,13.8,Y,,,13.8,Hoburg 68550,Y,2004,166
2004-06-15,12.3,Y,,,12.3,Hoburg 68550,Y,2004,167
2004-06-16,10.9,Y,,,10.9,Hoburg 68550,Y,2004,168
2004-06-17,12.5,Y,,,12.5,Hoburg 68550,Y,2004,169
2004-06-18,11.4,Y,,,11.4,Hoburg 68550,Y,2004,170
2004-06-19,11.6,Y,,,11.6,Hoburg 68550,Y,2004,171
2004-06-20,12.5,Y,,,12.5,Hoburg 68550,Y,2004,172
2004-06-21,13.2,Y,,,13.2,Hoburg 68550,Y,2004,173
2004-06-22,13.4,Y,,,13.4,Hoburg 68550,Y,2004,174
2004-06-23,13.7,Y,,,13.7,Hoburg 68550,Y,2004,175
2004-06-24,13.9,Y,,,13.9,Hoburg 68550,Y,2004,176
2004-06-25,14.2,Y,,,14.2,Hoburg 68550,Y,2004,177
2004-06-26,13.7,Y,,,13.7,Hoburg 68550,Y,2004,178
2004-06-27,14.3,Y,,,14.3,Hoburg 68550,Y,2004,179
2004-06-28,14,Y,,,14,Hoburg 68550,Y,2004,180
2004-06-29,14.4,Y,,,14.4,Hoburg 68550,Y,2004,181
2004-06-30,15.1,Y,,,15.1,Hoburg 68550,Y,2004,182
2004-07-01,14.3,Y,,,14.3,Hoburg 68550,Y,2004,183
2004-07-02,14.9,Y,,,14.9,Hoburg 68550,Y,2004,184
2004-07-03,14.8,Y,,,14.8,Hoburg 68550,Y,2004,185
2004-07-04,15,Y,,,15,Hoburg 68550,Y,2004,186
2004-07-05,14.8,Y,,,14.8,Hoburg 68550,Y,2004,187
2004-07-06,15.2,Y,,,15.2,Hoburg 68550,Y,2004,188
2004-07-07,15.3,Y,,,15.3,Hoburg 68550,Y,2004,189
2004-07-08,15.4,Y,,,15.4,Hoburg 68550,Y,2004,190
2004-07-09,15.4,Y,,,15.4,Hoburg 68550,Y,2004,191
2004-07-10,15.1,Y,,,15.1,Hoburg 68550,Y,2004,192
2004-07-11,12.8,Y,,,12.8,Hoburg 68550,Y,2004,193
2004-07-12,13.9,Y,,,13.9,Hoburg 68550,Y,2004,194
2004-07-13,14.3,Y,,,14.3,Hoburg 68550,Y,2004,195
2004-07-14,14,Y,,,14,Hoburg 68550,Y,2004,196
2004-07-15,14.7,Y,,,14.7,Hoburg 68550,Y,2004,197
2004-07-16,14.7,Y,,,14.7,Hoburg 68550,Y,2004,198
2004-07-17,15.7,Y,,,15.7,Hoburg 68550,Y,2004,199
2004-07-18,14,Y,,,14,Hoburg 68550,Y,2004,200
2004-07-19,15,Y,,,15,Hoburg 68550,Y,2004,201
2004-07-20,15.9,Y,,,15.9,Hoburg 68550,Y,2004,202
2004-07-21,14.7,Y,,,14.7,Hoburg 68550,Y,2004,203
2004-07-22,18.4,Y,,,18.4,Hoburg 68550,Y,2004,204
2004-07-23,16.7,Y,,,16.7,Hoburg 68550,Y,2004,205
2004-07-24,16.3,Y,,,16.3,Hoburg 68550,Y,2004,206
2004-07-25,16.3,Y,,,16.3,Hoburg 68550,Y,2004,207
2004-07-26,15,Y,,,15,Hoburg 68550,Y,2004,208
2004-07-27,16.5,Y,,,16.5,Hoburg 68550,Y,2004,209
2004-07-28,17.7,Y,,,17.7,Hoburg 68550,Y,2004,210
2004-07-29,19.5,Y,,,19.5,Hoburg 68550,Y,2004,211
2004-07-30,18.5,Y,,,18.5,Hoburg 68550,Y,2004,212
2004-07-31,18.2,Y,,,18.2,Hoburg 68550,Y,2004,213
2004-08-01,18.2,Y,,,18.2,Hoburg 68550,Y,2004,214
2004-08-02,18.3,Y,,,18.3,Hoburg 68550,Y,2004,215
2004-08-03,18.7,Y,,,18.7,Hoburg 68550,Y,2004,216
2004-08-04,20.6,Y,,,20.6,Hoburg 68550,Y,2004,217
2004-08-05,20.4,Y,,,20.4,Hoburg 68550,Y,2004,218
2004-08-06,21.7,Y,,,21.7,Hoburg 68550,Y,2004,219
2004-08-07,22.1,Y,,,22.1,Hoburg 68550,Y,2004,220
2004-08-08,22.6,Y,,,22.6,Hoburg 68550,Y,2004,221
2004-08-09,22,Y,,,22,Hoburg 68550,Y,2004,222
2004-08-10,20.3,Y,,,20.3,Hoburg 68550,Y,2004,223
2004-08-11,19.2,Y,,,19.2,Hoburg 68550,Y,2004,224
2004-08-12,20,Y,,,20,Hoburg 68550,Y,2004,225
2004-08-13,19.6,Y,,,19.6,Hoburg 68550,Y,2004,226
2004-08-14,16.6,Y,,,16.6,Hoburg 68550,Y,2004,227
2004-08-15,19.7,Y,,,19.7,Hoburg 68550,Y,2004,228
2004-08-16,19.3,Y,,,19.3,Hoburg 68550,Y,2004,229
2004-08-17,19,Y,,,19,Hoburg 68550,Y,2004,230
2004-08-18,19.6,Y,,,19.6,Hoburg 68550,Y,2004,231
2004-08-19,19.1,Y,,,19.1,Hoburg 68550,Y,2004,232
2004-08-20,19.4,Y,,,19.4,Hoburg 68550,Y,2004,233
2004-08-21,19.1,Y,,,19.1,Hoburg 68550,Y,2004,234
2004-08-22,16.8,Y,,,16.8,Hoburg 68550,Y,2004,235
2004-08-23,15.7,Y,,,15.7,Hoburg 68550,Y,2004,236
2004-08-24,15.5,Y,,,15.5,Hoburg 68550,Y,2004,237
2004-08-25,15,Y,,,15,Hoburg 68550,Y,2004,238
2004-08-26,15.8,Y,,,15.8,Hoburg 68550,Y,2004,239
2004-08-27,16.4,Y,,,16.4,Hoburg 68550,Y,2004,240
2004-08-28,17.2,Y,,,17.2,Hoburg 68550,Y,2004,241
2004-08-29,17.1,Y,,,17.1,Hoburg 68550,Y,2004,242
2004-08-30,16.2,Y,,,16.2,Hoburg 68550,Y,2004,243
2004-08-31,15.8,Y,,,15.8,Hoburg 68550,Y,2004,244
2004-09-01,15.2,Y,,,15.2,Hoburg 68550,Y,2004,245
2004-09-02,15.6,Y,,,15.6,Hoburg 68550,Y,2004,246
2004-09-03,15.9,Y,,,15.9,Hoburg 68550,Y,2004,247
2004-09-04,16.3,Y,,,16.3,Hoburg 68550,Y,2004,248
2004-09-05,16.8,Y,,,16.8,Hoburg 68550,Y,2004,249
2004-09-06,17.4,Y,,,17.4,Hoburg 68550,Y,2004,250
2004-09-07,14.8,Y,,,14.8,Hoburg 68550,Y,2004,251
2004-09-08,12.2,Y,,,12.2,Hoburg 68550,Y,2004,252
2004-09-09,12.3,Y,,,12.3,Hoburg 68550,Y,2004,253
2004-09-10,15.6,Y,,,15.6,Hoburg 68550,Y,2004,254
2004-09-11,15.9,Y,,,15.9,Hoburg 68550,Y,2004,255
2004-09-12,15.7,Y,,,15.7,Hoburg 68550,Y,2004,256
2004-09-13,14.7,Y,,,14.7,Hoburg 68550,Y,2004,257
2004-09-14,15.3,Y,,,15.3,Hoburg 68550,Y,2004,258
2004-09-15,14.3,Y,,,14.3,Hoburg 68550,Y,2004,259
2004-09-16,10.4,Y,,,10.4,Hoburg 68550,Y,2004,260
2004-09-17,12.8,Y,,,12.8,Hoburg 68550,Y,2004,261
2004-09-18,13.9,Y,,,13.9,Hoburg 68550,Y,2004,262
2004-09-19,14.4,Y,,,14.4,Hoburg 68550,Y,2004,263
2004-09-20,13.6,Y,,,13.6,Hoburg 68550,Y,2004,264
2004-09-21,12.7,Y,,,12.7,Hoburg 68550,Y,2004,265
2004-09-22,11.9,Y,,,11.9,Hoburg 68550,Y,2004,266
2004-09-23,11.7,Y,,,11.7,Hoburg 68550,Y,2004,267
2004-09-24,12.3,Y,,,12.3,Hoburg 68550,Y,2004,268
2004-09-25,12,Y,,,12,Hoburg 68550,Y,2004,269
2004-09-26,11.7,Y,,,11.7,Hoburg 68550,Y,2004,270
2004-09-27,12.7,Y,,,12.7,Hoburg 68550,Y,2004,271
2004-09-28,11.8,Y,,,11.8,Hoburg 68550,Y,2004,272
2004-09-29,10.2,Y,,,10.2,Hoburg 68550,Y,2004,273
2004-09-30,10.6,Y,,,10.6,Hoburg 68550,Y,2004,274
2004-10-01,10.6,Y,,,10.6,Hoburg 68550,Y,2004,275
2004-10-02,11.2,Y,,,11.2,Hoburg 68550,Y,2004,276
2004-10-03,10.7,Y,,,10.7,Hoburg 68550,Y,2004,277
2004-10-04,11.3,Y,,,11.3,Hoburg 68550,Y,2004,278
2004-10-05,12.7,Y,,,12.7,Hoburg 68550,Y,2004,279
2004-10-06,12.2,Y,,,12.2,Hoburg 68550,Y,2004,280
2004-10-07,11.9,Y,,,11.9,Hoburg 68550,Y,2004,281
2004-10-08,11.4,Y,,,11.4,Hoburg 68550,Y,2004,282
2004-10-09,7.9,Y,,,7.9,Hoburg 68550,Y,2004,283
2004-10-10,6.6,Y,,,6.6,Hoburg 68550,Y,2004,284
2004-10-11,5,Y,,,5,Hoburg 68550,Y,2004,285
2004-10-12,6.3,Y,,,6.3,Hoburg 68550,Y,2004,286
2004-10-13,7.9,Y,,,7.9,Hoburg 68550,Y,2004,287
2004-10-14,8.4,Y,,,8.4,Hoburg 68550,Y,2004,288
2004-10-15,9.1,Y,,,9.1,Hoburg 68550,Y,2004,289
2004-10-16,9.7,Y,,,9.7,Hoburg 68550,Y,2004,290
2004-10-17,9.3,Y,,,9.3,Hoburg 68550,Y,2004,291
2004-10-18,8.5,Y,,,8.5,Hoburg 68550,Y,2004,292
2004-10-19,8.5,Y,,,8.5,Hoburg 68550,Y,2004,293
2004-10-20,7.7,Y,,,7.7,Hoburg 68550,Y,2004,294
2004-10-21,9.2,Y,,,9.2,Hoburg 68550,Y,2004,295
2004-10-22,9.4,Y,,,9.4,Hoburg 68550,Y,2004,296
2004-10-23,10.1,Y,,,10.1,Hoburg 68550,Y,2004,297
2004-10-24,9.6,Y,,,9.6,Hoburg 68550,Y,2004,298
2004-10-25,9.2,Y,,,9.2,Hoburg 68550,Y,2004,299
2004-10-26,9.9,Y,,,9.9,Hoburg 68550,Y,2004,300
2004-10-27,6.8,Y,,,6.8,Hoburg 68550,Y,2004,301
2004-10-28,6.5,Y,,,6.5,Hoburg 68550,Y,2004,302
2004-10-29,7.4,Y,,,7.4,Hoburg 68550,Y,2004,303
2004-10-30,7.5,Y,,,7.5,Hoburg 68550,Y,2004,304
2004-10-31,7.4,Y,,,7.4,Hoburg 68550,Y,2004,305
2004-11-01,7.7,Y,,,7.7,Hoburg 68550,Y,2004,306
2004-11-02,5.7,Y,,,5.7,Hoburg 68550,Y,2004,307
2004-11-03,6.9,Y,,,6.9,Hoburg 68550,Y,2004,308
2004-11-04,8.5,Y,,,8.5,Hoburg 68550,Y,2004,309
2004-11-05,8,Y,,,8,Hoburg 68550,Y,2004,310
2004-11-06,5.3,Y,,,5.3,Hoburg 68550,Y,2004,311
2004-11-07,5,Y,,,5,Hoburg 68550,Y,2004,312
2004-11-08,5.9,Y,,,5.9,Hoburg 68550,Y,2004,313
2004-11-09,4.9,Y,,,4.9,Hoburg 68550,Y,2004,314
2004-11-10,7.4,Y,,,7.4,Hoburg 68550,Y,2004,315
2004-11-11,6.6,Y,,,6.6,Hoburg 68550,Y,2004,316
2004-11-12,7.2,Y,,,7.2,Hoburg 68550,Y,2004,317
2004-11-13,5,Y,,,5,Hoburg 68550,Y,2004,318
2004-11-14,4.9,Y,,,4.9,Hoburg 68550,Y,2004,319
2004-11-15,7.8,Y,,,7.8,Hoburg 68550,Y,2004,320
2004-11-16,5,Y,,,5,Hoburg 68550,Y,2004,321
2004-11-17,2.3,Y,,,2.3,Hoburg 68550,Y,2004,322
2004-11-18,3.1,Y,,,3.1,Hoburg 68550,Y,2004,323
2004-11-19,0.1,Y,,,0.1,Hoburg 68550,Y,2004,324
2004-11-20,0.3,Y,,,0.3,Hoburg 68550,Y,2004,325
2004-11-21,-1.1,Y,,,-1.1,Hoburg 68550,Y,2004,326
2004-11-22,0.9,Y,,,0.9,Hoburg 68550,Y,2004,327
2004-11-23,0.8,Y,,,0.8,Hoburg 68550,Y,2004,328
2004-11-24,0.1,Y,,,0.1,Hoburg 68550,Y,2004,329
2004-11-25,3.8,Y,,,3.8,Hoburg 68550,Y,2004,330
2004-11-26,2.1,Y,,,2.1,Hoburg 68550,Y,2004,331
2004-11-27,1.7,Y,,,1.7,Hoburg 68550,Y,2004,332
2004-11-28,1.2,Y,,,1.2,Hoburg 68550,Y,2004,333
2004-11-29,3.7,Y,,,3.7,Hoburg 68550,Y,2004,334
2004-11-30,4.3,Y,,,4.3,Hoburg 68550,Y,2004,335
2004-12-01,3.6,Y,,,3.6,Hoburg 68550,Y,2004,336
2004-12-02,4.2,Y,,,4.2,Hoburg 68550,Y,2004,337
2004-12-03,3,Y,,,3,Hoburg 68550,Y,2004,338
2004-12-04,3.8,Y,,,3.8,Hoburg 68550,Y,2004,339
2004-12-05,5.8,Y,,,5.8,Hoburg 68550,Y,2004,340
2004-12-06,4.4,Y,,,4.4,Hoburg 68550,Y,2004,341
2004-12-07,5.9,Y,,,5.9,Hoburg 68550,Y,2004,342
2004-12-08,5.5,Y,,,5.5,Hoburg 68550,Y,2004,343
2004-12-09,4,Y,,,4,Hoburg 68550,Y,2004,344
2004-12-10,5,Y,,,5,Hoburg 68550,Y,2004,345
2004-12-11,3.5,Y,,,3.5,Hoburg 68550,Y,2004,346
2004-12-12,3.7,Y,,,3.7,Hoburg 68550,Y,2004,347
2004-12-13,2.3,Y,,,2.3,Hoburg 68550,Y,2004,348
2004-12-14,3.6,Y,,,3.6,Hoburg 68550,Y,2004,349
2004-12-15,3.9,Y,,,3.9,Hoburg 68550,Y,2004,350
2004-12-16,4,Y,,,4,Hoburg 68550,Y,2004,351
2004-12-17,4.5,Y,,,4.5,Hoburg 68550,Y,2004,352
2004-12-18,3.9,Y,,,3.9,Hoburg 68550,Y,2004,353
2004-12-19,0.5,Y,,,0.5,Hoburg 68550,Y,2004,354
2004-12-20,-0.4,Y,,,-0.4,Hoburg 68550,Y,2004,355
2004-12-21,0.6,Y,,,0.6,Hoburg 68550,Y,2004,356
2004-12-22,2.3,Y,,,2.3,Hoburg 68550,Y,2004,357
2004-12-23,4.3,Y,,,4.3,Hoburg 68550,Y,2004,358
2004-12-24,1.3,Y,,,1.3,Hoburg 68550,Y,2004,359
2004-12-25,3.2,Y,,,3.2,Hoburg 68550,Y,2004,360
2004-12-26,2.4,Y,,,2.4,Hoburg 68550,Y,2004,361
2004-12-27,0.8,Y,,,0.8,Hoburg 68550,Y,2004,362
2004-12-28,-0.2,Y,,,-0.2,Hoburg 68550,Y,2004,363
2004-12-29,1.3,Y,,,1.3,Hoburg 68550,Y,2004,364
2004-12-30,3.7,Y,,,3.7,Hoburg 68550,Y,2004,365
2004-12-31,3,Y,,,3,Hoburg 68550,Y,2004,366
2005-01-01,1,Y,,,1,Hoburg 68550,Y,2005,1
2005-01-02,3.3,Y,,,3.3,Hoburg 68550,Y,2005,2
2005-01-03,3,Y,,,3,Hoburg 68550,Y,2005,3
2005-01-04,3.2,Y,,,3.2,Hoburg 68550,Y,2005,4
2005-01-05,4.4,Y,,,4.4,Hoburg 68550,Y,2005,5
2005-01-06,4.1,Y,,,4.1,Hoburg 68550,Y,2005,6
2005-01-07,5.6,Y,,,5.6,Hoburg 68550,Y,2005,7
2005-01-08,6,Y,,,6,Hoburg 68550,Y,2005,8
2005-01-09,4.8,Y,,,4.8,Hoburg 68550,Y,2005,9
2005-01-10,5.6,Y,,,5.6,Hoburg 68550,Y,2005,10
2005-01-11,5.3,Y,,,5.3,Hoburg 68550,Y,2005,11
2005-01-12,4.8,Y,,,4.8,Hoburg 68550,Y,2005,12
2005-01-13,4.5,Y,,,4.5,Hoburg 68550,Y,2005,13
2005-01-14,3.4,Y,,,3.4,Hoburg 68550,Y,2005,14
2005-01-15,0.9,Y,,,0.9,Hoburg 68550,Y,2005,15
2005-01-16,2.2,Y,,,2.2,Hoburg 68550,Y,2005,16
2005-01-17,3.3,Y,,,3.3,Hoburg 68550,Y,2005,17
2005-01-18,3.5,Y,,,3.5,Hoburg 68550,Y,2005,18
2005-01-19,3,Y,,,3,Hoburg 68550,Y,2005,19
2005-01-20,2.6,Y,,,2.6,Hoburg 68550,Y,2005,20
2005-01-21,1.5,Y,,,1.5,Hoburg 68550,Y,2005,21
2005-01-22,0.3,Y,,,0.3,Hoburg 68550,Y,2005,22
2005-01-23,0.3,Y,,,0.3,Hoburg 68550,Y,2005,23
2005-01-24,-0.8,Y,,,-0.8,Hoburg 68550,Y,2005,24
2005-01-25,-3.1,Y,,,-3.1,Hoburg 68550,Y,2005,25
2005-01-26,-1.2,Y,,,-1.2,Hoburg 68550,Y,2005,26
2005-01-27,-1.4,Y,,,-1.4,Hoburg 68550,Y,2005,27
2005-01-28,-3.3,Y,,,-3.3,Hoburg 68550,Y,2005,28
2005-01-29,-3.3,Y,,,-3.3,Hoburg 68550,Y,2005,29
2005-01-30,0.8,Y,,,0.8,Hoburg 68550,Y,2005,30
2005-01-31,3,Y,,,3,Hoburg 68550,Y,2005,31
2005-02-01,2.6,Y,,,2.6,Hoburg 68550,Y,2005,32
2005-02-02,1.5,Y,,,1.5,Hoburg 68550,Y,2005,33
2005-02-03,-0.1,Y,,,-0.1,Hoburg 68550,Y,2005,34
2005-02-04,1.1,Y,,,1.1,Hoburg 68550,Y,2005,35
2005-02-05,1.7,Y,,,1.7,Hoburg 68550,Y,2005,36
2005-02-06,-0.5,Y,,,-0.5,Hoburg 68550,Y,2005,37
2005-02-07,0.4,Y,,,0.4,Hoburg 68550,Y,2005,38
2005-02-08,0.1,Y,,,0.1,Hoburg 68550,Y,2005,39
2005-02-09,0,Y,,,0,Hoburg 68550,Y,2005,40
2005-02-10,2.3,Y,,,2.3,Hoburg 68550,Y,2005,41
2005-02-11,2.5,Y,,,2.5,Hoburg 68550,Y,2005,42
2005-02-12,1.4,Y,,,1.4,Hoburg 68550,Y,2005,43
2005-02-13,1.4,Y,,,1.4,Hoburg 68550,Y,2005,44
2005-02-14,0.6,Y,,,0.6,Hoburg 68550,Y,2005,45
2005-02-15,-2.3,Y,,,-2.3,Hoburg 68550,Y,2005,46
2005-02-16,-1.8,Y,,,-1.8,Hoburg 68550,Y,2005,47
2005-02-17,-0.5,Y,,,-0.5,Hoburg 68550,Y,2005,48
2005-02-18,0.1,Y,,,0.1,Hoburg 68550,Y,2005,49
2005-02-19,1.5,Y,,,1.5,Hoburg 68550,Y,2005,50
2005-02-20,1.1,Y,,,1.1,Hoburg 68550,Y,2005,51
2005-02-21,-0.5,Y,,,-0.5,Hoburg 68550,Y,2005,52
2005-02-22,-2,Y,,,-2,Hoburg 68550,Y,2005,53
2005-02-23,-0.9,Y,,,-0.9,Hoburg 68550,Y,2005,54
2005-02-24,0,Y,,,0,Hoburg 68550,Y,2005,55
2005-02-25,-2,Y,,,-2,Hoburg 68550,Y,2005,56
2005-02-26,-3.6,Y,,,-3.6,Hoburg 68550,Y,2005,57
2005-02-27,-6.1,Y,,,-6.1,Hoburg 68550,Y,2005,58
2005-02-28,-6.4,Y,,,-6.4,Hoburg 68550,Y,2005,59
2005-03-01,-7.4,Y,,,-7.4,Hoburg 68550,Y,2005,60
2005-03-02,-5.9,Y,,,-5.9,Hoburg 68550,Y,2005,61
2005-03-03,-6,Y,,,-6,Hoburg 68550,Y,2005,62
2005-03-04,-4.7,Y,,,-4.7,Hoburg 68550,Y,2005,63
2005-03-05,-3.8,Y,,,-3.8,Hoburg 68550,Y,2005,64
2005-03-06,-2,Y,,,-2,Hoburg 68550,Y,2005,65
2005-03-07,-0.9,Y,,,-0.9,Hoburg 68550,Y,2005,66
2005-03-08,-0.1,Y,,,-0.1,Hoburg 68550,Y,2005,67
2005-03-09,-4,Y,,,-4,Hoburg 68550,Y,2005,68
2005-03-10,-0.6,Y,,,-0.6,Hoburg 68550,Y,2005,69
2005-03-11,0.6,Y,,,0.6,Hoburg 68550,Y,2005,70
2005-03-12,-3.2,Y,,,-3.2,Hoburg 68550,Y,2005,71
2005-03-13,-4.8,Y,,,-4.8,Hoburg 68550,Y,2005,72
2005-03-14,-1.3,Y,,,-1.3,Hoburg 68550,Y,2005,73
2005-03-15,-0.3,Y,,,-0.3,Hoburg 68550,Y,2005,74
2005-03-16,1.5,Y,,,1.5,Hoburg 68550,Y,2005,75
2005-03-17,3.4,Y,,,3.4,Hoburg 68550,Y,2005,76
2005-03-18,-1,Y,,,-1,Hoburg 68550,Y,2005,77
2005-03-19,-2.8,Y,,,-2.8,Hoburg 68550,Y,2005,78
2005-03-20,-1.3,Y,,,-1.3,Hoburg 68550,Y,2005,79
2005-03-21,-1.6,Y,,,-1.6,Hoburg 68550,Y,2005,80
2005-03-22,1.4,Y,,,1.4,Hoburg 68550,Y,2005,81
2005-03-23,2.5,Y,,,2.5,Hoburg 68550,Y,2005,82
2005-03-24,4.3,Y,,,4.3,Hoburg 68550,Y,2005,83
2005-03-25,4.8,Y,,,4.8,Hoburg 68550,Y,2005,84
2005-03-26,3.8,Y,,,3.8,Hoburg 68550,Y,2005,85
2005-03-27,2.1,Y,,,2.1,Hoburg 68550,Y,2005,86
2005-03-28,-0.7,Y,,,-0.7,Hoburg 68550,Y,2005,87
2005-03-29,1.5,Y,,,1.5,Hoburg 68550,Y,2005,88
2005-03-30,0.6,Y,,,0.6,Hoburg 68550,Y,2005,89
2005-03-31,1.6,Y,,,1.6,Hoburg 68550,Y,2005,90
2005-04-01,2.4,Y,,,2.4,Hoburg 68550,Y,2005,91
2005-04-02,4,Y,,,4,Hoburg 68550,Y,2005,92
2005-04-03,4.9,Y,,,4.9,Hoburg 68550,Y,2005,93
2005-04-04,5,Y,,,5,Hoburg 68550,Y,2005,94
2005-04-05,4.8,Y,,,4.8,Hoburg 68550,Y,2005,95
2005-04-06,4.4,Y,,,4.4,Hoburg 68550,Y,2005,96
2005-04-07,4.5,Y,,,4.5,Hoburg 68550,Y,2005,97
2005-04-08,4.6,Y,,,4.6,Hoburg 68550,Y,2005,98
2005-04-09,4.1,Y,,,4.1,Hoburg 68550,Y,2005,99
2005-04-10,3.6,Y,,,3.6,Hoburg 68550,Y,2005,100
2005-04-11,4.9,Y,,,4.9,Hoburg 68550,Y,2005,101
2005-04-12,5.6,Y,,,5.6,Hoburg 68550,Y,2005,102
2005-04-13,5.5,Y,,,5.5,Hoburg 68550,Y,2005,103
2005-04-14,5.6,Y,,,5.6,Hoburg 68550,Y,2005,104
2005-04-15,9.7,Y,,,9.7,Hoburg 68550,Y,2005,105
2005-04-16,9.2,Y,,,9.2,Hoburg 68550,Y,2005,106
2005-04-17,8.1,Y,,,8.1,Hoburg 68550,Y,2005,107
2005-04-18,6.9,Y,,,6.9,Hoburg 68550,Y,2005,108
2005-04-19,3.4,Y,,,3.4,Hoburg 68550,Y,2005,109
2005-04-20,0.8,Y,,,0.8,Hoburg 68550,Y,2005,110
2005-04-21,2.9,Y,,,2.9,Hoburg 68550,Y,2005,111
2005-04-22,2.5,Y,,,2.5,Hoburg 68550,Y,2005,112
2005-04-23,2.7,Y,,,2.7,Hoburg 68550,Y,2005,113
2005-04-24,2.8,Y,,,2.8,Hoburg 68550,Y,2005,114
2005-04-25,4,Y,,,4,Hoburg 68550,Y,2005,115
2005-04-26,5.6,Y,,,5.6,Hoburg 68550,Y,2005,116
2005-04-27,7.2,Y,,,7.2,Hoburg 68550,Y,2005,117
2005-04-28,7.9,Y,,,7.9,Hoburg 68550,Y,2005,118
2005-04-29,7.4,Y,,,7.4,Hoburg 68550,Y,2005,119
2005-04-30,7.7,Y,,,7.7,Hoburg 68550,Y,2005,120
2005-05-01,7.4,Y,,,7.4,Hoburg 68550,Y,2005,121
2005-05-02,6.7,Y,,,6.7,Hoburg 68550,Y,2005,122
2005-05-03,8.2,Y,,,8.2,Hoburg 68550,Y,2005,123
2005-05-04,6.8,Y,,,6.8,Hoburg 68550,Y,2005,124
2005-05-05,5.8,Y,,,5.8,Hoburg 68550,Y,2005,125
2005-05-06,6.4,Y,,,6.4,Hoburg 68550,Y,2005,126
2005-05-07,6.8,Y,,,6.8,Hoburg 68550,Y,2005,127
2005-05-08,7.2,Y,,,7.2,Hoburg 68550,Y,2005,128
2005-05-09,8,Y,,,8,Hoburg 68550,Y,2005,129
2005-05-10,6.4,Y,,,6.4,Hoburg 68550,Y,2005,130
2005-05-11,7.9,Y,,,7.9,Hoburg 68550,Y,2005,131
2005-05-12,9.7,Y,,,9.7,Hoburg 68550,Y,2005,132
2005-05-13,9.9,Y,,,9.9,Hoburg 68550,Y,2005,133
2005-05-14,8.9,Y,,,8.9,Hoburg 68550,Y,2005,134
2005-05-15,9.4,Y,,,9.4,Hoburg 68550,Y,2005,135
2005-05-16,8.2,Y,,,8.2,Hoburg 68550,Y,2005,136
2005-05-17,7.8,Y,,,7.8,Hoburg 68550,Y,2005,137
2005-05-18,8.2,Y,,,8.2,Hoburg 68550,Y,2005,138
2005-05-19,8.8,Y,,,8.8,Hoburg 68550,Y,2005,139
2005-05-20,8.4,Y,,,8.4,Hoburg 68550,Y,2005,140
2005-05-21,9.5,Y,,,9.5,Hoburg 68550,Y,2005,141
2005-05-22,9.4,Y,,,9.4,Hoburg 68550,Y,2005,142
2005-05-23,12.8,Y,,,12.8,Hoburg 68550,Y,2005,143
2005-05-24,11.2,Y,,,11.2,Hoburg 68550,Y,2005,144
2005-05-25,10.9,Y,,,10.9,Hoburg 68550,Y,2005,145
2005-05-26,11.5,Y,,,11.5,Hoburg 68550,Y,2005,146
2005-05-27,14.1,Y,,,14.1,Hoburg 68550,Y,2005,147
2005-05-28,14.5,Y,,,14.5,Hoburg 68550,Y,2005,148
2005-05-29,14.5,Y,,,14.5,Hoburg 68550,Y,2005,149
2005-05-30,11.7,Y,,,11.7,Hoburg 68550,Y,2005,150
2005-05-31,9.7,Y,,,9.7,Hoburg 68550,Y,2005,151
2005-06-01,10.1,Y,,,10.1,Hoburg 68550,Y,2005,152
2005-06-02,10.2,Y,,,10.2,Hoburg 68550,Y,2005,153
2005-06-03,10.4,Y,,,10.4,Hoburg 68550,Y,2005,154
2005-06-04,12.3,Y,,,12.3,Hoburg 68550,Y,2005,155
2005-06-05,12.2,Y,,,12.2,Hoburg 68550,Y,2005,156
2005-06-06,11.2,Y,,,11.2,Hoburg 68550,Y,2005,157
2005-06-07,9.8,Y,,,9.8,Hoburg 68550,Y,2005,158
2005-06-08,11.3,Y,,,11.3,Hoburg 68550,Y,2005,159
2005-06-09,12,Y,,,12,Hoburg 68550,Y,2005,160
2005-06-10,12.4,Y,,,12.4,Hoburg 68550,Y,2005,161
2005-06-11,11.6,Y,,,11.6,Hoburg 68550,Y,2005,162
2005-06-12,11.8,Y,,,11.8,Hoburg 68550,Y,2005,163
2005-06-13,12,Y,,,12,Hoburg 68550,Y,2005,164
2005-06-14,13.2,Y,,,13.2,Hoburg 68550,Y,2005,165
2005-06-15,14.2,Y,,,14.2,Hoburg 68550,Y,2005,166
2005-06-16,16.3,Y,,,16.3,Hoburg 68550,Y,2005,167
2005-06-17,14.8,Y,,,14.8,Hoburg 68550,Y,2005,168
2005-06-18,15.1,Y,,,15.1,Hoburg 68550,Y,2005,169
2005-06-19,16,Y,,,16,Hoburg 68550,Y,2005,170
2005-06-20,16.4,Y,,,16.4,Hoburg 68550,Y,2005,171
2005-06-21,16,Y,,,16,Hoburg 68550,Y,2005,172
2005-06-22,16,Y,,,16,Hoburg 68550,Y,2005,173
2005-06-23,16.7,Y,,,16.7,Hoburg 68550,Y,2005,174
2005-06-24,17.6,Y,,,17.6,Hoburg 68550,Y,2005,175
2005-06-25,15.6,Y,,,15.6,Hoburg 68550,Y,2005,176
2005-06-26,15.4,Y,,,15.4,Hoburg 68550,Y,2005,177
2005-06-27,15.4,Y,,,15.4,Hoburg 68550,Y,2005,178
2005-06-28,14.9,Y,,,14.9,Hoburg 68550,Y,2005,179
2005-06-29,13.3,Y,,,13.3,Hoburg 68550,Y,2005,180
2005-06-30,13.7,Y,,,13.7,Hoburg 68550,Y,2005,181
2005-07-01,14.9,Y,,,14.9,Hoburg 68550,Y,2005,182
2005-07-02,15.6,Y,,,15.6,Hoburg 68550,Y,2005,183
2005-07-03,17.7,Y,,,17.7,Hoburg 68550,Y,2005,184
2005-07-04,18.4,Y,,,18.4,Hoburg 68550,Y,2005,185
2005-07-05,19.3,Y,,,19.3,Hoburg 68550,Y,2005,186
2005-07-06,20.3,Y,,,20.3,Hoburg 68550,Y,2005,187
2005-07-07,21.1,Y,,,21.1,Hoburg 68550,Y,2005,188
2005-07-08,21.6,Y,,,21.6,Hoburg 68550,Y,2005,189
2005-07-09,21.3,Y,,,21.3,Hoburg 68550,Y,2005,190
2005-07-10,21.4,Y,,,21.4,Hoburg 68550,Y,2005,191
2005-07-11,23,Y,,,23,Hoburg 68550,Y,2005,192
2005-07-12,23.2,Y,,,23.2,Hoburg 68550,Y,2005,193
2005-07-13,23.3,Y,,,23.3,Hoburg 68550,Y,2005,194
2005-07-14,20.8,Y,,,20.8,Hoburg 68550,Y,2005,195
2005-07-15,20,Y,,,20,Hoburg 68550,Y,2005,196
2005-07-16,19.5,Y,,,19.5,Hoburg 68550,Y,2005,197
2005-07-17,17.7,Y,,,17.7,Hoburg 68550,Y,2005,198
2005-07-18,18.2,Y,,,18.2,Hoburg 68550,Y,2005,199
2005-07-19,19,Y,,,19,Hoburg 68550,Y,2005,200
2005-07-20,17.5,Y,,,17.5,Hoburg 68550,Y,2005,201
2005-07-21,14.9,Y,,,14.9,Hoburg 68550,Y,2005,202
2005-07-22,16.4,Y,,,16.4,Hoburg 68550,Y,2005,203
2005-07-23,16.2,Y,,,16.2,Hoburg 68550,Y,2005,204
2005-07-24,16.7,Y,,,16.7,Hoburg 68550,Y,2005,205
2005-07-25,16.6,Y,,,16.6,Hoburg 68550,Y,2005,206
2005-07-26,16.8,Y,,,16.8,Hoburg 68550,Y,2005,207
2005-07-27,16.4,Y,,,16.4,Hoburg 68550,Y,2005,208
2005-07-28,17.1,Y,,,17.1,Hoburg 68550,Y,2005,209
2005-07-29,17.2,Y,,,17.2,Hoburg 68550,Y,2005,210
2005-07-30,17.2,Y,,,17.2,Hoburg 68550,Y,2005,211
2005-07-31,18.2,Y,,,18.2,Hoburg 68550,Y,2005,212
2005-08-01,16.9,Y,,,16.9,Hoburg 68550,Y,2005,213
2005-08-02,17.8,Y,,,17.8,Hoburg 68550,Y,2005,214
2005-08-03,16.8,Y,,,16.8,Hoburg 68550,Y,2005,215
2005-08-04,16.7,Y,,,16.7,Hoburg 68550,Y,2005,216
2005-08-05,16.6,Y,,,16.6,Hoburg 68550,Y,2005,217
2005-08-06,15.9,Y,,,15.9,Hoburg 68550,Y,2005,218
2005-08-07,16,Y,,,16,Hoburg 68550,Y,2005,219
2005-08-08,15.6,Y,,,15.6,Hoburg 68550,Y,2005,220
2005-08-09,14.4,Y,,,14.4,Hoburg 68550,Y,2005,221
2005-08-10,15,Y,,,15,Hoburg 68550,Y,2005,222
2005-08-11,16.2,Y,,,16.2,Hoburg 68550,Y,2005,223
2005-08-12,15.9,Y,,,15.9,Hoburg 68550,Y,2005,224
2005-08-13,14.6,Y,,,14.6,Hoburg 68550,Y,2005,225
2005-08-14,16.4,Y,,,16.4,Hoburg 68550,Y,2005,226
2005-08-15,16.6,Y,,,16.6,Hoburg 68550,Y,2005,227
2005-08-16,17,Y,,,17,Hoburg 68550,Y,2005,228
2005-08-17,16.6,Y,,,16.6,Hoburg 68550,Y,2005,229
2005-08-18,16.3,Y,,,16.3,Hoburg 68550,Y,2005,230
2005-08-19,17.2,Y,,,17.2,Hoburg 68550,Y,2005,231
2005-08-20,17.7,Y,,,17.7,Hoburg 68550,Y,2005,232
2005-08-21,18.4,Y,,,18.4,Hoburg 68550,Y,2005,233
2005-08-22,16.7,Y,,,16.7,Hoburg 68550,Y,2005,234
2005-08-23,17.3,Y,,,17.3,Hoburg 68550,Y,2005,235
2005-08-24,18,Y,,,18,Hoburg 68550,Y,2005,236
2005-08-25,17.8,Y,,,17.8,Hoburg 68550,Y,2005,237
2005-08-26,16.1,Y,,,16.1,Hoburg 68550,Y,2005,238
2005-08-27,14.4,Y,,,14.4,Hoburg 68550,Y,2005,239
2005-08-28,16,Y,,,16,Hoburg 68550,Y,2005,240
2005-08-29,17.3,Y,,,17.3,Hoburg 68550,Y,2005,241
2005-08-30,15.9,Y,,,15.9,Hoburg 68550,Y,2005,242
2005-08-31,16,Y,,,16,Hoburg 68550,Y,2005,243
2005-09-01,15,Y,,,15,Hoburg 68550,Y,2005,244
2005-09-02,15.4,Y,,,15.4,Hoburg 68550,Y,2005,245
2005-09-03,16.2,Y,,,16.2,Hoburg 68550,Y,2005,246
2005-09-04,15.1,Y,,,15.1,Hoburg 68550,Y,2005,247
2005-09-05,16.2,Y,,,16.2,Hoburg 68550,Y,2005,248
2005-09-06,16.9,Y,,,16.9,Hoburg 68550,Y,2005,249
2005-09-07,18.3,Y,,,18.3,Hoburg 68550,Y,2005,250
2005-09-08,18.3,Y,,,18.3,Hoburg 68550,Y,2005,251
2005-09-09,16.1,Y,,,16.1,Hoburg 68550,Y,2005,252
2005-09-10,14.3,Y,,,14.3,Hoburg 68550,Y,2005,253
2005-09-11,14.8,Y,,,14.8,Hoburg 68550,Y,2005,254
2005-09-12,15,Y,,,15,Hoburg 68550,Y,2005,255
2005-09-13,14.5,Y,,,14.5,Hoburg 68550,Y,2005,256
2005-09-14,15.5,Y,,,15.5,Hoburg 68550,Y,2005,257
2005-09-15,13.3,Y,,,13.3,Hoburg 68550,Y,2005,258
2005-09-16,9.8,Y,,,9.8,Hoburg 68550,Y,2005,259
2005-09-17,10.8,Y,,,10.8,Hoburg 68550,Y,2005,260
2005-09-18,12.5,Y,,,12.5,Hoburg 68550,Y,2005,261
2005-09-19,14.5,Y,,,14.5,Hoburg 68550,Y,2005,262
2005-09-20,14.4,Y,,,14.4,Hoburg 68550,Y,2005,263
2005-09-21,13.8,Y,,,13.8,Hoburg 68550,Y,2005,264
2005-09-22,13.9,Y,,,13.9,Hoburg 68550,Y,2005,265
2005-09-23,13.8,Y,,,13.8,Hoburg 68550,Y,2005,266
2005-09-24,14.7,Y,,,14.7,Hoburg 68550,Y,2005,267
2005-09-25,14.6,Y,,,14.6,Hoburg 68550,Y,2005,268
2005-09-26,15,Y,,,15,Hoburg 68550,Y,2005,269
2005-09-27,13.4,Y,,,13.4,Hoburg 68550,Y,2005,270
2005-09-28,14,Y,,,14,Hoburg 68550,Y,2005,271
2005-09-29,12.2,Y,,,12.2,Hoburg 68550,Y,2005,272
2005-09-30,12.4,Y,,,12.4,Hoburg 68550,Y,2005,273
2005-10-01,13.2,Y,,,13.2,Hoburg 68550,Y,2005,274
2005-10-02,13.7,Y,,,13.7,Hoburg 68550,Y,2005,275
2005-10-03,11.5,Y,,,11.5,Hoburg 68550,Y,2005,276
2005-10-04,11.9,Y,,,11.9,Hoburg 68550,Y,2005,277
2005-10-05,11.2,Y,,,11.2,Hoburg 68550,Y,2005,278
2005-10-06,12.8,Y,,,12.8,Hoburg 68550,Y,2005,279
2005-10-07,12.8,Y,,,12.8,Hoburg 68550,Y,2005,280
2005-10-08,13.9,Y,,,13.9,Hoburg 68550,Y,2005,281
2005-10-09,14.3,Y,,,14.3,Hoburg 68550,Y,2005,282
2005-10-10,12.6,Y,,,12.6,Hoburg 68550,Y,2005,283
2005-10-11,13.8,Y,,,13.8,Hoburg 68550,Y,2005,284
2005-10-12,13.2,Y,,,13.2,Hoburg 68550,Y,2005,285
2005-10-13,12,Y,,,12,Hoburg 68550,Y,2005,286
2005-10-14,11.7,Y,,,11.7,Hoburg 68550,Y,2005,287
2005-10-15,9.2,Y,,,9.2,Hoburg 68550,Y,2005,288
2005-10-16,7.9,Y,,,7.9,Hoburg 68550,Y,2005,289
2005-10-17,7.5,Y,,,7.5,Hoburg 68550,Y,2005,290
2005-10-18,7.9,Y,,,7.9,Hoburg 68550,Y,2005,291
2005-10-19,8.3,Y,,,8.3,Hoburg 68550,Y,2005,292
2005-10-20,11.2,Y,,,11.2,Hoburg 68550,Y,2005,293
2005-10-21,11.3,Y,,,11.3,Hoburg 68550,Y,2005,294
2005-10-22,12.2,Y,,,12.2,Hoburg 68550,Y,2005,295
2005-10-23,8.6,Y,,,8.6,Hoburg 68550,Y,2005,296
2005-10-24,3.6,Y,,,3.6,Hoburg 68550,Y,2005,297
2005-10-25,8.4,Y,,,8.4,Hoburg 68550,Y,2005,298
2005-10-26,10.7,Y,,,10.7,Hoburg 68550,Y,2005,299
2005-10-27,5.6,Y,,,5.6,Hoburg 68550,Y,2005,300
2005-10-28,7.8,Y,,,7.8,Hoburg 68550,Y,2005,301
2005-10-29,8.6,Y,,,8.6,Hoburg 68550,Y,2005,302
2005-10-30,8,Y,,,8,Hoburg 68550,Y,2005,303
2005-10-31,8.8,Y,,,8.8,Hoburg 68550,Y,2005,304
2005-11-01,8.7,Y,,,8.7,Hoburg 68550,Y,2005,305
2005-11-02,9.1,Y,,,9.1,Hoburg 68550,Y,2005,306
2005-11-03,9,Y,,,9,Hoburg 68550,Y,2005,307
2005-11-04,9.6,Y,,,9.6,Hoburg 68550,Y,2005,308
2005-11-05,9.1,Y,,,9.1,Hoburg 68550,Y,2005,309
2005-11-06,8.9,Y,,,8.9,Hoburg 68550,Y,2005,310
2005-11-07,8.7,Y,,,8.7,Hoburg 68550,Y,2005,311
2005-11-08,8.2,Y,,,8.2,Hoburg 68550,Y,2005,312
2005-11-09,8.4,Y,,,8.4,Hoburg 68550,Y,2005,313
2005-11-10,8.4,Y,,,8.4,Hoburg 68550,Y,2005,314
2005-11-11,8.3,Y,,,8.3,Hoburg 68550,Y,2005,315
2005-11-12,8.9,Y,,,8.9,Hoburg 68550,Y,2005,316
2005-11-13,8.5,Y,,,8.5,Hoburg 68550,Y,2005,317
2005-11-14,7.3,Y,,,7.3,Hoburg 68550,Y,2005,318
2005-11-15,6.6,Y,,,6.6,Hoburg 68550,Y,2005,319
2005-11-16,3.4,Y,,,3.4,Hoburg 68550,Y,2005,320
2005-11-17,2.4,Y,,,2.4,Hoburg 68550,Y,2005,321
2005-11-18,2.1,Y,,,2.1,Hoburg 68550,Y,2005,322
2005-11-19,2,Y,,,2,Hoburg 68550,Y,2005,323
2005-11-20,3.1,Y,,,3.1,Hoburg 68550,Y,2005,324
2005-11-21,0.9,Y,,,0.9,Hoburg 68550,Y,2005,325
2005-11-22,1.9,Y,,,1.9,Hoburg 68550,Y,2005,326
2005-11-23,2,Y,,,2,Hoburg 68550,Y,2005,327
2005-11-24,4.1,Y,,,4.1,Hoburg 68550,Y,2005,328
2005-11-25,2.4,Y,,,2.4,Hoburg 68550,Y,2005,329
2005-11-26,1.6,Y,,,1.6,Hoburg 68550,Y,2005,330
2005-11-27,2.7,Y,,,2.7,Hoburg 68550,Y,2005,331
2005-11-28,1.3,Y,,,1.3,Hoburg 68550,Y,2005,332
2005-11-29,1.3,Y,,,1.3,Hoburg 68550,Y,2005,333
2005-11-30,2.5,Y,,,2.5,Hoburg 68550,Y,2005,334
2005-12-01,1.6,Y,,,1.6,Hoburg 68550,Y,2005,335
2005-12-02,2.8,Y,,,2.8,Hoburg 68550,Y,2005,336
2005-12-03,1.5,Y,,,1.5,Hoburg 68550,Y,2005,337
2005-12-04,2.4,Y,,,2.4,Hoburg 68550,Y,2005,338
2005-12-05,3.8,Y,,,3.8,Hoburg 68550,Y,2005,339
2005-12-06,3.6,Y,,,3.6,Hoburg 68550,Y,2005,340
2005-12-07,3.2,Y,,,3.2,Hoburg 68550,Y,2005,341
2005-12-08,1.9,Y,,,1.9,Hoburg 68550,Y,2005,342
2005-12-09,0.1,Y,,,0.1,Hoburg 68550,Y,2005,343
2005-12-10,2.3,Y,,,2.3,Hoburg 68550,Y,2005,344
2005-12-11,5.1,Y,,,5.1,Hoburg 68550,Y,2005,345
2005-12-12,4.9,Y,,,4.9,Hoburg 68550,Y,2005,346
2005-12-13,3,Y,,,3,Hoburg 68550,Y,2005,347
2005-12-14,2.6,Y,,,2.6,Hoburg 68550,Y,2005,348
2005-12-15,3.8,Y,,,3.8,Hoburg 68550,Y,2005,349
2005-12-16,0.4,Y,,,0.4,Hoburg 68550,Y,2005,350
2005-12-17,0.2,Y,,,0.2,Hoburg 68550,Y,2005,351
2005-12-18,-1.5,Y,,,-1.5,Hoburg 68550,Y,2005,352
2005-12-19,-1.5,Y,,,-1.5,Hoburg 68550,Y,2005,353
2005-12-20,0.7,Y,,,0.7,Hoburg 68550,Y,2005,354
2005-12-21,1.3,Y,,,1.3,Hoburg 68550,Y,2005,355
2005-12-22,2.7,Y,,,2.7,Hoburg 68550,Y,2005,356
2005-12-23,2.6,Y,,,2.6,Hoburg 68550,Y,2005,357
2005-12-24,3.1,Y,,,3.1,Hoburg 68550,Y,2005,358
2005-12-25,1.2,Y,,,1.2,Hoburg 68550,Y,2005,359
2005-12-26,-0.5,Y,,,-0.5,Hoburg 68550,Y,2005,360
2005-12-27,-0.8,Y,,,-0.8,Hoburg 68550,Y,2005,361
2005-12-28,-2.3,Y,,,-2.3,Hoburg 68550,Y,2005,362
2005-12-29,-0.6,Y,,,-0.6,Hoburg 68550,Y,2005,363
2005-12-30,0.7,Y,,,0.7,Hoburg 68550,Y,2005,364
2005-12-31,0,Y,,,0,Hoburg 68550,Y,2005,365
2006-01-01,2.1,Y,,,2.1,Hoburg 68550,Y,2006,1
2006-01-02,0.4,Y,,,0.4,Hoburg 68550,Y,2006,2
2006-01-03,-1.6,Y,,,-1.6,Hoburg 68550,Y,2006,3
2006-01-04,1,Y,,,1,Hoburg 68550,Y,2006,4
2006-01-05,-0.6,Y,,,-0.6,Hoburg 68550,Y,2006,5
2006-01-06,-2.3,Y,,,-2.3,Hoburg 68550,Y,2006,6
2006-01-07,-1.4,Y,,,-1.4,Hoburg 68550,Y,2006,7
2006-01-08,-0.6,Y,,,-0.6,Hoburg 68550,Y,2006,8
2006-01-09,0,Y,,,0,Hoburg 68550,Y,2006,9
2006-01-10,1.4,Y,,,1.4,Hoburg 68550,Y,2006,10
2006-01-11,3,Y,,,3,Hoburg 68550,Y,2006,11
2006-01-12,3.2,Y,,,3.2,Hoburg 68550,Y,2006,12
2006-01-13,1.1,Y,,,1.1,Hoburg 68550,Y,2006,13
2006-01-14,0.6,Y,,,0.6,Hoburg 68550,Y,2006,14
2006-01-15,-0.4,Y,,,-0.4,Hoburg 68550,Y,2006,15
2006-01-16,0.1,Y,,,0.1,Hoburg 68550,Y,2006,16
2006-01-17,-0.4,Y,,,-0.4,Hoburg 68550,Y,2006,17
2006-01-18,-3.4,Y,,,-3.4,Hoburg 68550,Y,2006,18
2006-01-19,-8,Y,,,-8,Hoburg 68550,Y,2006,19
2006-01-20,-7.7,Y,,,-7.7,Hoburg 68550,Y,2006,20
2006-01-21,-7.7,Y,,,-7.7,Hoburg 68550,Y,2006,21
2006-01-22,-8.5,Y,,,-8.5,Hoburg 68550,Y,2006,22
2006-01-23,-4.6,Y,,,-4.6,Hoburg 68550,Y,2006,23
2006-01-24,-2,Y,,,-2,Hoburg 68550,Y,2006,24
2006-01-25,-0.1,Y,,,-0.1,Hoburg 68550,Y,2006,25
2006-01-26,-0.3,Y,,,-0.3,Hoburg 68550,Y,2006,26
2006-01-27,-0.6,Y,,,-0.6,Hoburg 68550,Y,2006,27
2006-01-28,0.4,Y,,,0.4,Hoburg 68550,Y,2006,28
2006-01-29,1.5,Y,,,1.5,Hoburg 68550,Y,2006,29
2006-01-30,2,Y,,,2,Hoburg 68550,Y,2006,30
2006-01-31,2.7,Y,,,2.7,Hoburg 68550,Y,2006,31
2006-02-01,2.3,Y,,,2.3,Hoburg 68550,Y,2006,32
2006-02-02,2.1,Y,,,2.1,Hoburg 68550,Y,2006,33
2006-02-03,0.2,Y,,,0.2,Hoburg 68550,Y,2006,34
2006-02-04,-5.5,Y,,,-5.5,Hoburg 68550,Y,2006,35
2006-02-05,-5.7,Y,,,-5.7,Hoburg 68550,Y,2006,36
2006-02-06,-4.1,Y,,,-4.1,Hoburg 68550,Y,2006,37
2006-02-07,-1,Y,,,-1,Hoburg 68550,Y,2006,38
2006-02-08,-1.6,Y,,,-1.6,Hoburg 68550,Y,2006,39
2006-02-09,1,Y,,,1,Hoburg 68550,Y,2006,40
2006-02-10,-0.4,Y,,,-0.4,Hoburg 68550,Y,2006,41
2006-02-11,-0.9,Y,,,-0.9,Hoburg 68550,Y,2006,42
2006-02-12,-1,Y,,,-1,Hoburg 68550,Y,2006,43
2006-02-13,0.2,Y,,,0.2,Hoburg 68550,Y,2006,44
2006-02-14,-1,Y,,,-1,Hoburg 68550,Y,2006,45
2006-02-15,0.2,Y,,,0.2,Hoburg 68550,Y,2006,46
2006-02-16,-1.8,Y,,,-1.8,Hoburg 68550,Y,2006,47
2006-02-17,-3.6,Y,,,-3.6,Hoburg 68550,Y,2006,48
2006-02-18,-0.2,Y,,,-0.2,Hoburg 68550,Y,2006,49
2006-02-19,0.6,Y,,,0.6,Hoburg 68550,Y,2006,50
2006-02-20,0.3,Y,,,0.3,Hoburg 68550,Y,2006,51
2006-02-21,-0.3,Y,,,-0.3,Hoburg 68550,Y,2006,52
2006-02-22,-1.3,Y,,,-1.3,Hoburg 68550,Y,2006,53
2006-02-23,-0.3,Y,,,-0.3,Hoburg 68550,Y,2006,54
2006-02-24,-0.9,Y,,,-0.9,Hoburg 68550,Y,2006,55
2006-02-25,-0.6,Y,,,-0.6,Hoburg 68550,Y,2006,56
2006-02-26,-1.7,Y,,,-1.7,Hoburg 68550,Y,2006,57
2006-02-27,-3.3,Y,,,-3.3,Hoburg 68550,Y,2006,58
2006-02-28,-2,Y,,,-2,Hoburg 68550,Y,2006,59
2006-03-01,-1.6,Y,,,-1.6,Hoburg 68550,Y,2006,60
2006-03-02,-4.4,Y,,,-4.4,Hoburg 68550,Y,2006,61
2006-03-03,-1.7,Y,,,-1.7,Hoburg 68550,Y,2006,62
2006-03-04,-2.5,Y,,,-2.5,Hoburg 68550,Y,2006,63
2006-03-05,-5,Y,,,-5,Hoburg 68550,Y,2006,64
2006-03-06,-3.8,Y,,,-3.8,Hoburg 68550,Y,2006,65
2006-03-07,-4.6,Y,,,-4.6,Hoburg 68550,Y,2006,66
2006-03-08,-2.8,Y,,,-2.8,Hoburg 68550,Y,2006,67
2006-03-09,-3.1,Y,,,-3.1,Hoburg 68550,Y,2006,68
2006-03-10,-4.7,Y,,,-4.7,Hoburg 68550,Y,2006,69
2006-03-11,-5,Y,,,-5,Hoburg 68550,Y,2006,70
2006-03-12,-5.2,Y,,,-5.2,Hoburg 68550,Y,2006,71
2006-03-13,-2.9,Y,,,-2.9,Hoburg 68550,Y,2006,72
2006-03-14,-2.4,Y,,,-2.4,Hoburg 68550,Y,2006,73
2006-03-15,-0.3,Y,,,-0.3,Hoburg 68550,Y,2006,74
2006-03-16,-0.4,Y,,,-0.4,Hoburg 68550,Y,2006,75
2006-03-17,0.1,Y,,,0.1,Hoburg 68550,Y,2006,76
2006-03-18,-0.9,Y,,,-0.9,Hoburg 68550,Y,2006,77
2006-03-19,1.6,Y,,,1.6,Hoburg 68550,Y,2006,78
2006-03-20,-0.8,Y,,,-0.8,Hoburg 68550,Y,2006,79
2006-03-21,-2.6,Y,,,-2.6,Hoburg 68550,Y,2006,80
2006-03-22,-1,Y,,,-1,Hoburg 68550,Y,2006,81
2006-03-23,-0.6,Y,,,-0.6,Hoburg 68550,Y,2006,82
2006-03-24,0.5,Y,,,0.5,Hoburg 68550,Y,2006,83
2006-03-25,-1.3,Y,,,-1.3,Hoburg 68550,Y,2006,84
2006-03-26,-0.7,Y,,,-0.7,Hoburg 68550,Y,2006,85
2006-03-27,1.5,Y,,,1.5,Hoburg 68550,Y,2006,86
2006-03-28,3.2,Y,,,3.2,Hoburg 68550,Y,2006,87
2006-03-29,3.8,Y,,,3.8,Hoburg 68550,Y,2006,88
2006-03-30,2.5,Y,,,2.5,Hoburg 68550,Y,2006,89
2006-03-31,3.1,Y,,,3.1,Hoburg 68550,Y,2006,90
2006-04-01,1.1,Y,,,1.1,Hoburg 68550,Y,2006,91
2006-04-02,3.1,Y,,,3.1,Hoburg 68550,Y,2006,92
2006-04-03,3.4,Y,,,3.4,Hoburg 68550,Y,2006,93
2006-04-04,1.9,Y,,,1.9,Hoburg 68550,Y,2006,94
2006-04-05,0.5,Y,,,0.5,Hoburg 68550,Y,2006,95
2006-04-06,1.8,Y,,,1.8,Hoburg 68550,Y,2006,96
2006-04-07,2,Y,,,2,Hoburg 68550,Y,2006,97
2006-04-08,3.8,Y,,,3.8,Hoburg 68550,Y,2006,98
2006-04-09,3.2,Y,,,3.2,Hoburg 68550,Y,2006,99
2006-04-10,3.3,Y,,,3.3,Hoburg 68550,Y,2006,100
2006-04-11,3.3,Y,,,3.3,Hoburg 68550,Y,2006,101
2006-04-12,2.9,Y,,,2.9,Hoburg 68550,Y,2006,102
2006-04-13,3.2,Y,,,3.2,Hoburg 68550,Y,2006,103
2006-04-14,4.6,Y,,,4.6,Hoburg 68550,Y,2006,104
2006-04-15,4.7,Y,,,4.7,Hoburg 68550,Y,2006,105
2006-04-16,4.5,Y,,,4.5,Hoburg 68550,Y,2006,106
2006-04-17,5,Y,,,5,Hoburg 68550,Y,2006,107
2006-04-18,4.3,Y,,,4.3,Hoburg 68550,Y,2006,108
2006-04-19,4.4,Y,,,4.4,Hoburg 68550,Y,2006,109
2006-04-20,4,Y,,,4,Hoburg 68550,Y,2006,110
2006-04-21,4.6,Y,,,4.6,Hoburg 68550,Y,2006,111
2006-04-22,4.7,Y,,,4.7,Hoburg 68550,Y,2006,112
2006-04-23,4.6,Y,,,4.6,Hoburg 68550,Y,2006,113
2006-04-24,5.5,Y,,,5.5,Hoburg 68550,Y,2006,114
2006-04-25,3.8,Y,,,3.8,Hoburg 68550,Y,2006,115
2006-04-26,3.6,Y,,,3.6,Hoburg 68550,Y,2006,116
2006-04-27,5.8,Y,,,5.8,Hoburg 68550,Y,2006,117
2006-04-28,5.4,Y,,,5.4,Hoburg 68550,Y,2006,118
2006-04-29,7.9,Y,,,7.9,Hoburg 68550,Y,2006,119
2006-04-30,8.8,Y,,,8.8,Hoburg 68550,Y,2006,120
2006-05-01,7.1,Y,,,7.1,Hoburg 68550,Y,2006,121
2006-05-02,5.4,Y,,,5.4,Hoburg 68550,Y,2006,122
2006-05-03,8.7,Y,,,8.7,Hoburg 68550,Y,2006,123
2006-05-04,12,Y,,,12,Hoburg 68550,Y,2006,124
2006-05-05,13,Y,,,13,Hoburg 68550,Y,2006,125
2006-05-06,13.4,Y,,,13.4,Hoburg 68550,Y,2006,126
2006-05-07,15.2,Y,,,15.2,Hoburg 68550,Y,2006,127
2006-05-08,13.9,Y,,,13.9,Hoburg 68550,Y,2006,128
2006-05-09,12.7,Y,,,12.7,Hoburg 68550,Y,2006,129
2006-05-10,10.5,Y,,,10.5,Hoburg 68550,Y,2006,130
2006-05-11,9.5,Y,,,9.5,Hoburg 68550,Y,2006,131
2006-05-12,11.3,Y,,,11.3,Hoburg 68550,Y,2006,132
2006-05-13,10.3,Y,,,10.3,Hoburg 68550,Y,2006,133
2006-05-14,9.8,Y,,,9.8,Hoburg 68550,Y,2006,134
2006-05-15,8.7,Y,,,8.7,Hoburg 68550,Y,2006,135
2006-05-16,8.8,Y,,,8.8,Hoburg 68550,Y,2006,136
2006-05-17,8.4,Y,,,8.4,Hoburg 68550,Y,2006,137
2006-05-18,7.9,Y,,,7.9,Hoburg 68550,Y,2006,138
2006-05-19,8.3,Y,,,8.3,Hoburg 68550,Y,2006,139
2006-05-20,9.8,Y,,,9.8,Hoburg 68550,Y,2006,140
2006-05-21,9.4,Y,,,9.4,Hoburg 68550,Y,2006,141
2006-05-22,10,Y,,,10,Hoburg 68550,Y,2006,142
2006-05-23,10.9,Y,,,10.9,Hoburg 68550,Y,2006,143
2006-05-24,8.6,Y,,,8.6,Hoburg 68550,Y,2006,144
2006-05-25,8.7,Y,,,8.7,Hoburg 68550,Y,2006,145
2006-05-26,9,Y,,,9,Hoburg 68550,Y,2006,146
2006-05-27,9.7,Y,,,9.7,Hoburg 68550,Y,2006,147
2006-05-28,9.3,Y,,,9.3,Hoburg 68550,Y,2006,148
2006-05-29,10,Y,,,10,Hoburg 68550,Y,2006,149
2006-05-30,10.5,Y,,,10.5,Hoburg 68550,Y,2006,150
2006-05-31,8.8,Y,,,8.8,Hoburg 68550,Y,2006,151
2006-06-01,9.3,Y,,,9.3,Hoburg 68550,Y,2006,152
2006-06-02,10.9,Y,,,10.9,Hoburg 68550,Y,2006,153
2006-06-03,10.4,Y,,,10.4,Hoburg 68550,Y,2006,154
2006-06-04,11.3,Y,,,11.3,Hoburg 68550,Y,2006,155
2006-06-05,11,Y,,,11,Hoburg 68550,Y,2006,156
2006-06-06,10.2,Y,,,10.2,Hoburg 68550,Y,2006,157
2006-06-07,11.2,Y,,,11.2,Hoburg 68550,Y,2006,158
2006-06-08,12.3,Y,,,12.3,Hoburg 68550,Y,2006,159
2006-06-09,12.8,Y,,,12.8,Hoburg 68550,Y,2006,160
2006-06-10,13.1,Y,,,13.1,Hoburg 68550,Y,2006,161
2006-06-11,14.5,Y,,,14.5,Hoburg 68550,Y,2006,162
2006-06-12,18.9,Y,,,18.9,Hoburg 68550,Y,2006,163
2006-06-13,16.5,Y,,,16.5,Hoburg 68550,Y,2006,164
2006-06-14,16.6,Y,,,16.6,Hoburg 68550,Y,2006,165
2006-06-15,13.9,Y,,,13.9,Hoburg 68550,Y,2006,166
2006-06-16,13.7,Y,,,13.7,Hoburg 68550,Y,2006,167
2006-06-17,15.1,Y,,,15.1,Hoburg 68550,Y,2006,168
2006-06-18,15.8,Y,,,15.8,Hoburg 68550,Y,2006,169
2006-06-19,14.9,Y,,,14.9,Hoburg 68550,Y,2006,170
2006-06-20,16.5,Y,,,16.5,Hoburg 68550,Y,2006,171
2006-06-21,16,Y,,,16,Hoburg 68550,Y,2006,172
2006-06-22,16.4,Y,,,16.4,Hoburg 68550,Y,2006,173
2006-06-23,16.1,Y,,,16.1,Hoburg 68550,Y,2006,174
2006-06-24,15.9,Y,,,15.9,Hoburg 68550,Y,2006,175
2006-06-25,16.6,Y,,,16.6,Hoburg 68550,Y,2006,176
2006-06-26,18.6,Y,,,18.6,Hoburg 68550,Y,2006,177
2006-06-27,17.9,Y,,,17.9,Hoburg 68550,Y,2006,178
2006-06-28,16.6,Y,,,16.6,Hoburg 68550,Y,2006,179
2006-06-29,16.9,Y,,,16.9,Hoburg 68550,Y,2006,180
2006-06-30,19,Y,,,19,Hoburg 68550,Y,2006,181
2006-07-01,19.2,Y,,,19.2,Hoburg 68550,Y,2006,182
2006-07-02,19.5,Y,,,19.5,Hoburg 68550,Y,2006,183
2006-07-03,19.9,Y,,,19.9,Hoburg 68550,Y,2006,184
2006-07-04,20.4,Y,,,20.4,Hoburg 68550,Y,2006,185
2006-07-05,20.8,Y,,,20.8,Hoburg 68550,Y,2006,186
2006-07-06,22.5,Y,,,22.5,Hoburg 68550,Y,2006,187
2006-07-07,23,Y,,,23,Hoburg 68550,Y,2006,188
2006-07-08,23.5,Y,,,23.5,Hoburg 68550,Y,2006,189
2006-07-09,22.3,Y,,,22.3,Hoburg 68550,Y,2006,190
2006-07-10,22.5,Y,,,22.5,Hoburg 68550,Y,2006,191
2006-07-11,21,Y,,,21,Hoburg 68550,Y,2006,192
2006-07-12,19.4,Y,,,19.4,Hoburg 68550,Y,2006,193
2006-07-13,20.1,Y,,,20.1,Hoburg 68550,Y,2006,194
2006-07-14,18.9,Y,,,18.9,Hoburg 68550,Y,2006,195
2006-07-15,16.5,Y,,,16.5,Hoburg 68550,Y,2006,196
2006-07-16,16.9,Y,,,16.9,Hoburg 68550,Y,2006,197
2006-07-17,20.1,Y,,,20.1,Hoburg 68550,Y,2006,198
2006-07-18,19.1,Y,,,19.1,Hoburg 68550,Y,2006,199
2006-07-19,18.3,Y,,,18.3,Hoburg 68550,Y,2006,200
2006-07-20,19,Y,,,19,Hoburg 68550,Y,2006,201
2006-07-21,19.9,Y,,,19.9,Hoburg 68550,Y,2006,202
2006-07-22,20.5,Y,,,20.5,Hoburg 68550,Y,2006,203
2006-07-23,19.2,Y,,,19.2,Hoburg 68550,Y,2006,204
2006-07-24,20.6,Y,,,20.6,Hoburg 68550,Y,2006,205
2006-07-25,21.1,Y,,,21.1,Hoburg 68550,Y,2006,206
2006-07-26,22.6,Y,,,22.6,Hoburg 68550,Y,2006,207
2006-07-27,20.2,Y,,,20.2,Hoburg 68550,Y,2006,208
2006-07-28,21.4,Y,,,21.4,Hoburg 68550,Y,2006,209
2006-07-29,20.8,Y,,,20.8,Hoburg 68550,Y,2006,210
2006-07-30,21.6,Y,,,21.6,Hoburg 68550,Y,2006,211
2006-07-31,20.8,Y,,,20.8,Hoburg 68550,Y,2006,212
2006-08-01,21.1,Y,,,21.1,Hoburg 68550,Y,2006,213
2006-08-02,19.3,Y,,,19.3,Hoburg 68550,Y,2006,214
2006-08-03,20.1,Y,,,20.1,Hoburg 68550,Y,2006,215
2006-08-04,20,Y,,,20,Hoburg 68550,Y,2006,216
2006-08-05,19.8,Y,,,19.8,Hoburg 68550,Y,2006,217
2006-08-06,20.8,Y,,,20.8,Hoburg 68550,Y,2006,218
2006-08-07,21.3,Y,,,21.3,Hoburg 68550,Y,2006,219
2006-08-08,19.9,Y,,,19.9,Hoburg 68550,Y,2006,220
2006-08-09,19.9,Y,,,19.9,Hoburg 68550,Y,2006,221
2006-08-10,19.8,Y,,,19.8,Hoburg 68550,Y,2006,222
2006-08-11,20.2,Y,,,20.2,Hoburg 68550,Y,2006,223
2006-08-12,18.6,Y,,,18.6,Hoburg 68550,Y,2006,224
2006-08-13,18.2,Y,,,18.2,Hoburg 68550,Y,2006,225
2006-08-14,18.5,Y,,,18.5,Hoburg 68550,Y,2006,226
2006-08-15,18.9,Y,,,18.9,Hoburg 68550,Y,2006,227
2006-08-16,18.8,Y,,,18.8,Hoburg 68550,Y,2006,228
2006-08-17,18.5,Y,,,18.5,Hoburg 68550,Y,2006,229
2006-08-18,19.6,Y,,,19.6,Hoburg 68550,Y,2006,230
2006-08-19,19.3,Y,,,19.3,Hoburg 68550,Y,2006,231
2006-08-20,19.3,Y,,,19.3,Hoburg 68550,Y,2006,232
2006-08-21,18.1,Y,,,18.1,Hoburg 68550,Y,2006,233
2006-08-22,18.1,Y,,,18.1,Hoburg 68550,Y,2006,234
2006-08-23,19.1,Y,,,19.1,Hoburg 68550,Y,2006,235
2006-08-24,19,Y,,,19,Hoburg 68550,Y,2006,236
2006-08-25,19.2,Y,,,19.2,Hoburg 68550,Y,2006,237
2006-08-26,18.1,Y,,,18.1,Hoburg 68550,Y,2006,238
2006-08-27,17.1,Y,,,17.1,Hoburg 68550,Y,2006,239
2006-08-28,16.8,Y,,,16.8,Hoburg 68550,Y,2006,240
2006-08-29,17.5,Y,,,17.5,Hoburg 68550,Y,2006,241
2006-08-30,17.6,Y,,,17.6,Hoburg 68550,Y,2006,242
2006-08-31,18.5,Y,,,18.5,Hoburg 68550,Y,2006,243
2006-09-01,17.1,Y,,,17.1,Hoburg 68550,Y,2006,244
2006-09-02,18.2,Y,,,18.2,Hoburg 68550,Y,2006,245
2006-09-03,17.4,Y,,,17.4,Hoburg 68550,Y,2006,246
2006-09-04,17.2,Y,,,17.2,Hoburg 68550,Y,2006,247
2006-09-05,16.6,Y,,,16.6,Hoburg 68550,Y,2006,248
2006-09-06,16.4,Y,,,16.4,Hoburg 68550,Y,2006,249
2006-09-07,16.6,Y,,,16.6,Hoburg 68550,Y,2006,250
2006-09-08,14,Y,,,14,Hoburg 68550,Y,2006,251
2006-09-09,15.4,Y,,,15.4,Hoburg 68550,Y,2006,252
2006-09-10,15.2,Y,,,15.2,Hoburg 68550,Y,2006,253
2006-09-11,16,Y,,,16,Hoburg 68550,Y,2006,254
2006-09-12,15.8,Y,,,15.8,Hoburg 68550,Y,2006,255
2006-09-13,17,Y,,,17,Hoburg 68550,Y,2006,256
2006-09-14,17.4,Y,,,17.4,Hoburg 68550,Y,2006,257
2006-09-15,15,Y,,,15,Hoburg 68550,Y,2006,258
2006-09-16,14.9,Y,,,14.9,Hoburg 68550,Y,2006,259
2006-09-17,15.5,Y,,,15.5,Hoburg 68550,Y,2006,260
2006-09-18,16.7,Y,,,16.7,Hoburg 68550,Y,2006,261
2006-09-19,17.3,Y,,,17.3,Hoburg 68550,Y,2006,262
2006-09-20,16.1,Y,,,16.1,Hoburg 68550,Y,2006,263
2006-09-21,16.5,Y,,,16.5,Hoburg 68550,Y,2006,264
2006-09-22,16.4,Y,,,16.4,Hoburg 68550,Y,2006,265
2006-09-23,16.7,Y,,,16.7,Hoburg 68550,Y,2006,266
2006-09-24,16.7,Y,,,16.7,Hoburg 68550,Y,2006,267
2006-09-25,16.4,Y,,,16.4,Hoburg 68550,Y,2006,268
2006-09-26,17,Y,,,17,Hoburg 68550,Y,2006,269
2006-09-27,16.9,Y,,,16.9,Hoburg 68550,Y,2006,270
2006-09-28,15.5,Y,,,15.5,Hoburg 68550,Y,2006,271
2006-09-29,16.3,Y,,,16.3,Hoburg 68550,Y,2006,272
2006-09-30,16.5,Y,,,16.5,Hoburg 68550,Y,2006,273
2006-10-01,15.4,Y,,,15.4,Hoburg 68550,Y,2006,274
2006-10-02,15.2,Y,,,15.2,Hoburg 68550,Y,2006,275
2006-10-03,15.2,Y,,,15.2,Hoburg 68550,Y,2006,276
2006-10-04,14.5,Y,,,14.5,Hoburg 68550,Y,2006,277
2006-10-05,14.2,Y,,,14.2,Hoburg 68550,Y,2006,278
2006-10-06,13.6,Y,,,13.6,Hoburg 68550,Y,2006,279
2006-10-07,14.6,Y,,,14.6,Hoburg 68550,Y,2006,280
2006-10-08,13.8,Y,,,13.8,Hoburg 68550,Y,2006,281
2006-10-09,12.4,Y,,,12.4,Hoburg 68550,Y,2006,282
2006-10-10,13.7,Y,,,13.7,Hoburg 68550,Y,2006,283
2006-10-11,11.9,Y,,,11.9,Hoburg 68550,Y,2006,284
2006-10-12,11.9,Y,,,11.9,Hoburg 68550,Y,2006,285
2006-10-13,10.7,Y,,,10.7,Hoburg 68550,Y,2006,286
2006-10-14,12.1,Y,,,12.1,Hoburg 68550,Y,2006,287
2006-10-15,12.1,Y,,,12.1,Hoburg 68550,Y,2006,288
2006-10-16,10.7,Y,,,10.7,Hoburg 68550,Y,2006,289
2006-10-17,11.5,Y,,,11.5,Hoburg 68550,Y,2006,290
2006-10-18,11.4,Y,,,11.4,Hoburg 68550,Y,2006,291
2006-10-19,12.5,Y,,,12.5,Hoburg 68550,Y,2006,292
2006-10-20,12.3,Y,,,12.3,Hoburg 68550,Y,2006,293
2006-10-21,13,Y,,,13,Hoburg 68550,Y,2006,294
2006-10-22,13.3,Y,,,13.3,Hoburg 68550,Y,2006,295
2006-10-23,13.6,Y,,,13.6,Hoburg 68550,Y,2006,296
2006-10-24,13.7,Y,,,13.7,Hoburg 68550,Y,2006,297
2006-10-25,10.2,Y,,,10.2,Hoburg 68550,Y,2006,298
2006-10-26,10.4,Y,,,10.4,Hoburg 68550,Y,2006,299
2006-10-27,11.1,Y,,,11.1,Hoburg 68550,Y,2006,300
2006-10-28,7.4,Y,,,7.4,Hoburg 68550,Y,2006,301
2006-10-29,4.1,Y,,,4.1,Hoburg 68550,Y,2006,302
2006-10-30,7.1,Y,,,7.1,Hoburg 68550,Y,2006,303
2006-10-31,10,Y,,,10,Hoburg 68550,Y,2006,304
2006-11-01,2.4,Y,,,2.4,Hoburg 68550,Y,2006,305
2006-11-02,1.1,Y,,,1.1,Hoburg 68550,Y,2006,306
2006-11-03,2.2,Y,,,2.2,Hoburg 68550,Y,2006,307
2006-11-04,3.5,Y,,,3.5,Hoburg 68550,Y,2006,308
2006-11-05,5.4,Y,,,5.4,Hoburg 68550,Y,2006,309
2006-11-06,8.2,Y,,,8.2,Hoburg 68550,Y,2006,310
2006-11-07,9.2,Y,,,9.2,Hoburg 68550,Y,2006,311
2006-11-08,8.5,Y,,,8.5,Hoburg 68550,Y,2006,312
2006-11-09,5.9,Y,,,5.9,Hoburg 68550,Y,2006,313
2006-11-10,4.1,Y,,,4.1,Hoburg 68550,Y,2006,314
2006-11-11,5.5,Y,,,5.5,Hoburg 68550,Y,2006,315
2006-11-12,5.1,Y,,,5.1,Hoburg 68550,Y,2006,316
2006-11-13,4.1,Y,,,4.1,Hoburg 68550,Y,2006,317
2006-11-14,7.4,Y,,,7.4,Hoburg 68550,Y,2006,318
2006-11-15,7.5,Y,,,7.5,Hoburg 68550,Y,2006,319
2006-11-16,7.8,Y,,,7.8,Hoburg 68550,Y,2006,320
2006-11-17,8.3,Y,,,8.3,Hoburg 68550,Y,2006,321
2006-11-18,7.8,Y,,,7.8,Hoburg 68550,Y,2006,322
2006-11-19,6.5,Y,,,6.5,Hoburg 68550,Y,2006,323
2006-11-20,6.5,Y,,,6.5,Hoburg 68550,Y,2006,324
2006-11-21,6.5,Y,,,6.5,Hoburg 68550,Y,2006,325
2006-11-22,6.9,Y,,,6.9,Hoburg 68550,Y,2006,326
2006-11-23,6.1,Y,,,6.1,Hoburg 68550,Y,2006,327
2006-11-24,7.3,Y,,,7.3,Hoburg 68550,Y,2006,328
2006-11-25,7.6,Y,,,7.6,Hoburg 68550,Y,2006,329
2006-11-26,8.4,Y,,,8.4,Hoburg 68550,Y,2006,330
2006-11-27,6.8,Y,,,6.8,Hoburg 68550,Y,2006,331
2006-11-28,6.5,Y,,,6.5,Hoburg 68550,Y,2006,332
2006-11-29,7,Y,,,7,Hoburg 68550,Y,2006,333
2006-11-30,7.4,Y,,,7.4,Hoburg 68550,Y,2006,334
2006-12-01,6.8,Y,,,6.8,Hoburg 68550,Y,2006,335
2006-12-02,7,Y,,,7,Hoburg 68550,Y,2006,336
2006-12-03,7.2,Y,,,7.2,Hoburg 68550,Y,2006,337
2006-12-04,7.3,Y,,,7.3,Hoburg 68550,Y,2006,338
2006-12-05,7.9,Y,,,7.9,Hoburg 68550,Y,2006,339
2006-12-06,8.2,Y,,,8.2,Hoburg 68550,Y,2006,340
2006-12-07,7.2,Y,,,7.2,Hoburg 68550,Y,2006,341
2006-12-08,7.6,Y,,,7.6,Hoburg 68550,Y,2006,342
2006-12-09,7.3,Y,,,7.3,Hoburg 68550,Y,2006,343
2006-12-10,5.8,Y,,,5.8,Hoburg 68550,Y,2006,344
2006-12-11,6,Y,,,6,Hoburg 68550,Y,2006,345
2006-12-12,5.9,Y,,,5.9,Hoburg 68550,Y,2006,346
2006-12-13,6.7,Y,,,6.7,Hoburg 68550,Y,2006,347
2006-12-14,7.9,Y,,,7.9,Hoburg 68550,Y,2006,348
2006-12-15,7.8,Y,,,7.8,Hoburg 68550,Y,2006,349
2006-12-16,6.2,Y,,,6.2,Hoburg 68550,Y,2006,350
2006-12-17,4.9,Y,,,4.9,Hoburg 68550,Y,2006,351
2006-12-18,3,Y,,,3,Hoburg 68550,Y,2006,352
2006-12-19,2.2,Y,,,2.2,Hoburg 68550,Y,2006,353
2006-12-20,5.1,Y,,,5.1,Hoburg 68550,Y,2006,354
2006-12-21,4.7,Y,,,4.7,Hoburg 68550,Y,2006,355
2006-12-22,5.2,Y,,,5.2,Hoburg 68550,Y,2006,356
2006-12-23,5.5,Y,,,5.5,Hoburg 68550,Y,2006,357
2006-12-24,5.5,Y,,,5.5,Hoburg 68550,Y,2006,358
2006-12-25,2.2,Y,,,2.2,Hoburg 68550,Y,2006,359
2006-12-26,3.2,Y,,,3.2,Hoburg 68550,Y,2006,360
2006-12-27,5,Y,,,5,Hoburg 68550,Y,2006,361
2006-12-28,4.6,Y,,,4.6,Hoburg 68550,Y,2006,362
2006-12-29,3,Y,,,3,Hoburg 68550,Y,2006,363
2006-12-30,5,Y,,,5,Hoburg 68550,Y,2006,364
2006-12-31,5.1,Y,,,5.1,Hoburg 68550,Y,2006,365
2007-01-01,6.2,Y,,,6.2,Hoburg 68550,Y,2007,1
2007-01-02,5.1,Y,,,5.1,Hoburg 68550,Y,2007,2
2007-01-03,3.8,Y,,,3.8,Hoburg 68550,Y,2007,3
2007-01-04,5.8,Y,,,5.8,Hoburg 68550,Y,2007,4
2007-01-05,4.8,Y,,,4.8,Hoburg 68550,Y,2007,5
2007-01-06,5.5,Y,,,5.5,Hoburg 68550,Y,2007,6
2007-01-07,5.1,Y,,,5.1,Hoburg 68550,Y,2007,7
2007-01-08,5.7,Y,,,5.7,Hoburg 68550,Y,2007,8
2007-01-09,6.4,Y,,,6.4,Hoburg 68550,Y,2007,9
2007-01-10,6.8,Y,,,6.8,Hoburg 68550,Y,2007,10
2007-01-11,4,Y,,,4,Hoburg 68550,Y,2007,11
2007-01-12,3.8,Y,,,3.8,Hoburg 68550,Y,2007,12
2007-01-13,5.9,Y,,,5.9,Hoburg 68550,Y,2007,13
2007-01-14,6.1,Y,,,6.1,Hoburg 68550,Y,2007,14
2007-01-15,4.9,Y,,,4.9,Hoburg 68550,Y,2007,15
2007-01-16,5.4,Y,,,5.4,Hoburg 68550,Y,2007,16
2007-01-17,4.4,Y,,,4.4,Hoburg 68550,Y,2007,17
2007-01-18,4.3,Y,,,4.3,Hoburg 68550,Y,2007,18
2007-01-19,2.6,Y,,,2.6,Hoburg 68550,Y,2007,19
2007-01-20,1.6,Y,,,1.6,Hoburg 68550,Y,2007,20
2007-01-21,3.4,Y,,,3.4,Hoburg 68550,Y,2007,21
2007-01-22,-1.8,Y,,,-1.8,Hoburg 68550,Y,2007,22
2007-01-23,-2.1,Y,,,-2.1,Hoburg 68550,Y,2007,23
2007-01-24,-1.4,Y,,,-1.4,Hoburg 68550,Y,2007,24
2007-01-25,-2.6,Y,,,-2.6,Hoburg 68550,Y,2007,25
2007-01-26,-0.6,Y,,,-0.6,Hoburg 68550,Y,2007,26
2007-01-27,-1.5,Y,,,-1.5,Hoburg 68550,Y,2007,27
2007-01-28,-1.5,Y,,,-1.5,Hoburg 68550,Y,2007,28
2007-01-29,-1.6,Y,,,-1.6,Hoburg 68550,Y,2007,29
2007-01-30,0.7,Y,,,0.7,Hoburg 68550,Y,2007,30
2007-01-31,3.5,Y,,,3.5,Hoburg 68550,Y,2007,31
2007-02-01,2,Y,,,2,Hoburg 68550,Y,2007,32
2007-02-02,3.3,Y,,,3.3,Hoburg 68550,Y,2007,33
2007-02-03,3.6,Y,,,3.6,Hoburg 68550,Y,2007,34
2007-02-04,3.4,Y,,,3.4,Hoburg 68550,Y,2007,35
2007-02-05,2,Y,,,2,Hoburg 68550,Y,2007,36
2007-02-06,-1.2,Y,,,-1.2,Hoburg 68550,Y,2007,37
2007-02-07,-3,Y,,,-3,Hoburg 68550,Y,2007,38
2007-02-08,-2.9,Y,,,-2.9,Hoburg 68550,Y,2007,39
2007-02-09,-4.3,Y,,,-4.3,Hoburg 68550,Y,2007,40
2007-02-10,-4.6,Y,,,-4.6,Hoburg 68550,Y,2007,41
2007-02-11,-3.5,Y,,,-3.5,Hoburg 68550,Y,2007,42
2007-02-12,-1.2,Y,,,-1.2,Hoburg 68550,Y,2007,43
2007-02-13,0.2,Y,,,0.2,Hoburg 68550,Y,2007,44
2007-02-14,0.3,Y,,,0.3,Hoburg 68550,Y,2007,45
2007-02-15,0.5,Y,,,0.5,Hoburg 68550,Y,2007,46
2007-02-16,1.4,Y,,,1.4,Hoburg 68550,Y,2007,47
2007-02-17,2.2,Y,,,2.2,Hoburg 68550,Y,2007,48
2007-02-18,1.5,Y,,,1.5,Hoburg 68550,Y,2007,49
2007-02-19,-0.5,Y,,,-0.5,Hoburg 68550,Y,2007,50
2007-02-20,-1.1,Y,,,-1.1,Hoburg 68550,Y,2007,51
2007-02-21,-6.5,Y,,,-6.5,Hoburg 68550,Y,2007,52
2007-02-22,-6,Y,,,-6,Hoburg 68550,Y,2007,53
2007-02-23,-5.2,Y,,,-5.2,Hoburg 68550,Y,2007,54
2007-02-24,-2.2,Y,,,-2.2,Hoburg 68550,Y,2007,55
2007-02-25,-1,Y,,,-1,Hoburg 68550,Y,2007,56
2007-02-26,0.1,Y,,,0.1,Hoburg 68550,Y,2007,57
2007-02-27,0,Y,,,0,Hoburg 68550,Y,2007,58
2007-02-28,1.1,Y,,,1.1,Hoburg 68550,Y,2007,59
2007-03-01,2.9,Y,,,2.9,Hoburg 68550,Y,2007,60
2007-03-02,2.3,Y,,,2.3,Hoburg 68550,Y,2007,61
2007-03-03,1.7,Y,,,1.7,Hoburg 68550,Y,2007,62
2007-03-04,1.1,Y,,,1.1,Hoburg 68550,Y,2007,63
2007-03-05,1.6,Y,,,1.6,Hoburg 68550,Y,2007,64
2007-03-06,3.3,Y,,,3.3,Hoburg 68550,Y,2007,65
2007-03-07,3.3,Y,,,3.3,Hoburg 68550,Y,2007,66
2007-03-08,3.9,Y,,,3.9,Hoburg 68550,Y,2007,67
2007-03-09,2.7,Y,,,2.7,Hoburg 68550,Y,2007,68
2007-03-10,3.8,Y,,,3.8,Hoburg 68550,Y,2007,69
2007-03-11,5.4,Y,,,5.4,Hoburg 68550,Y,2007,70
2007-03-12,4.5,Y,,,4.5,Hoburg 68550,Y,2007,71
2007-03-13,4.7,Y,,,4.7,Hoburg 68550,Y,2007,72
2007-03-14,5.1,Y,,,5.1,Hoburg 68550,Y,2007,73
2007-03-15,4.5,Y,,,4.5,Hoburg 68550,Y,2007,74
2007-03-16,5.3,Y,,,5.3,Hoburg 68550,Y,2007,75
2007-03-17,4.4,Y,,,4.4,Hoburg 68550,Y,2007,76
2007-03-18,3.7,Y,,,3.7,Hoburg 68550,Y,2007,77
2007-03-19,3.9,Y,,,3.9,Hoburg 68550,Y,2007,78
2007-03-20,3.5,Y,,,3.5,Hoburg 68550,Y,2007,79
2007-03-21,3.8,Y,,,3.8,Hoburg 68550,Y,2007,80
2007-03-22,4.7,Y,,,4.7,Hoburg 68550,Y,2007,81
2007-03-23,5.3,Y,,,5.3,Hoburg 68550,Y,2007,82
2007-03-24,6.4,Y,,,6.4,Hoburg 68550,Y,2007,83
2007-03-25,6.2,Y,,,6.2,Hoburg 68550,Y,2007,84
2007-03-26,6.2,Y,,,6.2,Hoburg 68550,Y,2007,85
2007-03-27,5.8,Y,,,5.8,Hoburg 68550,Y,2007,86
2007-03-28,5.9,Y,,,5.9,Hoburg 68550,Y,2007,87
2007-03-29,5.9,Y,,,5.9,Hoburg 68550,Y,2007,88
2007-03-30,6.1,Y,,,6.1,Hoburg 68550,Y,2007,89
2007-03-31,6.1,Y,,,6.1,Hoburg 68550,Y,2007,90
2007-04-01,4.2,Y,,,4.2,Hoburg 68550,Y,2007,91
2007-04-02,5.8,Y,,,5.8,Hoburg 68550,Y,2007,92
2007-04-03,4,Y,,,4,Hoburg 68550,Y,2007,93
2007-04-04,3.2,Y,,,3.2,Hoburg 68550,Y,2007,94
2007-04-05,6.8,Y,,,6.8,Hoburg 68550,Y,2007,95
2007-04-06,3.5,Y,,,3.5,Hoburg 68550,Y,2007,96
2007-04-07,3,Y,,,3,Hoburg 68550,Y,2007,97
2007-04-08,2.5,Y,,,2.5,Hoburg 68550,Y,2007,98
2007-04-09,2.4,Y,,,2.4,Hoburg 68550,Y,2007,99
2007-04-10,2.5,Y,,,2.5,Hoburg 68550,Y,2007,100
2007-04-11,7.4,Y,,,7.4,Hoburg 68550,Y,2007,101
2007-04-12,5.9,Y,,,5.9,Hoburg 68550,Y,2007,102
2007-04-13,6.1,Y,,,6.1,Hoburg 68550,Y,2007,103
2007-04-14,9.9,Y,,,9.9,Hoburg 68550,Y,2007,104
2007-04-15,8.5,Y,,,8.5,Hoburg 68550,Y,2007,105
2007-04-16,8.4,Y,,,8.4,Hoburg 68550,Y,2007,106
2007-04-17,9.3,Y,,,9.3,Hoburg 68550,Y,2007,107
2007-04-18,5.5,Y,,,5.5,Hoburg 68550,Y,2007,108
2007-04-19,5.1,Y,,,5.1,Hoburg 68550,Y,2007,109
2007-04-20,4.7,Y,,,4.7,Hoburg 68550,Y,2007,110
2007-04-21,4.1,Y,,,4.1,Hoburg 68550,Y,2007,111
2007-04-22,5.6,Y,,,5.6,Hoburg 68550,Y,2007,112
2007-04-23,6.4,Y,,,6.4,Hoburg 68550,Y,2007,113
2007-04-24,7.6,Y,,,7.6,Hoburg 68550,Y,2007,114
2007-04-25,7.8,Y,,,7.8,Hoburg 68550,Y,2007,115
2007-04-26,8.9,Y,,,8.9,Hoburg 68550,Y,2007,116
2007-04-27,9.9,Y,,,9.9,Hoburg 68550,Y,2007,117
2007-04-28,8.5,Y,,,8.5,Hoburg 68550,Y,2007,118
2007-04-29,5.2,Y,,,5.2,Hoburg 68550,Y,2007,119
2007-04-30,4.4,Y,,,4.4,Hoburg 68550,Y,2007,120
2007-05-01,4.8,Y,,,4.8,Hoburg 68550,Y,2007,121
2007-05-02,7,Y,,,7,Hoburg 68550,Y,2007,122
2007-05-03,6.3,Y,,,6.3,Hoburg 68550,Y,2007,123
2007-05-04,8.3,Y,,,8.3,Hoburg 68550,Y,2007,124
2007-05-05,6,Y,,,6,Hoburg 68550,Y,2007,125
2007-05-06,8.1,Y,,,8.1,Hoburg 68550,Y,2007,126
2007-05-07,8.8,Y,,,8.8,Hoburg 68550,Y,2007,127
2007-05-08,8.6,Y,,,8.6,Hoburg 68550,Y,2007,128
2007-05-09,8.6,Y,,,8.6,Hoburg 68550,Y,2007,129
2007-05-10,7.9,Y,,,7.9,Hoburg 68550,Y,2007,130
2007-05-11,7.9,Y,,,7.9,Hoburg 68550,Y,2007,131
2007-05-12,9.1,Y,,,9.1,Hoburg 68550,Y,2007,132
2007-05-13,8.5,Y,,,8.5,Hoburg 68550,Y,2007,133
2007-05-14,10,Y,,,10,Hoburg 68550,Y,2007,134
2007-05-15,10.4,Y,,,10.4,Hoburg 68550,Y,2007,135
2007-05-16,9.2,Y,,,9.2,Hoburg 68550,Y,2007,136
2007-05-17,9.9,Y,,,9.9,Hoburg 68550,Y,2007,137
2007-05-18,9.2,Y,,,9.2,Hoburg 68550,Y,2007,138
2007-05-19,10.7,Y,,,10.7,Hoburg 68550,Y,2007,139
2007-05-20,11.3,Y,,,11.3,Hoburg 68550,Y,2007,140
2007-05-21,13.6,Y,,,13.6,Hoburg 68550,Y,2007,141
2007-05-22,14.2,Y,,,14.2,Hoburg 68550,Y,2007,142
2007-05-23,13.1,Y,,,13.1,Hoburg 68550,Y,2007,143
2007-05-24,12.4,Y,,,12.4,Hoburg 68550,Y,2007,144
2007-05-25,13.3,Y,,,13.3,Hoburg 68550,Y,2007,145
2007-05-26,15.1,Y,,,15.1,Hoburg 68550,Y,2007,146
2007-05-27,15.1,Y,,,15.1,Hoburg 68550,Y,2007,147
2007-05-28,16,Y,,,16,Hoburg 68550,Y,2007,148
2007-05-29,16.4,Y,,,16.4,Hoburg 68550,Y,2007,149
2007-05-30,14.3,Y,,,14.3,Hoburg 68550,Y,2007,150
2007-05-31,12.8,Y,,,12.8,Hoburg 68550,Y,2007,151
2007-06-01,12.4,Y,,,12.4,Hoburg 68550,Y,2007,152
2007-06-02,13.9,Y,,,13.9,Hoburg 68550,Y,2007,153
2007-06-03,14.7,Y,,,14.7,Hoburg 68550,Y,2007,154
2007-06-04,17.2,Y,,,17.2,Hoburg 68550,Y,2007,155
2007-06-05,18.4,Y,,,18.4,Hoburg 68550,Y,2007,156
2007-06-06,20,Y,,,20,Hoburg 68550,Y,2007,157
2007-06-07,19.7,Y,,,19.7,Hoburg 68550,Y,2007,158
2007-06-08,17.9,Y,,,17.9,Hoburg 68550,Y,2007,159
2007-06-09,20.5,Y,,,20.5,Hoburg 68550,Y,2007,160
2007-06-10,19.8,Y,,,19.8,Hoburg 68550,Y,2007,161
2007-06-11,19.9,Y,,,19.9,Hoburg 68550,Y,2007,162
2007-06-12,18.6,Y,,,18.6,Hoburg 68550,Y,2007,163
2007-06-13,17.4,Y,,,17.4,Hoburg 68550,Y,2007,164
2007-06-14,16.3,Y,,,16.3,Hoburg 68550,Y,2007,165
2007-06-15,13.3,Y,,,13.3,Hoburg 68550,Y,2007,166
2007-06-16,14.9,Y,,,14.9,Hoburg 68550,Y,2007,167
2007-06-17,15.1,Y,,,15.1,Hoburg 68550,Y,2007,168
2007-06-18,15.8,Y,,,15.8,Hoburg 68550,Y,2007,169
2007-06-19,16.1,Y,,,16.1,Hoburg 68550,Y,2007,170
2007-06-20,16.4,Y,,,16.4,Hoburg 68550,Y,2007,171
2007-06-21,17.2,Y,,,17.2,Hoburg 68550,Y,2007,172
2007-06-22,16.9,Y,,,16.9,Hoburg 68550,Y,2007,173
2007-06-23,16.3,Y,,,16.3,Hoburg 68550,Y,2007,174
2007-06-24,17,Y,,,17,Hoburg 68550,Y,2007,175
2007-06-25,17.6,Y,,,17.6,Hoburg 68550,Y,2007,176
2007-06-26,15.1,Y,,,15.1,Hoburg 68550,Y,2007,177
2007-06-27,13.9,Y,,,13.9,Hoburg 68550,Y,2007,178
2007-06-28,13.9,Y,,,13.9,Hoburg 68550,Y,2007,179
2007-06-29,14.4,Y,,,14.4,Hoburg 68550,Y,2007,180
2007-06-30,14.3,Y,,,14.3,Hoburg 68550,Y,2007,181
2007-07-01,14.6,Y,,,14.6,Hoburg 68550,Y,2007,182
2007-07-02,15.4,Y,,,15.4,Hoburg 68550,Y,2007,183
2007-07-03,14.8,Y,,,14.8,Hoburg 68550,Y,2007,184
2007-07-04,15,Y,,,15,Hoburg 68550,Y,2007,185
2007-07-05,15.6,Y,,,15.6,Hoburg 68550,Y,2007,186
2007-07-06,16.8,Y,,,16.8,Hoburg 68550,Y,2007,187
2007-07-07,15.1,Y,,,15.1,Hoburg 68550,Y,2007,188
2007-07-08,14.1,Y,,,14.1,Hoburg 68550,Y,2007,189
2007-07-09,14.8,Y,,,14.8,Hoburg 68550,Y,2007,190
2007-07-10,14.6,Y,,,14.6,Hoburg 68550,Y,2007,191
2007-07-11,15.1,Y,,,15.1,Hoburg 68550,Y,2007,192
2007-07-12,14.7,Y,,,14.7,Hoburg 68550,Y,2007,193
2007-07-13,14.9,Y,,,14.9,Hoburg 68550,Y,2007,194
2007-07-14,16,Y,,,16,Hoburg 68550,Y,2007,195
2007-07-15,17,Y,,,17,Hoburg 68550,Y,2007,196
2007-07-16,18,Y,,,18,Hoburg 68550,Y,2007,197
2007-07-17,17.7,Y,,,17.7,Hoburg 68550,Y,2007,198
2007-07-18,17.8,Y,,,17.8,Hoburg 68550,Y,2007,199
2007-07-19,17.4,Y,,,17.4,Hoburg 68550,Y,2007,200
2007-07-20,16.9,Y,,,16.9,Hoburg 68550,Y,2007,201
2007-07-21,15.5,Y,,,15.5,Hoburg 68550,Y,2007,202
2007-07-22,16.1,Y,,,16.1,Hoburg 68550,Y,2007,203
2007-07-23,14.3,Y,,,14.3,Hoburg 68550,Y,2007,204
2007-07-24,15.5,Y,,,15.5,Hoburg 68550,Y,2007,205
2007-07-25,16.6,Y,,,16.6,Hoburg 68550,Y,2007,206
2007-07-26,15.6,Y,,,15.6,Hoburg 68550,Y,2007,207
2007-07-27,16.6,Y,,,16.6,Hoburg 68550,Y,2007,208
2007-07-28,15.6,Y,,,15.6,Hoburg 68550,Y,2007,209
2007-07-29,16,Y,,,16,Hoburg 68550,Y,2007,210
2007-07-30,13.4,Y,,,13.4,Hoburg 68550,Y,2007,211
2007-07-31,15.7,Y,,,15.7,Hoburg 68550,Y,2007,212
2007-08-01,16.1,Y,,,16.1,Hoburg 68550,Y,2007,213
2007-08-02,16.3,Y,,,16.3,Hoburg 68550,Y,2007,214
2007-08-03,14.8,Y,,,14.8,Hoburg 68550,Y,2007,215
2007-08-04,16.2,Y,,,16.2,Hoburg 68550,Y,2007,216
2007-08-05,17.8,Y,,,17.8,Hoburg 68550,Y,2007,217
2007-08-06,18.3,Y,,,18.3,Hoburg 68550,Y,2007,218
2007-08-07,19.6,Y,,,19.6,Hoburg 68550,Y,2007,219
2007-08-08,19.9,Y,,,19.9,Hoburg 68550,Y,2007,220
2007-08-09,20.5,Y,,,20.5,Hoburg 68550,Y,2007,221
2007-08-10,21.3,Y,,,21.3,Hoburg 68550,Y,2007,222
2007-08-11,19.7,Y,,,19.7,Hoburg 68550,Y,2007,223
2007-08-12,18.8,Y,,,18.8,Hoburg 68550,Y,2007,224
2007-08-13,19.4,Y,,,19.4,Hoburg 68550,Y,2007,225
2007-08-14,20,Y,,,20,Hoburg 68550,Y,2007,226
2007-08-15,19,Y,,,19,Hoburg 68550,Y,2007,227
2007-08-16,19.7,Y,,,19.7,Hoburg 68550,Y,2007,228
2007-08-17,16.6,Y,,,16.6,Hoburg 68550,Y,2007,229
2007-08-18,16.3,Y,,,16.3,Hoburg 68550,Y,2007,230
2007-08-19,15.3,Y,,,15.3,Hoburg 68550,Y,2007,231
2007-08-20,17.8,Y,,,17.8,Hoburg 68550,Y,2007,232
2007-08-21,18.7,Y,,,18.7,Hoburg 68550,Y,2007,233
2007-08-22,19.1,Y,,,19.1,Hoburg 68550,Y,2007,234
2007-08-23,19,Y,,,19,Hoburg 68550,Y,2007,235
2007-08-24,18.4,Y,,,18.4,Hoburg 68550,Y,2007,236
2007-08-25,17.7,Y,,,17.7,Hoburg 68550,Y,2007,237
2007-08-26,15,Y,,,15,Hoburg 68550,Y,2007,238
2007-08-27,15.6,Y,,,15.6,Hoburg 68550,Y,2007,239
2007-08-28,13.2,Y,,,13.2,Hoburg 68550,Y,2007,240
2007-08-29,13.1,Y,,,13.1,Hoburg 68550,Y,2007,241
2007-08-30,12.3,Y,,,12.3,Hoburg 68550,Y,2007,242
2007-08-31,11.6,Y,,,11.6,Hoburg 68550,Y,2007,243
2007-09-01,12.3,Y,,,12.3,Hoburg 68550,Y,2007,244
2007-09-02,14.2,Y,,,14.2,Hoburg 68550,Y,2007,245
2007-09-03,12.8,Y,,,12.8,Hoburg 68550,Y,2007,246
2007-09-04,10.9,Y,,,10.9,Hoburg 68550,Y,2007,247
2007-09-05,12.4,Y,,,12.4,Hoburg 68550,Y,2007,248
2007-09-06,13.8,Y,,,13.8,Hoburg 68550,Y,2007,249
2007-09-07,14.1,Y,,,14.1,Hoburg 68550,Y,2007,250
2007-09-08,13.5,Y,,,13.5,Hoburg 68550,Y,2007,251
2007-09-09,13.8,Y,,,13.8,Hoburg 68550,Y,2007,252
2007-09-10,12.9,Y,,,12.9,Hoburg 68550,Y,2007,253
2007-09-11,13.6,Y,,,13.6,Hoburg 68550,Y,2007,254
2007-09-12,13.9,Y,,,13.9,Hoburg 68550,Y,2007,255
2007-09-13,11.8,Y,,,11.8,Hoburg 68550,Y,2007,256
2007-09-14,13.2,Y,,,13.2,Hoburg 68550,Y,2007,257
2007-09-15,12.8,Y,,,12.8,Hoburg 68550,Y,2007,258
2007-09-16,11.1,Y,,,11.1,Hoburg 68550,Y,2007,259
2007-09-17,13.8,Y,,,13.8,Hoburg 68550,Y,2007,260
2007-09-18,11.5,Y,,,11.5,Hoburg 68550,Y,2007,261
2007-09-19,10.5,Y,,,10.5,Hoburg 68550,Y,2007,262
2007-09-20,11.9,Y,,,11.9,Hoburg 68550,Y,2007,263
2007-09-21,13,Y,,,13,Hoburg 68550,Y,2007,264
2007-09-22,12.7,Y,,,12.7,Hoburg 68550,Y,2007,265
2007-09-23,12.6,Y,,,12.6,Hoburg 68550,Y,2007,266
2007-09-24,13,Y,,,13,Hoburg 68550,Y,2007,267
2007-09-25,13.5,Y,,,13.5,Hoburg 68550,Y,2007,268
2007-09-26,12.1,Y,,,12.1,Hoburg 68550,Y,2007,269
2007-09-27,11.4,Y,,,11.4,Hoburg 68550,Y,2007,270
2007-09-28,12.7,Y,,,12.7,Hoburg 68550,Y,2007,271
2007-09-29,13.8,Y,,,13.8,Hoburg 68550,Y,2007,272
2007-09-30,13,Y,,,13,Hoburg 68550,Y,2007,273
2007-10-01,12.2,Y,,,12.2,Hoburg 68550,Y,2007,274
2007-10-02,11.1,Y,,,11.1,Hoburg 68550,Y,2007,275
2007-10-03,10.8,Y,,,10.8,Hoburg 68550,Y,2007,276
2007-10-04,10.6,Y,,,10.6,Hoburg 68550,Y,2007,277
2007-10-05,10.6,Y,,,10.6,Hoburg 68550,Y,2007,278
2007-10-06,11,Y,,,11,Hoburg 68550,Y,2007,279
2007-10-07,10.7,Y,,,10.7,Hoburg 68550,Y,2007,280
2007-10-08,10.5,Y,,,10.5,Hoburg 68550,Y,2007,281
2007-10-09,8.1,Y,,,8.1,Hoburg 68550,Y,2007,282
2007-10-10,8.8,Y,,,8.8,Hoburg 68550,Y,2007,283
2007-10-11,7.1,Y,,,7.1,Hoburg 68550,Y,2007,284
2007-10-12,7.9,Y,,,7.9,Hoburg 68550,Y,2007,285
2007-10-13,5.9,Y,,,5.9,Hoburg 68550,Y,2007,286
2007-10-14,7.7,Y,,,7.7,Hoburg 68550,Y,2007,287
2007-10-15,9.5,Y,,,9.5,Hoburg 68550,Y,2007,288
2007-10-16,10,Y,,,10,Hoburg 68550,Y,2007,289
2007-10-17,10.3,Y,,,10.3,Hoburg 68550,Y,2007,290
2007-10-18,8.3,Y,,,8.3,Hoburg 68550,Y,2007,291
2007-10-19,6.1,Y,,,6.1,Hoburg 68550,Y,2007,292
2007-10-20,5.8,Y,,,5.8,Hoburg 68550,Y,2007,293
2007-10-21,6,Y,,,6,Hoburg 68550,Y,2007,294
2007-10-22,7.2,Y,,,7.2,Hoburg 68550,Y,2007,295
2007-10-23,6.3,Y,,,6.3,Hoburg 68550,Y,2007,296
2007-10-24,6.3,Y,,,6.3,Hoburg 68550,Y,2007,297
2007-10-25,6.1,Y,,,6.1,Hoburg 68550,Y,2007,298
2007-10-26,7.9,Y,,,7.9,Hoburg 68550,Y,2007,299
2007-10-27,10,Y,,,10,Hoburg 68550,Y,2007,300
2007-10-28,9.1,Y,,,9.1,Hoburg 68550,Y,2007,301
2007-10-29,9.6,Y,,,9.6,Hoburg 68550,Y,2007,302
2007-10-30,8.8,Y,,,8.8,Hoburg 68550,Y,2007,303
2007-10-31,6.7,Y,,,6.7,Hoburg 68550,Y,2007,304
2007-11-01,10.1,Y,,,10.1,Hoburg 68550,Y,2007,305
2007-11-02,6,Y,,,6,Hoburg 68550,Y,2007,306
2007-11-03,8.4,Y,,,8.4,Hoburg 68550,Y,2007,307
2007-11-04,3.9,Y,,,3.9,Hoburg 68550,Y,2007,308
2007-11-05,4.5,Y,,,4.5,Hoburg 68550,Y,2007,309
2007-11-06,5.9,Y,,,5.9,Hoburg 68550,Y,2007,310
2007-11-07,5,Y,,,5,Hoburg 68550,Y,2007,311
2007-11-08,5.9,Y,,,5.9,Hoburg 68550,Y,2007,312
2007-11-09,6.7,Y,,,6.7,Hoburg 68550,Y,2007,313
2007-11-10,2.6,Y,,,2.6,Hoburg 68550,Y,2007,314
2007-11-11,1.1,Y,,,1.1,Hoburg 68550,Y,2007,315
2007-11-12,1.7,Y,,,1.7,Hoburg 68550,Y,2007,316
2007-11-13,0.1,Y,,,0.1,Hoburg 68550,Y,2007,317
2007-11-14,-0.1,Y,,,-0.1,Hoburg 68550,Y,2007,318
2007-11-15,0.5,Y,,,0.5,Hoburg 68550,Y,2007,319
2007-11-16,2.7,Y,,,2.7,Hoburg 68550,Y,2007,320
2007-11-17,4.5,Y,,,4.5,Hoburg 68550,Y,2007,321
2007-11-18,6.1,Y,,,6.1,Hoburg 68550,Y,2007,322
2007-11-19,5,Y,,,5,Hoburg 68550,Y,2007,323
2007-11-20,4.6,Y,,,4.6,Hoburg 68550,Y,2007,324
2007-11-21,4.7,Y,,,4.7,Hoburg 68550,Y,2007,325
2007-11-22,5.5,Y,,,5.5,Hoburg 68550,Y,2007,326
2007-11-23,6.5,Y,,,6.5,Hoburg 68550,Y,2007,327
2007-11-24,3.6,Y,,,3.6,Hoburg 68550,Y,2007,328
2007-11-25,4.4,Y,,,4.4,Hoburg 68550,Y,2007,329
2007-11-26,1.8,Y,,,1.8,Hoburg 68550,Y,2007,330
2007-11-27,2,Y,,,2,Hoburg 68550,Y,2007,331
2007-11-28,2.3,Y,,,2.3,Hoburg 68550,Y,2007,332
2007-11-29,5.3,Y,,,5.3,Hoburg 68550,Y,2007,333
2007-11-30,5.3,Y,,,5.3,Hoburg 68550,Y,2007,334
2007-12-01,5.7,Y,,,5.7,Hoburg 68550,Y,2007,335
2007-12-02,5.8,Y,,,5.8,Hoburg 68550,Y,2007,336
2007-12-03,5.9,Y,,,5.9,Hoburg 68550,Y,2007,337
2007-12-04,3.7,Y,,,3.7,Hoburg 68550,Y,2007,338
2007-12-05,5.2,Y,,,5.2,Hoburg 68550,Y,2007,339
2007-12-06,6.7,Y,,,6.7,Hoburg 68550,Y,2007,340
2007-12-07,6.6,Y,,,6.6,Hoburg 68550,Y,2007,341
2007-12-08,6,Y,,,6,Hoburg 68550,Y,2007,342
2007-12-09,5.4,Y,,,5.4,Hoburg 68550,Y,2007,343
2007-12-10,5.5,Y,,,5.5,Hoburg 68550,Y,2007,344
2007-12-11,4.8,Y,,,4.8,Hoburg 68550,Y,2007,345
2007-12-12,2.6,Y,,,2.6,Hoburg 68550,Y,2007,346
2007-12-13,1.2,Y,,,1.2,Hoburg 68550,Y,2007,347
2007-12-14,0.4,Y,,,0.4,Hoburg 68550,Y,2007,348
2007-12-15,1.2,Y,,,1.2,Hoburg 68550,Y,2007,349
2007-12-16,1.7,Y,,,1.7,Hoburg 68550,Y,2007,350
2007-12-17,2,Y,,,2,Hoburg 68550,Y,2007,351
2007-12-18,2.2,Y,,,2.2,Hoburg 68550,Y,2007,352
2007-12-19,0.8,Y,,,0.8,Hoburg 68550,Y,2007,353
2007-12-20,2.8,Y,,,2.8,Hoburg 68550,Y,2007,354
2007-12-21,0.3,Y,,,0.3,Hoburg 68550,Y,2007,355
2007-12-22,-0.7,Y,,,-0.7,Hoburg 68550,Y,2007,356
2007-12-23,-0.5,Y,,,-0.5,Hoburg 68550,Y,2007,357
2007-12-24,3,Y,,,3,Hoburg 68550,Y,2007,358
2007-12-25,3.6,Y,,,3.6,Hoburg 68550,Y,2007,359
2007-12-26,3.4,Y,,,3.4,Hoburg 68550,Y,2007,360
2007-12-27,4,Y,,,4,Hoburg 68550,Y,2007,361
2007-12-28,5.1,Y,,,5.1,Hoburg 68550,Y,2007,362
2007-12-29,4.9,Y,,,4.9,Hoburg 68550,Y,2007,363
2007-12-30,4.9,Y,,,4.9,Hoburg 68550,Y,2007,364
2007-12-31,2.3,Y,,,2.3,Hoburg 68550,Y,2007,365
2008-01-01,2.2,Y,,,2.2,Hoburg 68550,Y,2008,1
2008-01-02,-0.2,Y,,,-0.2,Hoburg 68550,Y,2008,2
2008-01-03,-1.9,Y,,,-1.9,Hoburg 68550,Y,2008,3
2008-01-04,-2.7,Y,,,-2.7,Hoburg 68550,Y,2008,4
2008-01-05,-2,Y,,,-2,Hoburg 68550,Y,2008,5
2008-01-06,1.1,Y,,,1.1,Hoburg 68550,Y,2008,6
2008-01-07,2.7,Y,,,2.7,Hoburg 68550,Y,2008,7
2008-01-08,3.7,Y,,,3.7,Hoburg 68550,Y,2008,8
2008-01-09,3.6,Y,,,3.6,Hoburg 68550,Y,2008,9
2008-01-10,3.7,Y,,,3.7,Hoburg 68550,Y,2008,10
2008-01-11,4.8,Y,,,4.8,Hoburg 68550,Y,2008,11
2008-01-12,4.5,Y,,,4.5,Hoburg 68550,Y,2008,12
2008-01-13,3.9,Y,,,3.9,Hoburg 68550,Y,2008,13
2008-01-14,3.8,Y,,,3.8,Hoburg 68550,Y,2008,14
2008-01-15,4,Y,,,4,Hoburg 68550,Y,2008,15
2008-01-16,4.5,Y,,,4.5,Hoburg 68550,Y,2008,16
2008-01-17,4.4,Y,,,4.4,Hoburg 68550,Y,2008,17
2008-01-18,3.9,Y,,,3.9,Hoburg 68550,Y,2008,18
2008-01-19,5.6,Y,,,5.6,Hoburg 68550,Y,2008,19
2008-01-20,3.6,Y,,,3.6,Hoburg 68550,Y,2008,20
2008-01-21,3.6,Y,,,3.6,Hoburg 68550,Y,2008,21
2008-01-22,0.8,Y,,,0.8,Hoburg 68550,Y,2008,22
2008-01-23,0.4,Y,,,0.4,Hoburg 68550,Y,2008,23
2008-01-24,4.2,Y,,,4.2,Hoburg 68550,Y,2008,24
2008-01-25,4.5,Y,,,4.5,Hoburg 68550,Y,2008,25
2008-01-26,3.9,Y,,,3.9,Hoburg 68550,Y,2008,26
2008-01-27,2.3,Y,,,2.3,Hoburg 68550,Y,2008,27
2008-01-28,2,Y,,,2,Hoburg 68550,Y,2008,28
2008-01-29,4.8,Y,,,4.8,Hoburg 68550,Y,2008,29
2008-01-30,4.2,Y,,,4.2,Hoburg 68550,Y,2008,30
2008-01-31,2.7,Y,,,2.7,Hoburg 68550,Y,2008,31
2008-02-01,3.7,Y,,,3.7,Hoburg 68550,Y,2008,32
2008-02-02,3.4,Y,,,3.4,Hoburg 68550,Y,2008,33
2008-02-03,3.2,Y,,,3.2,Hoburg 68550,Y,2008,34
2008-02-04,3.1,Y,,,3.1,Hoburg 68550,Y,2008,35
2008-02-05,3.5,Y,,,3.5,Hoburg 68550,Y,2008,36
2008-02-06,4,Y,,,4,Hoburg 68550,Y,2008,37
2008-02-07,3.6,Y,,,3.6,Hoburg 68550,Y,2008,38
2008-02-08,3.8,Y,,,3.8,Hoburg 68550,Y,2008,39
2008-02-09,4.6,Y,,,4.6,Hoburg 68550,Y,2008,40
2008-02-10,4.2,Y,,,4.2,Hoburg 68550,Y,2008,41
2008-02-11,3.4,Y,,,3.4,Hoburg 68550,Y,2008,42
2008-02-12,2.8,Y,,,2.8,Hoburg 68550,Y,2008,43
2008-02-13,3.4,Y,,,3.4,Hoburg 68550,Y,2008,44
2008-02-14,1.1,Y,,,1.1,Hoburg 68550,Y,2008,45
2008-02-15,-0.9,Y,,,-0.9,Hoburg 68550,Y,2008,46
2008-02-16,-1.9,Y,,,-1.9,Hoburg 68550,Y,2008,47
2008-02-17,3.6,Y,,,3.6,Hoburg 68550,Y,2008,48
2008-02-18,4.4,Y,,,4.4,Hoburg 68550,Y,2008,49
2008-02-19,2.3,Y,,,2.3,Hoburg 68550,Y,2008,50
2008-02-20,3.8,Y,,,3.8,Hoburg 68550,Y,2008,51
2008-02-21,3.3,Y,,,3.3,Hoburg 68550,Y,2008,52
2008-02-22,5.3,Y,,,5.3,Hoburg 68550,Y,2008,53
2008-02-23,5,Y,,,5,Hoburg 68550,Y,2008,54
2008-02-24,5.4,Y,,,5.4,Hoburg 68550,Y,2008,55
2008-02-25,5.3,Y,,,5.3,Hoburg 68550,Y,2008,56
2008-02-26,4.5,Y,,,4.5,Hoburg 68550,Y,2008,57
2008-02-27,5.2,Y,,,5.2,Hoburg 68550,Y,2008,58
2008-02-28,4.2,Y,,,4.2,Hoburg 68550,Y,2008,59
2008-02-29,4,Y,,,4,Hoburg 68550,Y,2008,60
2008-03-01,4.2,Y,,,4.2,Hoburg 68550,Y,2008,61
2008-03-02,2.5,Y,,,2.5,Hoburg 68550,Y,2008,62
2008-03-03,2.5,Y,,,2.5,Hoburg 68550,Y,2008,63
2008-03-04,1,Y,,,1,Hoburg 68550,Y,2008,64
2008-03-05,-0.6,Y,,,-0.6,Hoburg 68550,Y,2008,65
2008-03-06,4,Y,,,4,Hoburg 68550,Y,2008,66
2008-03-07,2.8,Y,,,2.8,Hoburg 68550,Y,2008,67
2008-03-08,3.6,Y,,,3.6,Hoburg 68550,Y,2008,68
2008-03-09,4,Y,,,4,Hoburg 68550,Y,2008,69
2008-03-10,5.1,Y,,,5.1,Hoburg 68550,Y,2008,70
2008-03-11,4.4,Y,,,4.4,Hoburg 68550,Y,2008,71
2008-03-12,4,Y,,,4,Hoburg 68550,Y,2008,72
2008-03-13,3.7,Y,,,3.7,Hoburg 68550,Y,2008,73
2008-03-14,3.1,Y,,,3.1,Hoburg 68550,Y,2008,74
2008-03-15,3.6,Y,,,3.6,Hoburg 68550,Y,2008,75
2008-03-16,2.6,Y,,,2.6,Hoburg 68550,Y,2008,76
2008-03-17,1.7,Y,,,1.7,Hoburg 68550,Y,2008,77
2008-03-18,1.6,Y,,,1.6,Hoburg 68550,Y,2008,78
2008-03-19,0.3,Y,,,0.3,Hoburg 68550,Y,2008,79
2008-03-20,-0.6,Y,,,-0.6,Hoburg 68550,Y,2008,80
2008-03-21,0.7,Y,,,0.7,Hoburg 68550,Y,2008,81
2008-03-22,-0.8,Y,,,-0.8,Hoburg 68550,Y,2008,82
2008-03-23,-2.5,Y,,,-2.5,Hoburg 68550,Y,2008,83
2008-03-24,-0.6,Y,,,-0.6,Hoburg 68550,Y,2008,84
2008-03-25,0.9,Y,,,0.9,Hoburg 68550,Y,2008,85
2008-03-26,0.9,Y,,,0.9,Hoburg 68550,Y,2008,86
2008-03-27,1.3,Y,,,1.3,Hoburg 68550,Y,2008,87
2008-03-28,2.7,Y,,,2.7,Hoburg 68550,Y,2008,88
2008-03-29,4.3,Y,,,4.3,Hoburg 68550,Y,2008,89
2008-03-30,4.7,Y,,,4.7,Hoburg 68550,Y,2008,90
2008-03-31,5.9,Y,,,5.9,Hoburg 68550,Y,2008,91
2008-04-01,5.3,Y,,,5.3,Hoburg 68550,Y,2008,92
2008-04-02,5.2,Y,,,5.2,Hoburg 68550,Y,2008,93
2008-04-03,4.7,Y,,,4.7,Hoburg 68550,Y,2008,94
2008-04-04,2.8,Y,,,2.8,Hoburg 68550,Y,2008,95
2008-04-05,4.1,Y,,,4.1,Hoburg 68550,Y,2008,96
2008-04-06,5.2,Y,,,5.2,Hoburg 68550,Y,2008,97
2008-04-07,3.4,Y,,,3.4,Hoburg 68550,Y,2008,98
2008-04-08,3,Y,,,3,Hoburg 68550,Y,2008,99
2008-04-09,3.9,Y,,,3.9,Hoburg 68550,Y,2008,100
2008-04-10,3.6,Y,,,3.6,Hoburg 68550,Y,2008,101
2008-04-11,3.8,Y,,,3.8,Hoburg 68550,Y,2008,102
2008-04-12,4.1,Y,,,4.1,Hoburg 68550,Y,2008,103
2008-04-13,4.3,Y,,,4.3,Hoburg 68550,Y,2008,104
2008-04-14,5.6,Y,,,5.6,Hoburg 68550,Y,2008,105
2008-04-15,6.4,Y,,,6.4,Hoburg 68550,Y,2008,106
2008-04-16,7.1,Y,,,7.1,Hoburg 68550,Y,2008,107
2008-04-17,6.3,Y,,,6.3,Hoburg 68550,Y,2008,108
2008-04-18,4.8,Y,,,4.8,Hoburg 68550,Y,2008,109
2008-04-19,5.7,Y,,,5.7,Hoburg 68550,Y,2008,110
2008-04-20,4.3,Y,,,4.3,Hoburg 68550,Y,2008,111
2008-04-21,6.6,Y,,,6.6,Hoburg 68550,Y,2008,112
2008-04-22,6.4,Y,,,6.4,Hoburg 68550,Y,2008,113
2008-04-23,6.7,Y,,,6.7,Hoburg 68550,Y,2008,114
2008-04-24,6.2,Y,,,6.2,Hoburg 68550,Y,2008,115
2008-04-25,7.1,Y,,,7.1,Hoburg 68550,Y,2008,116
2008-04-26,8.5,Y,,,8.5,Hoburg 68550,Y,2008,117
2008-04-27,7.9,Y,,,7.9,Hoburg 68550,Y,2008,118
2008-04-28,9.2,Y,,,9.2,Hoburg 68550,Y,2008,119
2008-04-29,11.9,Y,,,11.9,Hoburg 68550,Y,2008,120
2008-04-30,9.9,Y,,,9.9,Hoburg 68550,Y,2008,121
2008-05-01,10,Y,,,10,Hoburg 68550,Y,2008,122
2008-05-02,10.6,Y,,,10.6,Hoburg 68550,Y,2008,123
2008-05-03,9.5,Y,,,9.5,Hoburg 68550,Y,2008,124
2008-05-04,11.1,Y,,,11.1,Hoburg 68550,Y,2008,125
2008-05-05,10.6,Y,,,10.6,Hoburg 68550,Y,2008,126
2008-05-06,9.6,Y,,,9.6,Hoburg 68550,Y,2008,127
2008-05-07,10.3,Y,,,10.3,Hoburg 68550,Y,2008,128
2008-05-08,11.8,Y,,,11.8,Hoburg 68550,Y,2008,129
2008-05-09,12.5,Y,,,12.5,Hoburg 68550,Y,2008,130
2008-05-10,14.4,Y,,,14.4,Hoburg 68550,Y,2008,131
2008-05-11,13.4,Y,,,13.4,Hoburg 68550,Y,2008,132
2008-05-12,10,Y,,,10,Hoburg 68550,Y,2008,133
2008-05-13,7.4,Y,,,7.4,Hoburg 68550,Y,2008,134
2008-05-14,8.4,Y,,,8.4,Hoburg 68550,Y,2008,135
2008-05-15,9.5,Y,,,9.5,Hoburg 68550,Y,2008,136
2008-05-16,9.7,Y,,,9.7,Hoburg 68550,Y,2008,137
2008-05-17,8.8,Y,,,8.8,Hoburg 68550,Y,2008,138
2008-05-18,7.4,Y,,,7.4,Hoburg 68550,Y,2008,139
2008-05-19,7.8,Y,,,7.8,Hoburg 68550,Y,2008,140
2008-05-20,8.3,Y,,,8.3,Hoburg 68550,Y,2008,141
2008-05-21,10.6,Y,,,10.6,Hoburg 68550,Y,2008,142
2008-05-22,11.9,Y,,,11.9,Hoburg 68550,Y,2008,143
2008-05-23,13.6,Y,,,13.6,Hoburg 68550,Y,2008,144
2008-05-24,11.4,Y,,,11.4,Hoburg 68550,Y,2008,145
2008-05-25,11.5,Y,,,11.5,Hoburg 68550,Y,2008,146
2008-05-26,11.8,Y,,,11.8,Hoburg 68550,Y,2008,147
2008-05-27,12.1,Y,,,12.1,Hoburg 68550,Y,2008,148
2008-05-28,11.6,Y,,,11.6,Hoburg 68550,Y,2008,149
2008-05-29,12.1,Y,,,12.1,Hoburg 68550,Y,2008,150
2008-05-30,13.7,Y,,,13.7,Hoburg 68550,Y,2008,151
2008-05-31,15.8,Y,,,15.8,Hoburg 68550,Y,2008,152
2008-06-01,16.3,Y,,,16.3,Hoburg 68550,Y,2008,153
2008-06-02,16.9,Y,,,16.9,Hoburg 68550,Y,2008,154
2008-06-03,15.9,Y,,,15.9,Hoburg 68550,Y,2008,155
2008-06-04,15.6,Y,,,15.6,Hoburg 68550,Y,2008,156
2008-06-05,16.5,Y,,,16.5,Hoburg 68550,Y,2008,157
2008-06-06,16.3,Y,,,16.3,Hoburg 68550,Y,2008,158
2008-06-07,17.6,Y,,,17.6,Hoburg 68550,Y,2008,159
2008-06-08,17.3,Y,,,17.3,Hoburg 68550,Y,2008,160
2008-06-09,18.5,Y,,,18.5,Hoburg 68550,Y,2008,161
2008-06-10,17.2,Y,,,17.2,Hoburg 68550,Y,2008,162
2008-06-11,14.8,Y,,,14.8,Hoburg 68550,Y,2008,163
2008-06-12,13.7,Y,,,13.7,Hoburg 68550,Y,2008,164
2008-06-13,14.1,Y,,,14.1,Hoburg 68550,Y,2008,165
2008-06-14,13.7,Y,,,13.7,Hoburg 68550,Y,2008,166
2008-06-15,14.3,Y,,,14.3,Hoburg 68550,Y,2008,167
2008-06-16,14.3,Y,,,14.3,Hoburg 68550,Y,2008,168
2008-06-17,14.4,Y,,,14.4,Hoburg 68550,Y,2008,169
2008-06-18,15.7,Y,,,15.7,Hoburg 68550,Y,2008,170
2008-06-19,16.4,Y,,,16.4,Hoburg 68550,Y,2008,171
2008-06-20,14.9,Y,,,14.9,Hoburg 68550,Y,2008,172
2008-06-21,14.6,Y,,,14.6,Hoburg 68550,Y,2008,173
2008-06-22,13.5,Y,,,13.5,Hoburg 68550,Y,2008,174
2008-06-23,15.8,Y,,,15.8,Hoburg 68550,Y,2008,175
2008-06-24,14.1,Y,,,14.1,Hoburg 68550,Y,2008,176
2008-06-25,13.9,Y,,,13.9,Hoburg 68550,Y,2008,177
2008-06-26,15.1,Y,,,15.1,Hoburg 68550,Y,2008,178
2008-06-27,15.1,Y,,,15.1,Hoburg 68550,Y,2008,179
2008-06-28,15.3,Y,,,15.3,Hoburg 68550,Y,2008,180
2008-06-29,15.4,Y,,,15.4,Hoburg 68550,Y,2008,181
2008-06-30,15.5,Y,,,15.5,Hoburg 68550,Y,2008,182
2008-07-01,15.8,Y,,,15.8,Hoburg 68550,Y,2008,183
2008-07-02,17.5,Y,,,17.5,Hoburg 68550,Y,2008,184
2008-07-03,18.2,Y,,,18.2,Hoburg 68550,Y,2008,185
2008-07-04,17.3,Y,,,17.3,Hoburg 68550,Y,2008,186
2008-07-05,18.6,Y,,,18.6,Hoburg 68550,Y,2008,187
2008-07-06,14.2,Y,,,14.2,Hoburg 68550,Y,2008,188
2008-07-07,16.4,Y,,,16.4,Hoburg 68550,Y,2008,189
2008-07-08,16.1,Y,,,16.1,Hoburg 68550,Y,2008,190
2008-07-09,16,Y,,,16,Hoburg 68550,Y,2008,191
2008-07-10,17.4,Y,,,17.4,Hoburg 68550,Y,2008,192
2008-07-11,17,Y,,,17,Hoburg 68550,Y,2008,193
2008-07-12,17.2,Y,,,17.2,Hoburg 68550,Y,2008,194
2008-07-13,17,Y,,,17,Hoburg 68550,Y,2008,195
2008-07-14,17.4,Y,,,17.4,Hoburg 68550,Y,2008,196
2008-07-15,17.6,Y,,,17.6,Hoburg 68550,Y,2008,197
2008-07-16,18.4,Y,,,18.4,Hoburg 68550,Y,2008,198
2008-07-17,16.7,Y,,,16.7,Hoburg 68550,Y,2008,199
2008-07-18,16.9,Y,,,16.9,Hoburg 68550,Y,2008,200
2008-07-19,17.5,Y,,,17.5,Hoburg 68550,Y,2008,201
2008-07-20,16.4,Y,,,16.4,Hoburg 68550,Y,2008,202
2008-07-21,16.3,Y,,,16.3,Hoburg 68550,Y,2008,203
2008-07-22,17.5,Y,,,17.5,Hoburg 68550,Y,2008,204
2008-07-23,18.5,Y,,,18.5,Hoburg 68550,Y,2008,205
2008-07-24,19.5,Y,,,19.5,Hoburg 68550,Y,2008,206
2008-07-25,19.8,Y,,,19.8,Hoburg 68550,Y,2008,207
2008-07-26,21.3,Y,,,21.3,Hoburg 68550,Y,2008,208
2008-07-27,20.6,Y,,,20.6,Hoburg 68550,Y,2008,209
2008-07-28,20,Y,,,20,Hoburg 68550,Y,2008,210
2008-07-29,19.6,Y,,,19.6,Hoburg 68550,Y,2008,211
2008-07-30,19.2,Y,,,19.2,Hoburg 68550,Y,2008,212
2008-07-31,20.3,Y,,,20.3,Hoburg 68550,Y,2008,213
2008-08-01,21.2,Y,,,21.2,Hoburg 68550,Y,2008,214
2008-08-02,19.3,Y,,,19.3,Hoburg 68550,Y,2008,215
2008-08-03,20.2,Y,,,20.2,Hoburg 68550,Y,2008,216
2008-08-04,18.2,Y,,,18.2,Hoburg 68550,Y,2008,217
2008-08-05,15.9,Y,,,15.9,Hoburg 68550,Y,2008,218
2008-08-06,15.2,Y,,,15.2,Hoburg 68550,Y,2008,219
2008-08-07,17,Y,,,17,Hoburg 68550,Y,2008,220
2008-08-08,18.3,Y,,,18.3,Hoburg 68550,Y,2008,221
2008-08-09,17.6,Y,,,17.6,Hoburg 68550,Y,2008,222
2008-08-10,15.3,Y,,,15.3,Hoburg 68550,Y,2008,223
2008-08-11,17.4,Y,,,17.4,Hoburg 68550,Y,2008,224
2008-08-12,17.1,Y,,,17.1,Hoburg 68550,Y,2008,225
2008-08-13,18.2,Y,,,18.2,Hoburg 68550,Y,2008,226
2008-08-14,17.3,Y,,,17.3,Hoburg 68550,Y,2008,227
2008-08-15,16.4,Y,,,16.4,Hoburg 68550,Y,2008,228
2008-08-16,15.7,Y,,,15.7,Hoburg 68550,Y,2008,229
2008-08-17,15.3,Y,,,15.3,Hoburg 68550,Y,2008,230
2008-08-18,15.3,Y,,,15.3,Hoburg 68550,Y,2008,231
2008-08-19,15.8,Y,,,15.8,Hoburg 68550,Y,2008,232
2008-08-20,17.2,Y,,,17.2,Hoburg 68550,Y,2008,233
2008-08-21,16.8,Y,,,16.8,Hoburg 68550,Y,2008,234
2008-08-22,16.5,Y,,,16.5,Hoburg 68550,Y,2008,235
2008-08-23,14.4,Y,,,14.4,Hoburg 68550,Y,2008,236
2008-08-24,14.6,Y,,,14.6,Hoburg 68550,Y,2008,237
2008-08-25,15.4,Y,,,15.4,Hoburg 68550,Y,2008,238
2008-08-26,15.7,Y,,,15.7,Hoburg 68550,Y,2008,239
2008-08-27,16,Y,,,16,Hoburg 68550,Y,2008,240
2008-08-28,16.4,Y,,,16.4,Hoburg 68550,Y,2008,241
2008-08-29,13.9,Y,,,13.9,Hoburg 68550,Y,2008,242
2008-08-30,14.5,Y,,,14.5,Hoburg 68550,Y,2008,243
2008-08-31,13.3,Y,,,13.3,Hoburg 68550,Y,2008,244
2008-09-01,12.8,Y,,,12.8,Hoburg 68550,Y,2008,245
2008-09-02,16,Y,,,16,Hoburg 68550,Y,2008,246
2008-09-03,16.4,Y,,,16.4,Hoburg 68550,Y,2008,247
2008-09-04,15,Y,,,15,Hoburg 68550,Y,2008,248
2008-09-05,16,Y,,,16,Hoburg 68550,Y,2008,249
2008-09-06,15.6,Y,,,15.6,Hoburg 68550,Y,2008,250
2008-09-07,15.5,Y,,,15.5,Hoburg 68550,Y,2008,251
2008-09-08,14.9,Y,,,14.9,Hoburg 68550,Y,2008,252
2008-09-09,13.9,Y,,,13.9,Hoburg 68550,Y,2008,253
2008-09-10,13.9,Y,,,13.9,Hoburg 68550,Y,2008,254
2008-09-11,13.3,Y,,,13.3,Hoburg 68550,Y,2008,255
2008-09-12,11.1,Y,,,11.1,Hoburg 68550,Y,2008,256
2008-09-13,9.9,Y,,,9.9,Hoburg 68550,Y,2008,257
2008-09-14,11.1,Y,,,11.1,Hoburg 68550,Y,2008,258
2008-09-15,10.2,Y,,,10.2,Hoburg 68550,Y,2008,259
2008-09-16,9.7,Y,,,9.7,Hoburg 68550,Y,2008,260
2008-09-17,9.3,Y,,,9.3,Hoburg 68550,Y,2008,261
2008-09-18,8.9,Y,,,8.9,Hoburg 68550,Y,2008,262
2008-09-19,10.1,Y,,,10.1,Hoburg 68550,Y,2008,263
2008-09-20,11.7,Y,,,11.7,Hoburg 68550,Y,2008,264
2008-09-21,11.1,Y,,,11.1,Hoburg 68550,Y,2008,265
2008-09-22,12.9,Y,,,12.9,Hoburg 68550,Y,2008,266
2008-09-23,13,Y,,,13,Hoburg 68550,Y,2008,267
2008-09-24,11.7,Y,,,11.7,Hoburg 68550,Y,2008,268
2008-09-25,12.1,Y,,,12.1,Hoburg 68550,Y,2008,269
2008-09-26,13.2,Y,,,13.2,Hoburg 68550,Y,2008,270
2008-09-27,13.6,Y,,,13.6,Hoburg 68550,Y,2008,271
2008-09-28,13.3,Y,,,13.3,Hoburg 68550,Y,2008,272
2008-09-29,11.1,Y,,,11.1,Hoburg 68550,Y,2008,273
2008-09-30,11.2,Y,,,11.2,Hoburg 68550,Y,2008,274
2008-10-01,11,Y,,,11,Hoburg 68550,Y,2008,275
2008-10-02,11.2,Y,,,11.2,Hoburg 68550,Y,2008,276
2008-10-03,11.2,Y,,,11.2,Hoburg 68550,Y,2008,277
2008-10-04,11.2,Y,,,11.2,Hoburg 68550,Y,2008,278
2008-10-05,10.6,Y,,,10.6,Hoburg 68550,Y,2008,279
2008-10-06,10.9,Y,,,10.9,Hoburg 68550,Y,2008,280
2008-10-07,9.8,Y,,,9.8,Hoburg 68550,Y,2008,281
2008-10-08,9.9,Y,,,9.9,Hoburg 68550,Y,2008,282
2008-10-09,11.8,Y,,,11.8,Hoburg 68550,Y,2008,283
2008-10-10,11.6,Y,,,11.6,Hoburg 68550,Y,2008,284
2008-10-11,12.2,Y,,,12.2,Hoburg 68550,Y,2008,285
2008-10-12,11.8,Y,,,11.8,Hoburg 68550,Y,2008,286
2008-10-13,11.4,Y,,,11.4,Hoburg 68550,Y,2008,287
2008-10-14,12.1,Y,,,12.1,Hoburg 68550,Y,2008,288
2008-10-15,10.4,Y,,,10.4,Hoburg 68550,Y,2008,289
2008-10-16,11.3,Y,,,11.3,Hoburg 68550,Y,2008,290
2008-10-17,8.6,Y,,,8.6,Hoburg 68550,Y,2008,291
2008-10-18,8.9,Y,,,8.9,Hoburg 68550,Y,2008,292
2008-10-19,10.3,Y,,,10.3,Hoburg 68550,Y,2008,293
2008-10-20,10.9,Y,,,10.9,Hoburg 68550,Y,2008,294
2008-10-21,11.2,Y,,,11.2,Hoburg 68550,Y,2008,295
2008-10-22,9.7,Y,,,9.7,Hoburg 68550,Y,2008,296
2008-10-23,8.9,Y,,,8.9,Hoburg 68550,Y,2008,297
2008-10-24,10.4,Y,,,10.4,Hoburg 68550,Y,2008,298
2008-10-25,9.6,Y,,,9.6,Hoburg 68550,Y,2008,299
2008-10-26,10,Y,,,10,Hoburg 68550,Y,2008,300
2008-10-27,9.2,Y,,,9.2,Hoburg 68550,Y,2008,301
2008-10-28,8.1,Y,,,8.1,Hoburg 68550,Y,2008,302
2008-10-29,7.1,Y,,,7.1,Hoburg 68550,Y,2008,303
2008-10-30,7,Y,,,7,Hoburg 68550,Y,2008,304
2008-10-31,5.1,Y,,,5.1,Hoburg 68550,Y,2008,305
2008-11-01,3.8,Y,,,3.8,Hoburg 68550,Y,2008,306
2008-11-02,4.2,Y,,,4.2,Hoburg 68550,Y,2008,307
2008-11-03,5.2,Y,,,5.2,Hoburg 68550,Y,2008,308
2008-11-04,5.8,Y,,,5.8,Hoburg 68550,Y,2008,309
2008-11-05,4.4,Y,,,4.4,Hoburg 68550,Y,2008,310
2008-11-06,6.6,Y,,,6.6,Hoburg 68550,Y,2008,311
2008-11-07,6.2,Y,,,6.2,Hoburg 68550,Y,2008,312
2008-11-08,7.6,Y,,,7.6,Hoburg 68550,Y,2008,313
2008-11-09,8.8,Y,,,8.8,Hoburg 68550,Y,2008,314
2008-11-10,8.8,Y,,,8.8,Hoburg 68550,Y,2008,315
2008-11-11,9.9,Y,,,9.9,Hoburg 68550,Y,2008,316
2008-11-12,8.3,Y,,,8.3,Hoburg 68550,Y,2008,317
2008-11-13,7.7,Y,,,7.7,Hoburg 68550,Y,2008,318
2008-11-14,7.6,Y,,,7.6,Hoburg 68550,Y,2008,319
2008-11-15,9.1,Y,,,9.1,Hoburg 68550,Y,2008,320
2008-11-16,6.6,Y,,,6.6,Hoburg 68550,Y,2008,321
2008-11-17,3,Y,,,3,Hoburg 68550,Y,2008,322
2008-11-18,5.4,Y,,,5.4,Hoburg 68550,Y,2008,323
2008-11-19,5.1,Y,,,5.1,Hoburg 68550,Y,2008,324
2008-11-20,4.7,Y,,,4.7,Hoburg 68550,Y,2008,325
2008-11-21,0.5,Y,,,0.5,Hoburg 68550,Y,2008,326
2008-11-22,-0.6,Y,,,-0.6,Hoburg 68550,Y,2008,327
2008-11-23,0.3,Y,,,0.3,Hoburg 68550,Y,2008,328
2008-11-24,-0.8,Y,,,-0.8,Hoburg 68550,Y,2008,329
2008-11-25,1.1,Y,,,1.1,Hoburg 68550,Y,2008,330
2008-11-26,3.3,Y,,,3.3,Hoburg 68550,Y,2008,331
2008-11-27,6.8,Y,,,6.8,Hoburg 68550,Y,2008,332
2008-11-28,6.1,Y,,,6.1,Hoburg 68550,Y,2008,333
2008-11-29,4.8,Y,,,4.8,Hoburg 68550,Y,2008,334
2008-11-30,4.6,Y,,,4.6,Hoburg 68550,Y,2008,335
2008-12-01,5.2,Y,,,5.2,Hoburg 68550,Y,2008,336
2008-12-02,5.5,Y,,,5.5,Hoburg 68550,Y,2008,337
2008-12-03,4.6,Y,,,4.6,Hoburg 68550,Y,2008,338
2008-12-04,2.7,Y,,,2.7,Hoburg 68550,Y,2008,339
2008-12-05,4.6,Y,,,4.6,Hoburg 68550,Y,2008,340
2008-12-06,4.8,Y,,,4.8,Hoburg 68550,Y,2008,341
2008-12-07,3.4,Y,,,3.4,Hoburg 68550,Y,2008,342
2008-12-08,3.7,Y,,,3.7,Hoburg 68550,Y,2008,343
2008-12-09,4.6,Y,,,4.6,Hoburg 68550,Y,2008,344
2008-12-10,3.4,Y,,,3.4,Hoburg 68550,Y,2008,345
2008-12-11,2.4,Y,,,2.4,Hoburg 68550,Y,2008,346
2008-12-12,4.5,Y,,,4.5,Hoburg 68550,Y,2008,347
2008-12-13,3.5,Y,,,3.5,Hoburg 68550,Y,2008,348
2008-12-14,4,Y,,,4,Hoburg 68550,Y,2008,349
2008-12-15,2.2,Y,,,2.2,Hoburg 68550,Y,2008,350
2008-12-16,2.9,Y,,,2.9,Hoburg 68550,Y,2008,351
2008-12-17,4.4,Y,,,4.4,Hoburg 68550,Y,2008,352
2008-12-18,4.1,Y,,,4.1,Hoburg 68550,Y,2008,353
2008-12-19,4.3,Y,,,4.3,Hoburg 68550,Y,2008,354
2008-12-20,4.2,Y,,,4.2,Hoburg 68550,Y,2008,355
2008-12-21,4,Y,,,4,Hoburg 68550,Y,2008,356
2008-12-22,5.4,Y,,,5.4,Hoburg 68550,Y,2008,357
2008-12-23,2.2,Y,,,2.2,Hoburg 68550,Y,2008,358
2008-12-24,0.7,Y,,,0.7,Hoburg 68550,Y,2008,359
2008-12-25,0.2,Y,,,0.2,Hoburg 68550,Y,2008,360
2008-12-26,0.7,Y,,,0.7,Hoburg 68550,Y,2008,361
2008-12-27,1.8,Y,,,1.8,Hoburg 68550,Y,2008,362
2008-12-28,1,Y,,,1,Hoburg 68550,Y,2008,363
2008-12-29,0.3,Y,,,0.3,Hoburg 68550,Y,2008,364
2008-12-30,1.1,Y,,,1.1,Hoburg 68550,Y,2008,365
2008-12-31,-0.8,Y,,,-0.8,Hoburg 68550,Y,2008,366
2009-01-01,0.1,Y,,,0.1,Hoburg 68550,Y,2009,1
2009-01-02,-1.4,Y,,,-1.4,Hoburg 68550,Y,2009,2
2009-01-03,-1.1,Y,,,-1.1,Hoburg 68550,Y,2009,3
2009-01-04,-5.7,Y,,,-5.7,Hoburg 68550,Y,2009,4
2009-01-05,-5.2,Y,,,-5.2,Hoburg 68550,Y,2009,5
2009-01-06,-0.6,Y,,,-0.6,Hoburg 68550,Y,2009,6
2009-01-07,-1,Y,,,-1,Hoburg 68550,Y,2009,7
2009-01-08,-0.3,Y,,,-0.3,Hoburg 68550,Y,2009,8
2009-01-09,3.7,Y,,,3.7,Hoburg 68550,Y,2009,9
2009-01-10,1.9,Y,,,1.9,Hoburg 68550,Y,2009,10
2009-01-11,2.5,Y,,,2.5,Hoburg 68550,Y,2009,11
2009-01-12,4.1,Y,,,4.1,Hoburg 68550,Y,2009,12
2009-01-13,3.4,Y,,,3.4,Hoburg 68550,Y,2009,13
2009-01-14,3.7,Y,,,3.7,Hoburg 68550,Y,2009,14
2009-01-15,-0.1,Y,,,-0.1,Hoburg 68550,Y,2009,15
2009-01-16,-1.6,Y,,,-1.6,Hoburg 68550,Y,2009,16
2009-01-17,-2,Y,,,-2,Hoburg 68550,Y,2009,17
2009-01-18,-1.2,Y,,,-1.2,Hoburg 68550,Y,2009,18
2009-01-19,1.7,Y,,,1.7,Hoburg 68550,Y,2009,19
2009-01-20,2.9,Y,,,2.9,Hoburg 68550,Y,2009,20
2009-01-21,0.9,Y,,,0.9,Hoburg 68550,Y,2009,21
2009-01-22,1.8,Y,,,1.8,Hoburg 68550,Y,2009,22
2009-01-23,1.9,Y,,,1.9,Hoburg 68550,Y,2009,23
2009-01-24,3.2,Y,,,3.2,Hoburg 68550,Y,2009,24
2009-01-25,3.1,Y,,,3.1,Hoburg 68550,Y,2009,25
2009-01-26,3,Y,,,3,Hoburg 68550,Y,2009,26
2009-01-27,1.8,Y,,,1.8,Hoburg 68550,Y,2009,27
2009-01-28,1.5,Y,,,1.5,Hoburg 68550,Y,2009,28
2009-01-29,1.8,Y,,,1.8,Hoburg 68550,Y,2009,29
2009-01-30,0.3,Y,,,0.3,Hoburg 68550,Y,2009,30
2009-01-31,-1.2,Y,,,-1.2,Hoburg 68550,Y,2009,31
2009-02-01,-3.1,Y,,,-3.1,Hoburg 68550,Y,2009,32
2009-02-02,-2.6,Y,,,-2.6,Hoburg 68550,Y,2009,33
2009-02-03,-0.6,Y,,,-0.6,Hoburg 68550,Y,2009,34
2009-02-04,-1.4,Y,,,-1.4,Hoburg 68550,Y,2009,35
2009-02-05,1.1,Y,,,1.1,Hoburg 68550,Y,2009,36
2009-02-06,2.2,Y,,,2.2,Hoburg 68550,Y,2009,37
2009-02-07,2,Y,,,2,Hoburg 68550,Y,2009,38
2009-02-08,2.3,Y,,,2.3,Hoburg 68550,Y,2009,39
2009-02-09,1.1,Y,,,1.1,Hoburg 68550,Y,2009,40
2009-02-10,1.1,Y,,,1.1,Hoburg 68550,Y,2009,41
2009-02-11,0.2,Y,,,0.2,Hoburg 68550,Y,2009,42
2009-02-12,-0.2,Y,,,-0.2,Hoburg 68550,Y,2009,43
2009-02-13,-0.2,Y,,,-0.2,Hoburg 68550,Y,2009,44
2009-02-14,-0.8,Y,,,-0.8,Hoburg 68550,Y,2009,45
2009-02-15,-0.6,Y,,,-0.6,Hoburg 68550,Y,2009,46
2009-02-16,-2.6,Y,,,-2.6,Hoburg 68550,Y,2009,47
2009-02-17,-3,Y,,,-3,Hoburg 68550,Y,2009,48
2009-02-18,-2.2,Y,,,-2.2,Hoburg 68550,Y,2009,49
2009-02-19,-2.6,Y,,,-2.6,Hoburg 68550,Y,2009,50
2009-02-20,-2.5,Y,,,-2.5,Hoburg 68550,Y,2009,51
2009-02-21,-2,Y,,,-2,Hoburg 68550,Y,2009,52
2009-02-22,0.2,Y,,,0.2,Hoburg 68550,Y,2009,53
2009-02-23,0.6,Y,,,0.6,Hoburg 68550,Y,2009,54
2009-02-24,0.3,Y,,,0.3,Hoburg 68550,Y,2009,55
2009-02-25,2.3,Y,,,2.3,Hoburg 68550,Y,2009,56
2009-02-26,2.8,Y,,,2.8,Hoburg 68550,Y,2009,57
2009-02-27,1.1,Y,,,1.1,Hoburg 68550,Y,2009,58
2009-02-28,-0.1,Y,,,-0.1,Hoburg 68550,Y,2009,59
2009-03-01,-2.1,Y,,,-2.1,Hoburg 68550,Y,2009,60
2009-03-02,1.1,Y,,,1.1,Hoburg 68550,Y,2009,61
2009-03-03,2.4,Y,,,2.4,Hoburg 68550,Y,2009,62
2009-03-04,2.3,Y,,,2.3,Hoburg 68550,Y,2009,63
2009-03-05,2.8,Y,,,2.8,Hoburg 68550,Y,2009,64
2009-03-06,2.1,Y,,,2.1,Hoburg 68550,Y,2009,65
2009-03-07,1.7,Y,,,1.7,Hoburg 68550,Y,2009,66
2009-03-08,2,Y,,,2,Hoburg 68550,Y,2009,67
2009-03-09,1.9,Y,,,1.9,Hoburg 68550,Y,2009,68
2009-03-10,1.1,Y,,,1.1,Hoburg 68550,Y,2009,69
2009-03-11,-0.1,Y,,,-0.1,Hoburg 68550,Y,2009,70
2009-03-12,0.8,Y,,,0.8,Hoburg 68550,Y,2009,71
2009-03-13,2.1,Y,,,2.1,Hoburg 68550,Y,2009,72
2009-03-14,2.2,Y,,,2.2,Hoburg 68550,Y,2009,73
2009-03-15,2.6,Y,,,2.6,Hoburg 68550,Y,2009,74
2009-03-16,2.4,Y,,,2.4,Hoburg 68550,Y,2009,75
2009-03-17,3.4,Y,,,3.4,Hoburg 68550,Y,2009,76
2009-03-18,2.3,Y,,,2.3,Hoburg 68550,Y,2009,77
2009-03-19,1.4,Y,,,1.4,Hoburg 68550,Y,2009,78
2009-03-20,0.8,Y,,,0.8,Hoburg 68550,Y,2009,79
2009-03-21,3.3,Y,,,3.3,Hoburg 68550,Y,2009,80
2009-03-22,1.8,Y,,,1.8,Hoburg 68550,Y,2009,81
2009-03-23,1.3,Y,,,1.3,Hoburg 68550,Y,2009,82
2009-03-24,-2,Y,,,-2,Hoburg 68550,Y,2009,83
2009-03-25,-2.6,Y,,,-2.6,Hoburg 68550,Y,2009,84
2009-03-26,-2.2,Y,,,-2.2,Hoburg 68550,Y,2009,85
2009-03-27,1.8,Y,,,1.8,Hoburg 68550,Y,2009,86
2009-03-28,3,Y,,,3,Hoburg 68550,Y,2009,87
2009-03-29,3,Y,,,3,Hoburg 68550,Y,2009,88
2009-03-30,2,Y,,,2,Hoburg 68550,Y,2009,89
2009-03-31,4.3,Y,,,4.3,Hoburg 68550,Y,2009,90
2009-04-01,4.5,Y,,,4.5,Hoburg 68550,Y,2009,91
2009-04-02,4.6,Y,,,4.6,Hoburg 68550,Y,2009,92
2009-04-03,5,Y,,,5,Hoburg 68550,Y,2009,93
2009-04-04,7,Y,,,7,Hoburg 68550,Y,2009,94
2009-04-05,5.9,Y,,,5.9,Hoburg 68550,Y,2009,95
2009-04-06,5.2,Y,,,5.2,Hoburg 68550,Y,2009,96
2009-04-07,6.6,Y,,,6.6,Hoburg 68550,Y,2009,97
2009-04-08,5.7,Y,,,5.7,Hoburg 68550,Y,2009,98
2009-04-09,6.5,Y,,,6.5,Hoburg 68550,Y,2009,99
2009-04-10,7.2,Y,,,7.2,Hoburg 68550,Y,2009,100
2009-04-11,6.7,Y,,,6.7,Hoburg 68550,Y,2009,101
2009-04-12,5.9,Y,,,5.9,Hoburg 68550,Y,2009,102
2009-04-13,7.7,Y,,,7.7,Hoburg 68550,Y,2009,103
2009-04-14,8,Y,,,8,Hoburg 68550,Y,2009,104
2009-04-15,6.4,Y,,,6.4,Hoburg 68550,Y,2009,105
2009-04-16,4.8,Y,,,4.8,Hoburg 68550,Y,2009,106
2009-04-17,6,Y,,,6,Hoburg 68550,Y,2009,107
2009-04-18,4.3,Y,,,4.3,Hoburg 68550,Y,2009,108
2009-04-19,2.6,Y,,,2.6,Hoburg 68550,Y,2009,109
2009-04-20,4.8,Y,,,4.8,Hoburg 68550,Y,2009,110
2009-04-21,3.2,Y,,,3.2,Hoburg 68550,Y,2009,111
2009-04-22,6,Y,,,6,Hoburg 68550,Y,2009,112
2009-04-23,6.5,Y,,,6.5,Hoburg 68550,Y,2009,113
2009-04-24,8.5,Y,,,8.5,Hoburg 68550,Y,2009,114
2009-04-25,8.2,Y,,,8.2,Hoburg 68550,Y,2009,115
2009-04-26,8.6,Y,,,8.6,Hoburg 68550,Y,2009,116
2009-04-27,8.9,Y,,,8.9,Hoburg 68550,Y,2009,117
2009-04-28,9.9,Y,,,9.9,Hoburg 68550,Y,2009,118
2009-04-29,11.8,Y,,,11.8,Hoburg 68550,Y,2009,119
2009-04-30,8.6,Y,,,8.6,Hoburg 68550,Y,2009,120
2009-05-01,8.9,Y,,,8.9,Hoburg 68550,Y,2009,121
2009-05-02,8.9,Y,,,8.9,Hoburg 68550,Y,2009,122
2009-05-03,8.9,Y,,,8.9,Hoburg 68550,Y,2009,123
2009-05-04,8.6,Y,,,8.6,Hoburg 68550,Y,2009,124
2009-05-05,7.4,Y,,,7.4,Hoburg 68550,Y,2009,125
2009-05-06,6.9,Y,,,6.9,Hoburg 68550,Y,2009,126
2009-05-07,7.7,Y,,,7.7,Hoburg 68550,Y,2009,127
2009-05-08,8.9,Y,,,8.9,Hoburg 68550,Y,2009,128
2009-05-09,8.4,Y,,,8.4,Hoburg 68550,Y,2009,129
2009-05-10,8.9,Y,,,8.9,Hoburg 68550,Y,2009,130
2009-05-11,8.7,Y,,,8.7,Hoburg 68550,Y,2009,131
2009-05-12,8.3,Y,,,8.3,Hoburg 68550,Y,2009,132
2009-05-13,8.6,Y,,,8.6,Hoburg 68550,Y,2009,133
2009-05-14,8.8,Y,,,8.8,Hoburg 68550,Y,2009,134
2009-05-15,7.7,Y,,,7.7,Hoburg 68550,Y,2009,135
2009-05-16,8.4,Y,,,8.4,Hoburg 68550,Y,2009,136
2009-05-17,9.8,Y,,,9.8,Hoburg 68550,Y,2009,137
2009-05-18,9.1,Y,,,9.1,Hoburg 68550,Y,2009,138
2009-05-19,8.4,Y,,,8.4,Hoburg 68550,Y,2009,139
2009-05-20,10.6,Y,,,10.6,Hoburg 68550,Y,2009,140
2009-05-21,11.7,Y,,,11.7,Hoburg 68550,Y,2009,141
2009-05-22,10.9,Y,,,10.9,Hoburg 68550,Y,2009,142
2009-05-23,11.4,Y,,,11.4,Hoburg 68550,Y,2009,143
2009-05-24,12.3,Y,,,12.3,Hoburg 68550,Y,2009,144
2009-05-25,12.9,Y,,,12.9,Hoburg 68550,Y,2009,145
2009-05-26,12.2,Y,,,12.2,Hoburg 68550,Y,2009,146
2009-05-27,12.7,Y,,,12.7,Hoburg 68550,Y,2009,147
2009-05-28,11.3,Y,,,11.3,Hoburg 68550,Y,2009,148
2009-05-29,12.8,Y,,,12.8,Hoburg 68550,Y,2009,149
2009-05-30,16.1,Y,,,16.1,Hoburg 68550,Y,2009,150
2009-05-31,17.7,Y,,,17.7,Hoburg 68550,Y,2009,151
2009-06-01,17.7,Y,,,17.7,Hoburg 68550,Y,2009,152
2009-06-02,14.4,Y,14.3,Y,14.350000000000001,mean of both stations,Y,2009,153
2009-06-03,9.6,Y,9.5,Y,9.55,mean of both stations,Y,2009,154
2009-06-04,10.6,Y,10.2,Y,10.399999999999999,mean of both stations,Y,2009,155
2009-06-05,8.4,Y,8,Y,8.2,mean of both stations,Y,2009,156
2009-06-06,9,Y,8.7,Y,8.85,mean of both stations,Y,2009,157
2009-06-07,9.3,Y,9.3,Y,9.3,mean of both stations,Y,2009,158
2009-06-08,9.2,Y,9.1,Y,9.149999999999999,mean of both stations,Y,2009,159
2009-06-09,11.3,Y,10.9,Y,11.100000000000001,mean of both stations,Y,2009,160
2009-06-10,12.1,Y,11.8,Y,11.95,mean of both stations,Y,2009,161
2009-06-11,13.2,Y,13.1,Y,13.149999999999999,mean of both stations,Y,2009,162
2009-06-12,11.5,Y,11.5,Y,11.5,mean of both stations,Y,2009,163
2009-06-13,11.7,Y,11.6,Y,11.649999999999999,mean of both stations,Y,2009,164
2009-06-14,13.7,Y,13.5,Y,13.6,mean of both stations,Y,2009,165
2009-06-15,13.3,Y,13.3,Y,13.3,mean of both stations,Y,2009,166
2009-06-16,13.7,Y,13.6,Y,13.649999999999999,mean of both stations,Y,2009,167
2009-06-17,14.1,Y,13.7,Y,13.899999999999999,mean of both stations,Y,2009,168
2009-06-18,12.5,Y,12.5,Y,12.5,mean of both stations,Y,2009,169
2009-06-19,13.7,Y,13.2,Y,13.45,mean of both stations,Y,2009,170
2009-06-20,13.6,Y,13.3,Y,13.45,mean of both stations,Y,2009,171
2009-06-21,14.1,Y,13.7,Y,13.899999999999999,mean of both stations,Y,2009,172
2009-06-22,15.4,Y,15.3,Y,15.350000000000001,mean of both stations,Y,2009,173
2009-06-23,17.3,Y,17.4,Y,17.35,mean of both stations,Y,2009,174
2009-06-24,19,Y,18.6,Y,18.8,mean of both stations,Y,2009,175
2009-06-25,18.3,Y,18.3,Y,18.3,mean of both stations,Y,2009,176
2009-06-26,17.5,Y,17.2,Y,17.35,mean of both stations,Y,2009,177
2009-06-27,17.3,Y,17.2,Y,17.25,mean of both stations,Y,2009,178
2009-06-28,18.1,Y,18,Y,18.05,mean of both stations,Y,2009,179
2009-06-29,20.2,Y,19.9,Y,20.049999999999997,mean of both stations,Y,2009,180
2009-06-30,21.2,Y,20.9,Y,21.049999999999997,mean of both stations,Y,2009,181
2009-07-01,19.5,Y,19,Y,19.25,mean of both stations,Y,2009,182
2009-07-02,20.5,Y,20.2,Y,20.35,mean of both stations,Y,2009,183
2009-07-03,20.3,Y,20.2,Y,20.25,mean of both stations,Y,2009,184
2009-07-04,19.1,Y,18.8,Y,18.950000000000003,mean of both stations,Y,2009,185
2009-07-05,15.8,Y,15.5,Y,15.65,mean of both stations,Y,2009,186
2009-07-06,13.4,Y,13.4,Y,13.4,mean of both stations,Y,2009,187
2009-07-07,17.9,Y,17.7,Y,17.799999999999997,mean of both stations,Y,2009,188
2009-07-08,16.5,Y,16.5,Y,16.5,mean of both stations,Y,2009,189
2009-07-09,15.6,Y,15.6,Y,15.6,mean of both stations,Y,2009,190
2009-07-10,16.1,Y,16,Y,16.05,mean of both stations,Y,2009,191
2009-07-11,16,Y,15.8,Y,15.9,mean of both stations,Y,2009,192
2009-07-12,16.6,Y,16.5,Y,16.55,mean of both stations,Y,2009,193
2009-07-13,16.3,Y,16.5,Y,16.4,mean of both stations,Y,2009,194
2009-07-14,17.6,Y,17.4,Y,17.5,mean of both stations,Y,2009,195
2009-07-15,18.5,Y,18.4,Y,18.45,mean of both stations,Y,2009,196
2009-07-16,19.4,Y,19,Y,19.2,mean of both stations,Y,2009,197
2009-07-17,18.8,Y,18.5,Y,18.65,mean of both stations,Y,2009,198
2009-07-18,19.3,Y,19.3,Y,19.3,mean of both stations,Y,2009,199
2009-07-19,16.3,Y,16.2,Y,16.25,mean of both stations,Y,2009,200
2009-07-20,17.2,Y,16.8,Y,17,mean of both stations,Y,2009,201
2009-07-21,16.8,Y,16.8,Y,16.8,mean of both stations,Y,2009,202
2009-07-22,17.2,Y,17,Y,17.1,mean of both stations,Y,2009,203
2009-07-23,17.4,Y,17.4,Y,17.4,mean of both stations,Y,2009,204
2009-07-24,17.8,Y,17.8,Y,17.8,mean of both stations,Y,2009,205
2009-07-25,17.3,Y,17,Y,17.15,mean of both stations,Y,2009,206
2009-07-26,17.2,Y,17.3,Y,17.25,mean of both stations,Y,2009,207
2009-07-27,17.3,Y,17,Y,17.15,mean of both stations,Y,2009,208
2009-07-28,18.1,Y,17.9,Y,18,mean of both stations,Y,2009,209
2009-07-29,18.2,Y,17.8,Y,18,mean of both stations,Y,2009,210
2009-07-30,18,Y,18,Y,18,mean of both stations,Y,2009,211
2009-07-31,17,Y,17.1,Y,17.05,mean of both stations,Y,2009,212
2009-08-01,16.8,Y,16.9,Y,16.85,mean of both stations,Y,2009,213
2009-08-02,17.6,Y,17.6,Y,17.6,mean of both stations,Y,2009,214
2009-08-03,19.1,Y,18.9,Y,19,mean of both stations,Y,2009,215
2009-08-04,17.4,Y,17.4,Y,17.4,mean of both stations,Y,2009,216
2009-08-05,19.3,Y,19,Y,19.15,mean of both stations,Y,2009,217
2009-08-06,19.4,Y,19,Y,19.2,mean of both stations,Y,2009,218
2009-08-07,19.5,Y,19.4,Y,19.45,mean of both stations,Y,2009,219
2009-08-08,19.5,Y,19.4,Y,19.45,mean of both stations,Y,2009,220
2009-08-09,19.4,Y,19.5,Y,19.45,mean of both stations,Y,2009,221
2009-08-10,20.2,Y,19.8,Y,20,mean of both stations,Y,2009,222
2009-08-11,17.7,Y,17.5,Y,17.6,mean of both stations,Y,2009,223
2009-08-12,17.3,Y,17.4,Y,17.35,mean of both stations,Y,2009,224
2009-08-13,18,Y,17.7,Y,17.85,mean of both stations,Y,2009,225
2009-08-14,16.2,Y,15.9,Y,16.05,mean of both stations,Y,2009,226
2009-08-15,16.8,Y,16.5,Y,16.65,mean of both stations,Y,2009,227
2009-08-16,18.7,Y,18.4,Y,18.549999999999997,mean of both stations,Y,2009,228
2009-08-17,18.3,Y,18.3,Y,18.3,mean of both stations,Y,2009,229
2009-08-18,17.4,Y,17.1,Y,17.25,mean of both stations,Y,2009,230
2009-08-19,16,Y,15.7,Y,15.85,mean of both stations,Y,2009,231
2009-08-20,16.5,Y,16.6,Y,16.55,mean of both stations,Y,2009,232
2009-08-21,18,Y,18.1,Y,18.05,mean of both stations,Y,2009,233
2009-08-22,17.2,Y,17.2,Y,17.2,mean of both stations,Y,2009,234
2009-08-23,17,Y,16.9,Y,16.95,mean of both stations,Y,2009,235
2009-08-24,17.2,Y,17,Y,17.1,mean of both stations,Y,2009,236
2009-08-25,18.1,Y,18.1,Y,18.1,mean of both stations,Y,2009,237
2009-08-26,18.9,Y,18.7,Y,18.799999999999997,mean of both stations,Y,2009,238
2009-08-27,18.5,Y,18.2,Y,18.35,mean of both stations,Y,2009,239
2009-08-28,18.9,Y,18.9,Y,18.9,mean of both stations,Y,2009,240
2009-08-29,16.7,Y,16.7,Y,16.7,mean of both stations,Y,2009,241
2009-08-30,15.8,Y,15.7,Y,15.75,mean of both stations,Y,2009,242
2009-08-31,16.4,Y,16.2,Y,16.299999999999997,mean of both stations,Y,2009,243
2009-09-01,18.5,Y,18.5,Y,18.5,mean of both stations,Y,2009,244
2009-09-02,17.7,Y,17.5,Y,17.6,mean of both stations,Y,2009,245
2009-09-03,16.7,Y,16.6,Y,16.65,mean of both stations,Y,2009,246
2009-09-04,16,Y,15.5,Y,15.75,mean of both stations,Y,2009,247
2009-09-05,16,Y,16,Y,16,mean of both stations,Y,2009,248
2009-09-06,15.8,Y,15.8,Y,15.8,mean of both stations,Y,2009,249
2009-09-07,15.7,Y,15.6,Y,15.649999999999999,mean of both stations,Y,2009,250
2009-09-08,17,Y,17,Y,17,mean of both stations,Y,2009,251
2009-09-09,17.8,Y,17.8,Y,17.8,mean of both stations,Y,2009,252
2009-09-10,14.6,Y,14.5,Y,14.55,mean of both stations,Y,2009,253
2009-09-11,14.2,Y,14.2,Y,14.2,mean of both stations,Y,2009,254
2009-09-12,15.4,Y,15.3,Y,15.350000000000001,mean of both stations,Y,2009,255
2009-09-13,13.9,Y,13.9,Y,13.9,mean of both stations,Y,2009,256
2009-09-14,14.3,Y,14.5,Y,14.4,mean of both stations,Y,2009,257
2009-09-15,14.4,Y,14.3,Y,14.350000000000001,mean of both stations,Y,2009,258
2009-09-16,14.7,Y,14.6,Y,14.649999999999999,mean of both stations,Y,2009,259
2009-09-17,13.6,Y,13.8,Y,13.7,mean of both stations,Y,2009,260
2009-09-18,13.5,Y,13.9,Y,13.7,mean of both stations,Y,2009,261
2009-09-19,14.9,Y,15.2,Y,15.05,mean of both stations,Y,2009,262
2009-09-20,15.9,Y,16,Y,15.95,mean of both stations,Y,2009,263
2009-09-21,14.7,Y,14.9,Y,14.8,mean of both stations,Y,2009,264
2009-09-22,14.7,Y,14.7,Y,14.7,mean of both stations,Y,2009,265
2009-09-23,15.2,Y,15.1,Y,15.149999999999999,mean of both stations,Y,2009,266
2009-09-24,13.5,Y,13.7,Y,13.6,mean of both stations,Y,2009,267
2009-09-25,13.5,Y,13.7,Y,13.6,mean of both stations,Y,2009,268
2009-09-26,14.7,Y,14.9,Y,14.8,mean of both stations,Y,2009,269
2009-09-27,14.4,Y,14.4,Y,14.4,mean of both stations,Y,2009,270
2009-09-28,13.6,Y,13.6,Y,13.6,mean of both stations,Y,2009,271
2009-09-29,9.9,Y,9.9,Y,9.9,mean of both stations,Y,2009,272
2009-09-30,10.7,Y,10.9,Y,10.8,mean of both stations,Y,2009,273
2009-10-01,7.6,Y,8,Y,7.8,mean of both stations,Y,2009,274
2009-10-02,8.1,Y,8.1,Y,8.1,mean of both stations,Y,2009,275
2009-10-03,9.6,Y,9.7,Y,9.649999999999999,mean of both stations,Y,2009,276
2009-10-04,10.9,Y,10.9,Y,10.9,mean of both stations,Y,2009,277
2009-10-05,8.9,Y,9,Y,8.95,mean of both stations,Y,2009,278
2009-10-06,9.6,Y,9.6,Y,9.6,mean of both stations,Y,2009,279
2009-10-07,11.4,Y,11.4,Y,11.4,mean of both stations,Y,2009,280
2009-10-08,8.9,Y,8.9,Y,8.9,mean of both stations,Y,2009,281
2009-10-09,6.8,Y,6.9,Y,6.85,mean of both stations,Y,2009,282
2009-10-10,6.9,Y,7,Y,6.95,mean of both stations,Y,2009,283
2009-10-11,7.3,Y,7.3,Y,7.3,mean of both stations,Y,2009,284
2009-10-12,5.7,Y,5.7,Y,5.7,mean of both stations,Y,2009,285
2009-10-13,4.6,Y,4.9,Y,4.75,mean of both stations,Y,2009,286
2009-10-14,4.9,Y,5.1,Y,5,mean of both stations,Y,2009,287
2009-10-15,5.1,Y,5.1,Y,5.1,mean of both stations,Y,2009,288
2009-10-16,5.1,Y,5.1,Y,5.1,mean of both stations,Y,2009,289
2009-10-17,5.1,Y,5.3,Y,5.199999999999999,mean of both stations,Y,2009,290
2009-10-18,4.4,Y,4.6,Y,4.5,mean of both stations,Y,2009,291
2009-10-19,7.6,Y,7.6,Y,7.6,mean of both stations,Y,2009,292
2009-10-20,7.2,Y,7.1,Y,7.15,mean of both stations,Y,2009,293
2009-10-21,7.2,Y,7.1,Y,7.15,mean of both stations,Y,2009,294
2009-10-22,7.5,Y,7.5,Y,7.5,mean of both stations,Y,2009,295
2009-10-23,7.5,Y,7.5,Y,7.5,mean of both stations,Y,2009,296
2009-10-24,7.6,Y,7.5,Y,7.55,mean of both stations,Y,2009,297
2009-10-25,7.2,Y,7.4,Y,7.300000000000001,mean of both stations,Y,2009,298
2009-10-26,8.5,Y,8.5,Y,8.5,mean of both stations,Y,2009,299
2009-10-27,7.7,Y,7.7,Y,7.7,mean of both stations,Y,2009,300
2009-10-28,6,Y,6.1,Y,6.05,mean of both stations,Y,2009,301
2009-10-29,5.3,Y,5.4,Y,5.35,mean of both stations,Y,2009,302
2009-10-30,4,Y,4,Y,4,mean of both stations,Y,2009,303
2009-10-31,4.7,Y,4.8,Y,4.75,mean of both stations,Y,2009,304
2009-11-01,5.6,Y,5.6,Y,5.6,mean of both stations,Y,2009,305
2009-11-02,5.7,Y,5.7,Y,5.7,mean of both stations,Y,2009,306
2009-11-03,4.6,Y,4.6,Y,4.6,mean of both stations,Y,2009,307
2009-11-04,2.1,Y,2.1,Y,2.1,mean of both stations,Y,2009,308
2009-11-05,5.3,Y,5.3,Y,5.3,mean of both stations,Y,2009,309
2009-11-06,6.9,Y,6.9,Y,6.9,mean of both stations,Y,2009,310
2009-11-07,6.4,Y,6.4,Y,6.4,mean of both stations,Y,2009,311
2009-11-08,5.5,Y,5.6,Y,5.55,mean of both stations,Y,2009,312
2009-11-09,5,Y,5.1,Y,5.05,mean of both stations,Y,2009,313
2009-11-10,5.4,Y,5.4,Y,5.4,mean of both stations,Y,2009,314
2009-11-11,4.6,Y,4.6,Y,4.6,mean of both stations,Y,2009,315
2009-11-12,3.2,Y,3.2,Y,3.2,mean of both stations,Y,2009,316
2009-11-13,2.6,Y,3.2,Y,2.9000000000000004,mean of both stations,Y,2009,317
2009-11-14,6.5,Y,6.6,Y,6.55,mean of both stations,Y,2009,318
2009-11-15,7.4,Y,7.4,Y,7.4,mean of both stations,Y,2009,319
2009-11-16,6.7,Y,6.8,Y,6.75,mean of both stations,Y,2009,320
2009-11-17,7.2,Y,7.1,Y,7.15,mean of both stations,Y,2009,321
2009-11-18,6.9,Y,6.9,Y,6.9,mean of both stations,Y,2009,322
2009-11-19,7.2,Y,7.3,Y,7.25,mean of both stations,Y,2009,323
2009-11-20,7.2,Y,7.3,Y,7.25,mean of both stations,Y,2009,324
2009-11-21,7.8,Y,7.6,Y,7.699999999999999,mean of both stations,Y,2009,325
2009-11-22,6.6,Y,6.7,Y,6.65,mean of both stations,Y,2009,326
2009-11-23,7.3,Y,7.3,Y,7.3,mean of both stations,Y,2009,327
2009-11-24,7.3,Y,7.3,Y,7.3,mean of both stations,Y,2009,328
2009-11-25,7.2,Y,7.2,Y,7.2,mean of both stations,Y,2009,329
2009-11-26,7.3,Y,7.3,Y,7.3,mean of both stations,Y,2009,330
2009-11-27,6.9,Y,6.9,Y,6.9,mean of both stations,Y,2009,331
2009-11-28,6.4,Y,6.4,Y,6.4,mean of both stations,Y,2009,332
2009-11-29,5.1,Y,5.1,Y,5.1,mean of both stations,Y,2009,333
2009-11-30,6.6,Y,6.6,Y,6.6,mean of both stations,Y,2009,334
2009-12-01,4.9,Y,5,Y,4.95,mean of both stations,Y,2009,335
2009-12-02,3.5,Y,3.6,Y,3.55,mean of both stations,Y,2009,336
2009-12-03,4.2,Y,4.3,Y,4.25,mean of both stations,Y,2009,337
2009-12-04,4.2,Y,4.3,Y,4.25,mean of both stations,Y,2009,338
2009-12-05,5.8,Y,5.8,Y,5.8,mean of both stations,Y,2009,339
2009-12-06,4.4,Y,4.4,Y,4.4,mean of both stations,Y,2009,340
2009-12-07,5.1,Y,5.1,Y,5.1,mean of both stations,Y,2009,341
2009-12-08,4,Y,3.9,Y,3.95,mean of both stations,Y,2009,342
2009-12-09,3.4,Y,3.5,Y,3.45,mean of both stations,Y,2009,343
2009-12-10,3.2,Y,3.3,Y,3.25,mean of both stations,Y,2009,344
2009-12-11,3.1,Y,3.1,Y,3.1,mean of both stations,Y,2009,345
2009-12-12,1.4,Y,1.5,Y,1.45,mean of both stations,Y,2009,346
2009-12-13,2,Y,2.1,Y,2.05,mean of both stations,Y,2009,347
2009-12-14,-0.1,Y,0.1,Y,0,mean of both stations,Y,2009,348
2009-12-15,0.3,Y,0.3,Y,0.3,mean of both stations,Y,2009,349
2009-12-16,0.1,Y,0.1,Y,0.1,mean of both stations,Y,2009,350
2009-12-17,-3.2,Y,-3.3,Y,-3.25,mean of both stations,Y,2009,351
2009-12-18,-3.7,Y,-3.7,Y,-3.7,mean of both stations,Y,2009,352
2009-12-19,-5.2,Y,-5.3,Y,-5.25,mean of both stations,Y,2009,353
2009-12-20,-4.1,Y,-3.8,Y,-3.9499999999999997,mean of both stations,Y,2009,354
2009-12-21,-4.2,Y,-4.1,Y,-4.15,mean of both stations,Y,2009,355
2009-12-22,-1.5,Y,-1.4,Y,-1.45,mean of both stations,Y,2009,356
2009-12-23,2,Y,2,Y,2,mean of both stations,Y,2009,357
2009-12-24,2.5,Y,2.5,Y,2.5,mean of both stations,Y,2009,358
2009-12-25,2.3,Y,2.3,Y,2.3,mean of both stations,Y,2009,359
2009-12-26,2,Y,2,Y,2,mean of both stations,Y,2009,360
2009-12-27,2.1,Y,2.2,Y,2.1500000000000004,mean of both stations,Y,2009,361
2009-12-28,3.3,Y,3.2,Y,3.25,mean of both stations,Y,2009,362
2009-12-29,-0.6,Y,-0.6,Y,-0.6,mean of both stations,Y,2009,363
2009-12-30,-2.7,Y,-2.5,Y,-2.6,mean of both stations,Y,2009,364
2009-12-31,-3,Y,-2.9,Y,-2.95,mean of both stations,Y,2009,365
2010-01-01,-3.3,Y,-3.3,Y,-3.3,mean of both stations,Y,2010,1
2010-01-02,-5.1,Y,-5.1,Y,-5.1,mean of both stations,Y,2010,2
2010-01-03,-5.1,Y,-5.2,Y,-5.15,mean of both stations,Y,2010,3
2010-01-04,-1.3,Y,-1.3,Y,-1.3,mean of both stations,Y,2010,4
2010-01-05,-3.9,Y,-4,Y,-3.95,mean of both stations,Y,2010,5
2010-01-06,-1.7,Y,-1.7,Y,-1.7,mean of both stations,Y,2010,6
2010-01-07,-3.3,Y,-3.3,Y,-3.3,mean of both stations,Y,2010,7
2010-01-08,-3,Y,-3.1,Y,-3.05,mean of both stations,Y,2010,8
2010-01-09,-2.7,Y,-2.7,Y,-2.7,mean of both stations,Y,2010,9
2010-01-10,-1.4,Y,-1.4,Y,-1.4,mean of both stations,Y,2010,10
2010-01-11,-0.4,Y,-0.6,Y,-0.5,mean of both stations,Y,2010,11
2010-01-12,-2.9,Y,-3.1,Y,-3,mean of both stations,Y,2010,12
2010-01-13,-1.4,Y,-1.4,Y,-1.4,mean of both stations,Y,2010,13
2010-01-14,-1.1,Y,-1.3,Y,-1.2000000000000002,mean of both stations,Y,2010,14
2010-01-15,-1.7,Y,-1.7,Y,-1.7,mean of both stations,Y,2010,15
2010-01-16,-2.3,Y,-2.3,Y,-2.3,mean of both stations,Y,2010,16
2010-01-17,-1.8,Y,-1.8,Y,-1.8,mean of both stations,Y,2010,17
2010-01-18,-0.9,Y,-0.9,Y,-0.9,mean of both stations,Y,2010,18
2010-01-19,-1.5,Y,-1.5,Y,-1.5,mean of both stations,Y,2010,19
2010-01-20,-3,Y,-3,Y,-3,mean of both stations,Y,2010,20
2010-01-21,-2.9,Y,-2.9,Y,-2.9,mean of both stations,Y,2010,21
2010-01-22,-2.7,Y,-2.7,Y,-2.7,mean of both stations,Y,2010,22
2010-01-23,-4.4,Y,-4.4,Y,-4.4,mean of both stations,Y,2010,23
2010-01-24,-4.6,Y,-4.6,Y,-4.6,mean of both stations,Y,2010,24
2010-01-25,-4.3,Y,-4.1,Y,-4.199999999999999,mean of both stations,Y,2010,25
2010-01-26,-5.3,Y,-5.6,Y,-5.449999999999999,mean of both stations,Y,2010,26
2010-01-27,-3.8,Y,-3.7,Y,-3.75,mean of both stations,Y,2010,27
2010-01-28,-4.7,Y,-4.5,Y,-4.6,mean of both stations,Y,2010,28
2010-01-29,-6.9,Y,-7,Y,-6.95,mean of both stations,Y,2010,29
2010-01-30,-6.7,Y,-6.4,Y,-6.550000000000001,mean of both stations,Y,2010,30
2010-01-31,-4.2,Y,-4.2,Y,-4.2,mean of both stations,Y,2010,31
2010-02-01,-0.9,Y,-0.8,Y,-0.8500000000000001,mean of both stations,Y,2010,32
2010-02-02,-1.7,Y,-1.7,Y,-1.7,mean of both stations,Y,2010,33
2010-02-03,-0.7,Y,-0.1,Y,-0.39999999999999997,mean of both stations,Y,2010,34
2010-02-04,-0.3,Y,-0.2,Y,-0.25,mean of both stations,Y,2010,35
2010-02-05,-0.7,Y,-1,Y,-0.85,mean of both stations,Y,2010,36
2010-02-06,-3.1,Y,-3,Y,-3.05,mean of both stations,Y,2010,37
2010-02-07,-3.6,Y,-3.7,Y,-3.6500000000000004,mean of both stations,Y,2010,38
2010-02-08,-2.9,Y,-2.9,Y,-2.9,mean of both stations,Y,2010,39
2010-02-09,-1.9,Y,-2,Y,-1.95,mean of both stations,Y,2010,40
2010-02-10,-3.4,Y,-3.4,Y,-3.4,mean of both stations,Y,2010,41
2010-02-11,-3.2,Y,-3.2,Y,-3.2,mean of both stations,Y,2010,42
2010-02-12,-2.7,Y,-2.6,Y,-2.6500000000000004,mean of both stations,Y,2010,43
2010-02-13,-3.2,Y,-3.2,Y,-3.2,mean of both stations,Y,2010,44
2010-02-14,-3,Y,-3,Y,-3,mean of both stations,Y,2010,45
2010-02-15,-2.7,Y,-2.6,Y,-2.6500000000000004,mean of both stations,Y,2010,46
2010-02-16,-4.2,Y,-4.2,Y,-4.2,mean of both stations,Y,2010,47
2010-02-17,-1.9,Y,-1.9,Y,-1.9,mean of both stations,Y,2010,48
2010-02-18,-2,Y,-2,Y,-2,mean of both stations,Y,2010,49
2010-02-19,-1.3,Y,-1.4,Y,-1.35,mean of both stations,Y,2010,50
2010-02-20,-1.5,Y,-1.5,Y,-1.5,mean of both stations,Y,2010,51
2010-02-21,-2.4,Y,-2.3,Y,-2.3499999999999996,mean of both stations,Y,2010,52
2010-02-22,-5.3,Y,-5.3,Y,-5.3,mean of both stations,Y,2010,53
2010-02-23,-1.4,Y,-1.3,Y,-1.35,mean of both stations,Y,2010,54
2010-02-24,-4.4,Y,-4.4,Y,-4.4,mean of both stations,Y,2010,55
2010-02-25,-1.2,Y,-1.2,Y,-1.2,mean of both stations,Y,2010,56
2010-02-26,1.1,Y,1,Y,1.05,mean of both stations,Y,2010,57
2010-02-27,1.2,Y,1.2,Y,1.2,mean of both stations,Y,2010,58
2010-02-28,1.8,Y,1.8,Y,1.8,mean of both stations,Y,2010,59
2010-03-01,1,Y,0.9,Y,0.95,mean of both stations,Y,2010,60
2010-03-02,-2.2,Y,-2.2,Y,-2.2,mean of both stations,Y,2010,61
2010-03-03,-2.5,Y,-2.7,Y,-2.6,mean of both stations,Y,2010,62
2010-03-04,-3.8,Y,-3.8,Y,-3.8,mean of both stations,Y,2010,63
2010-03-05,-3.5,Y,-3.4,Y,-3.45,mean of both stations,Y,2010,64
2010-03-06,-3.2,Y,-3.4,Y,-3.3,mean of both stations,Y,2010,65
2010-03-07,-2.9,Y,-3.1,Y,-3,mean of both stations,Y,2010,66
2010-03-08,-1.7,Y,-1.7,Y,-1.7,mean of both stations,Y,2010,67
2010-03-09,-0.7,Y,-0.8,Y,-0.75,mean of both stations,Y,2010,68
2010-03-10,-0.7,Y,-0.7,Y,-0.7,mean of both stations,Y,2010,69
2010-03-11,-2.1,Y,-2,Y,-2.05,mean of both stations,Y,2010,70
2010-03-12,-0.1,Y,-0.2,Y,-0.15000000000000002,mean of both stations,Y,2010,71
2010-03-13,-0.4,Y,-0.4,Y,-0.4,mean of both stations,Y,2010,72
2010-03-14,-1.9,Y,-1.8,Y,-1.85,mean of both stations,Y,2010,73
2010-03-15,-1.6,Y,-1.4,Y,-1.5,mean of both stations,Y,2010,74
2010-03-16,-1.3,Y,-1.3,Y,-1.3,mean of both stations,Y,2010,75
2010-03-17,-0.2,Y,-0.4,Y,-0.30000000000000004,mean of both stations,Y,2010,76
2010-03-18,1.3,Y,1.3,Y,1.3,mean of both stations,Y,2010,77
2010-03-19,2.4,Y,2.6,Y,2.5,mean of both stations,Y,2010,78
2010-03-20,2.7,Y,2.6,Y,2.6500000000000004,mean of both stations,Y,2010,79
2010-03-21,3.2,Y,3.2,Y,3.2,mean of both stations,Y,2010,80
2010-03-22,0.4,Y,0.4,Y,0.4,mean of both stations,Y,2010,81
2010-03-23,1.8,Y,2,Y,1.9,mean of both stations,Y,2010,82
2010-03-24,2,Y,1.9,Y,1.95,mean of both stations,Y,2010,83
2010-03-25,2.6,Y,2.6,Y,2.6,mean of both stations,Y,2010,84
2010-03-26,4.6,Y,4.6,Y,4.6,mean of both stations,Y,2010,85
2010-03-27,4.5,Y,4.6,Y,4.55,mean of both stations,Y,2010,86
2010-03-28,3.1,Y,2.9,Y,3,mean of both stations,Y,2010,87
2010-03-29,2.2,Y,2.2,Y,2.2,mean of both stations,Y,2010,88
2010-03-30,3.2,Y,3.3,Y,3.25,mean of both stations,Y,2010,89
2010-03-31,5.8,Y,5.5,Y,5.65,mean of both stations,Y,2010,90
2010-04-01,3.1,Y,3.1,Y,3.1,mean of both stations,Y,2010,91
2010-04-02,2.5,Y,2.3,Y,2.4,mean of both stations,Y,2010,92
2010-04-03,2.7,Y,2.5,Y,2.6,mean of both stations,Y,2010,93
2010-04-04,3.9,Y,4.1,Y,4,mean of both stations,Y,2010,94
2010-04-05,3.6,Y,3.7,Y,3.6500000000000004,mean of both stations,Y,2010,95
2010-04-06,2.1,Y,1.9,Y,2,mean of both stations,Y,2010,96
2010-04-07,1.1,Y,0.9,Y,1,mean of both stations,Y,2010,97
2010-04-08,2.9,Y,3,Y,2.95,mean of both stations,Y,2010,98
2010-04-09,4.8,Y,4.8,Y,4.8,mean of both stations,Y,2010,99
2010-04-10,3.5,Y,3.6,Y,3.55,mean of both stations,Y,2010,100
2010-04-11,6,Y,6,Y,6,mean of both stations,Y,2010,101
2010-04-12,2.2,Y,2.1,Y,2.1500000000000004,mean of both stations,Y,2010,102
2010-04-13,3.1,Y,2.9,Y,3,mean of both stations,Y,2010,103
2010-04-14,4.9,Y,4.8,Y,4.85,mean of both stations,Y,2010,104
2010-04-15,4.3,Y,4.4,Y,4.35,mean of both stations,Y,2010,105
2010-04-16,3.5,Y,3.5,Y,3.5,mean of both stations,Y,2010,106
2010-04-17,4.1,Y,3.9,Y,4,mean of both stations,Y,2010,107
2010-04-18,4.6,Y,4.5,Y,4.55,mean of both stations,Y,2010,108
2010-04-19,4.1,Y,3.5,Y,3.8,mean of both stations,Y,2010,109
2010-04-20,3.3,Y,3.2,Y,3.25,mean of both stations,Y,2010,110
2010-04-21,2.4,Y,2.4,Y,2.4,mean of both stations,Y,2010,111
2010-04-22,1.9,Y,1.9,Y,1.9,mean of both stations,Y,2010,112
2010-04-23,4.2,Y,4,Y,4.1,mean of both stations,Y,2010,113
2010-04-24,4.4,Y,4.3,Y,4.35,mean of both stations,Y,2010,114
2010-04-25,4.5,Y,4.1,Y,4.3,mean of both stations,Y,2010,115
2010-04-26,6,Y,6,Y,6,mean of both stations,Y,2010,116
2010-04-27,8.4,Y,8.3,Y,8.350000000000001,mean of both stations,Y,2010,117
2010-04-28,5.4,Y,5.4,Y,5.4,mean of both stations,Y,2010,118
2010-04-29,6.4,Y,6.1,Y,6.25,mean of both stations,Y,2010,119
2010-04-30,7.1,Y,7.3,Y,7.199999999999999,mean of both stations,Y,2010,120
2010-05-01,6.7,Y,6.5,Y,6.6,mean of both stations,Y,2010,121
2010-05-02,5.5,Y,5.4,Y,5.45,mean of both stations,Y,2010,122
2010-05-03,5,Y,5,Y,5,mean of both stations,Y,2010,123
2010-05-04,4.8,Y,4.6,Y,4.699999999999999,mean of both stations,Y,2010,124
2010-05-05,4.4,Y,4.1,Y,4.25,mean of both stations,Y,2010,125
2010-05-06,4.6,Y,4.5,Y,4.55,mean of both stations,Y,2010,126
2010-05-07,5,Y,5,Y,5,mean of both stations,Y,2010,127
2010-05-08,4.7,Y,4.6,Y,4.65,mean of both stations,Y,2010,128
2010-05-09,5,Y,4.9,Y,4.95,mean of both stations,Y,2010,129
2010-05-10,5.2,Y,5.1,Y,5.15,mean of both stations,Y,2010,130
2010-05-11,6.2,Y,6.3,Y,6.25,mean of both stations,Y,2010,131
2010-05-12,8.6,Y,8.4,Y,8.5,mean of both stations,Y,2010,132
2010-05-13,9.7,Y,9.7,Y,9.7,mean of both stations,Y,2010,133
2010-05-14,10.9,Y,10.7,Y,10.8,mean of both stations,Y,2010,134
2010-05-15,9.6,Y,9.7,Y,9.649999999999999,mean of both stations,Y,2010,135
2010-05-16,7.7,Y,7.6,Y,7.65,mean of both stations,Y,2010,136
2010-05-17,7,Y,6.9,Y,6.95,mean of both stations,Y,2010,137
2010-05-18,11.2,Y,11.4,Y,11.3,mean of both stations,Y,2010,138
2010-05-19,11.4,Y,11.6,Y,11.5,mean of both stations,Y,2010,139
2010-05-20,12.9,Y,12.7,Y,12.8,mean of both stations,Y,2010,140
2010-05-21,14.3,Y,13.6,Y,13.95,mean of both stations,Y,2010,141
2010-05-22,13.4,Y,13.2,Y,13.3,mean of both stations,Y,2010,142
2010-05-23,10.5,Y,10.3,Y,10.4,mean of both stations,Y,2010,143
2010-05-24,9.9,Y,9.6,Y,9.75,mean of both stations,Y,2010,144
2010-05-25,9.4,Y,9.1,Y,9.25,mean of both stations,Y,2010,145
2010-05-26,8.8,Y,8.6,Y,8.7,mean of both stations,Y,2010,146
2010-05-27,9.1,Y,8.9,Y,9,mean of both stations,Y,2010,147
2010-05-28,9.5,Y,9.1,Y,9.3,mean of both stations,Y,2010,148
2010-05-29,9.5,Y,9.3,Y,9.4,mean of both stations,Y,2010,149
2010-05-30,10.3,Y,10.2,Y,10.25,mean of both stations,Y,2010,150
2010-05-31,10.1,Y,10.1,Y,10.1,mean of both stations,Y,2010,151
2010-06-01,12.9,Y,12.7,Y,12.8,mean of both stations,Y,2010,152
2010-06-02,11.6,Y,11.3,Y,11.45,mean of both stations,Y,2010,153
2010-06-03,14.8,Y,14.6,Y,14.7,mean of both stations,Y,2010,154
2010-06-04,13.3,Y,12.7,Y,13,mean of both stations,Y,2010,155
2010-06-05,11.7,Y,11.5,Y,11.6,mean of both stations,Y,2010,156
2010-06-06,12.3,Y,12,Y,12.15,mean of both stations,Y,2010,157
2010-06-07,13.6,Y,13.4,Y,13.5,mean of both stations,Y,2010,158
2010-06-08,10.9,Y,10.9,Y,10.9,mean of both stations,Y,2010,159
2010-06-09,9.9,Y,9.9,Y,9.9,mean of both stations,Y,2010,160
2010-06-10,13.7,Y,13.5,Y,13.6,mean of both stations,Y,2010,161
2010-06-11,11.9,Y,11.8,Y,11.850000000000001,mean of both stations,Y,2010,162
2010-06-12,11.3,Y,11,Y,11.15,mean of both stations,Y,2010,163
2010-06-13,12.2,Y,12.2,Y,12.2,mean of both stations,Y,2010,164
2010-06-14,11.4,Y,11.1,Y,11.25,mean of both stations,Y,2010,165
2010-06-15,12.4,Y,12.2,Y,12.3,mean of both stations,Y,2010,166
2010-06-16,12.8,Y,12.3,Y,12.55,mean of both stations,Y,2010,167
2010-06-17,13,Y,13,Y,13,mean of both stations,Y,2010,168
2010-06-18,11.6,Y,11.4,Y,11.5,mean of both stations,Y,2010,169
2010-06-19,11.6,Y,11.3,Y,11.45,mean of both stations,Y,2010,170
2010-06-20,12.6,Y,12.2,Y,12.399999999999999,mean of both stations,Y,2010,171
2010-06-21,12.4,Y,12.1,Y,12.25,mean of both stations,Y,2010,172
2010-06-22,12,Y,11.9,Y,11.95,mean of both stations,Y,2010,173
2010-06-23,14.8,Y,14.3,Y,14.55,mean of both stations,Y,2010,174
2010-06-24,16.7,Y,16.4,Y,16.549999999999997,mean of both stations,Y,2010,175
2010-06-25,15.9,Y,15.6,Y,15.75,mean of both stations,Y,2010,176
2010-06-26,16.4,Y,16.3,Y,16.35,mean of both stations,Y,2010,177
2010-06-27,17.6,Y,17.1,Y,17.35,mean of both stations,Y,2010,178
2010-06-28,17.4,Y,17,Y,17.2,mean of both stations,Y,2010,179
2010-06-29,18.1,Y,18.2,Y,18.15,mean of both stations,Y,2010,180
2010-06-30,18.7,Y,18.2,Y,18.45,mean of both stations,Y,2010,181
2010-07-01,17.1,Y,16.6,Y,16.85,mean of both stations,Y,2010,182
2010-07-02,19.1,Y,18.4,Y,18.75,mean of both stations,Y,2010,183
2010-07-03,18.7,Y,18.2,Y,18.45,mean of both stations,Y,2010,184
2010-07-04,19.6,Y,19.3,Y,19.450000000000003,mean of both stations,Y,2010,185
2010-07-05,20.5,Y,20.3,Y,20.4,mean of both stations,Y,2010,186
2010-07-06,18.9,Y,18.9,Y,18.9,mean of both stations,Y,2010,187
2010-07-07,18.7,Y,18.7,Y,18.7,mean of both stations,Y,2010,188
2010-07-08,19.2,Y,19,Y,19.1,mean of both stations,Y,2010,189
2010-07-09,19.6,Y,19.3,Y,19.450000000000003,mean of both stations,Y,2010,190
2010-07-10,20.9,Y,20.8,Y,20.85,mean of both stations,Y,2010,191
2010-07-11,22,Y,22.1,Y,22.05,mean of both stations,Y,2010,192
2010-07-12,22.8,Y,22.9,Y,22.85,mean of both stations,Y,2010,193
2010-07-13,23.1,Y,23,Y,23.05,mean of both stations,Y,2010,194
2010-07-14,22.4,Y,21.4,Y,21.9,mean of both stations,Y,2010,195
2010-07-15,21.8,Y,21.7,Y,21.75,mean of both stations,Y,2010,196
2010-07-16,22.9,Y,22.6,Y,22.75,mean of both stations,Y,2010,197
2010-07-17,20.8,Y,20.6,Y,20.700000000000003,mean of both stations,Y,2010,198
2010-07-18,20.5,Y,20.1,Y,20.3,mean of both stations,Y,2010,199
2010-07-19,19.6,Y,19.5,Y,19.55,mean of both stations,Y,2010,200
2010-07-20,21,Y,20.6,Y,20.8,mean of both stations,Y,2010,201
2010-07-21,21,Y,21,Y,21,mean of both stations,Y,2010,202
2010-07-22,22.8,Y,22.7,Y,22.75,mean of both stations,Y,2010,203
2010-07-23,18.3,Y,18.2,Y,18.25,mean of both stations,Y,2010,204
2010-07-24,17.8,Y,17.7,Y,17.75,mean of both stations,Y,2010,205
2010-07-25,17.5,Y,17.4,Y,17.45,mean of both stations,Y,2010,206
2010-07-26,16.3,Y,16.2,Y,16.25,mean of both stations,Y,2010,207
2010-07-27,18.6,Y,18.6,Y,18.6,mean of both stations,Y,2010,208
2010-07-28,18.1,Y,18,Y,18.05,mean of both stations,Y,2010,209
2010-07-29,17.6,Y,17.6,Y,17.6,mean of both stations,Y,2010,210
2010-07-30,18,Y,18,Y,18,mean of both stations,Y,2010,211
2010-07-31,17.8,Y,17.7,Y,17.75,mean of both stations,Y,2010,212
2010-08-01,18.9,Y,18.6,Y,18.75,mean of both stations,Y,2010,213
2010-08-02,18.9,Y,18.7,Y,18.799999999999997,mean of both stations,Y,2010,214
2010-08-03,17.3,Y,17.4,Y,17.35,mean of both stations,Y,2010,215
2010-08-04,16.9,Y,16.7,Y,16.799999999999997,mean of both stations,Y,2010,216
2010-08-05,17.5,Y,17.4,Y,17.45,mean of both stations,Y,2010,217
2010-08-06,19,Y,19,Y,19,mean of both stations,Y,2010,218
2010-08-07,18.3,Y,18.7,Y,18.5,mean of both stations,Y,2010,219
2010-08-08,18.6,Y,18.6,Y,18.6,mean of both stations,Y,2010,220
2010-08-09,17.7,Y,17.7,Y,17.7,mean of both stations,Y,2010,221
2010-08-10,17.6,Y,17.6,Y,17.6,mean of both stations,Y,2010,222
2010-08-11,18.3,Y,18.3,Y,18.3,mean of both stations,Y,2010,223
2010-08-12,20.4,Y,20.4,Y,20.4,mean of both stations,Y,2010,224
2010-08-13,21.1,Y,21,Y,21.05,mean of both stations,Y,2010,225
2010-08-14,20.9,Y,21,Y,20.95,mean of both stations,Y,2010,226
2010-08-15,20.4,Y,20.2,Y,20.299999999999997,mean of both stations,Y,2010,227
2010-08-16,20.9,Y,20.8,Y,20.85,mean of both stations,Y,2010,228
2010-08-17,19.9,Y,20,Y,19.95,mean of both stations,Y,2010,229
2010-08-18,18.6,Y,18.4,Y,18.5,mean of both stations,Y,2010,230
2010-08-19,17.1,Y,17.1,Y,17.1,mean of both stations,Y,2010,231
2010-08-20,17.9,Y,17.9,Y,17.9,mean of both stations,Y,2010,232
2010-08-21,18.9,Y,18.7,Y,18.799999999999997,mean of both stations,Y,2010,233
2010-08-22,19.4,Y,19.4,Y,19.4,mean of both stations,Y,2010,234
2010-08-23,17.1,Y,16.9,Y,17,mean of both stations,Y,2010,235
2010-08-24,17.5,Y,17.4,Y,17.45,mean of both stations,Y,2010,236
2010-08-25,14.8,Y,14.9,Y,14.850000000000001,mean of both stations,Y,2010,237
2010-08-26,15.1,Y,15.3,Y,15.2,mean of both stations,Y,2010,238
2010-08-27,14.7,Y,14.7,Y,14.7,mean of both stations,Y,2010,239
2010-08-28,13.8,Y,13.8,Y,13.8,mean of both stations,Y,2010,240
2010-08-29,13,Y,13.2,Y,13.1,mean of both stations,Y,2010,241
2010-08-30,13.7,Y,13.4,Y,13.55,mean of both stations,Y,2010,242
2010-08-31,14.1,Y,14,Y,14.05,mean of both stations,Y,2010,243
2010-09-01,14.9,Y,15.1,Y,15,mean of both stations,Y,2010,244
2010-09-02,12.3,Y,12.3,Y,12.3,mean of both stations,Y,2010,245
2010-09-03,11.8,Y,11.7,Y,11.75,mean of both stations,Y,2010,246
2010-09-04,11.5,Y,11.6,Y,11.55,mean of both stations,Y,2010,247
2010-09-05,12.9,Y,13.1,Y,13,mean of both stations,Y,2010,248
2010-09-06,13.1,Y,13.2,Y,13.149999999999999,mean of both stations,Y,2010,249
2010-09-07,14.3,Y,14.3,Y,14.3,mean of both stations,Y,2010,250
2010-09-08,15.1,Y,15.1,Y,15.1,mean of both stations,Y,2010,251
2010-09-09,14.9,Y,14.9,Y,14.9,mean of both stations,Y,2010,252
2010-09-10,13.7,Y,13.7,Y,13.7,mean of both stations,Y,2010,253
2010-09-11,14.9,Y,14.9,Y,14.9,mean of both stations,Y,2010,254
2010-09-12,15.9,Y,15.9,Y,15.9,mean of both stations,Y,2010,255
2010-09-13,15.5,Y,15.5,Y,15.5,mean of both stations,Y,2010,256
2010-09-14,14.1,Y,14.1,Y,14.1,mean of both stations,Y,2010,257
2010-09-15,12.9,Y,12.9,Y,12.9,mean of both stations,Y,2010,258
2010-09-16,13.5,Y,13.4,Y,13.45,mean of both stations,Y,2010,259
2010-09-17,13,Y,13,Y,13,mean of both stations,Y,2010,260
2010-09-18,11.8,Y,11.7,Y,11.75,mean of both stations,Y,2010,261
2010-09-19,12,Y,12.2,Y,12.1,mean of both stations,Y,2010,262
2010-09-20,12.1,Y,12.2,Y,12.149999999999999,mean of both stations,Y,2010,263
2010-09-21,12.2,Y,12.3,Y,12.25,mean of both stations,Y,2010,264
2010-09-22,12.2,Y,12.3,Y,12.25,mean of both stations,Y,2010,265
2010-09-23,12.2,Y,12.3,Y,12.25,mean of both stations,Y,2010,266
2010-09-24,13.4,Y,13.4,Y,13.4,mean of both stations,Y,2010,267
2010-09-25,13.5,Y,13.4,Y,13.45,mean of both stations,Y,2010,268
2010-09-26,13.1,Y,13.2,Y,13.149999999999999,mean of both stations,Y,2010,269
2010-09-27,12.1,Y,12.1,Y,12.1,mean of both stations,Y,2010,270
2010-09-28,9.5,Y,9.5,Y,9.5,mean of both stations,Y,2010,271
2010-09-29,9.1,Y,9.3,Y,9.2,mean of both stations,Y,2010,272
2010-09-30,9.1,Y,9.2,Y,9.149999999999999,mean of both stations,Y,2010,273
2010-10-01,9,Y,9.1,Y,9.05,mean of both stations,Y,2010,274
2010-10-02,9.8,Y,10,Y,9.9,mean of both stations,Y,2010,275
2010-10-03,11.2,Y,11.2,Y,11.2,mean of both stations,Y,2010,276
2010-10-04,11,Y,11.2,Y,11.1,mean of both stations,Y,2010,277
2010-10-05,10.2,Y,10.2,Y,10.2,mean of both stations,Y,2010,278
2010-10-06,10.4,Y,10.4,Y,10.4,mean of both stations,Y,2010,279
2010-10-07,9.9,Y,9.9,Y,9.9,mean of both stations,Y,2010,280
2010-10-08,9.2,Y,9.2,Y,9.2,mean of both stations,Y,2010,281
2010-10-09,8,Y,8.5,Y,8.25,mean of both stations,Y,2010,282
2010-10-10,8.6,Y,8.5,Y,8.55,mean of both stations,Y,2010,283
2010-10-11,7.4,Y,7.6,Y,7.5,mean of both stations,Y,2010,284
2010-10-12,7.7,Y,7.8,Y,7.75,mean of both stations,Y,2010,285
2010-10-13,7.1,Y,7.3,Y,7.199999999999999,mean of both stations,Y,2010,286
2010-10-14,8.8,Y,8.7,Y,8.75,mean of both stations,Y,2010,287
2010-10-15,5.6,Y,5.7,Y,5.65,mean of both stations,Y,2010,288
2010-10-16,4.7,Y,3.9,Y,4.3,mean of both stations,Y,2010,289
2010-10-17,5.5,Y,5.6,Y,5.55,mean of both stations,Y,2010,290
2010-10-18,6.8,Y,7.1,Y,6.949999999999999,mean of both stations,Y,2010,291
2010-10-19,7.9,Y,7.8,Y,7.85,mean of both stations,Y,2010,292
2010-10-20,8.2,Y,8,Y,8.1,mean of both stations,Y,2010,293
2010-10-21,3.9,Y,3.9,Y,3.9,mean of both stations,Y,2010,294
2010-10-22,4.6,Y,4.7,Y,4.65,mean of both stations,Y,2010,295
2010-10-23,7.2,Y,7.4,Y,7.300000000000001,mean of both stations,Y,2010,296
2010-10-24,7.6,Y,7.5,Y,7.55,mean of both stations,Y,2010,297
2010-10-25,5.5,Y,5.5,Y,5.5,mean of both stations,Y,2010,298
2010-10-26,5.4,Y,5.2,Y,5.300000000000001,mean of both stations,Y,2010,299
2010-10-27,6.3,Y,6.3,Y,6.3,mean of both stations,Y,2010,300
2010-10-28,8.5,Y,8.4,Y,8.45,mean of both stations,Y,2010,301
2010-10-29,8.7,Y,8.8,Y,8.75,mean of both stations,Y,2010,302
2010-10-30,8.6,Y,8.7,Y,8.649999999999999,mean of both stations,Y,2010,303
2010-10-31,8.2,Y,8.2,Y,8.2,mean of both stations,Y,2010,304
2010-11-01,6.6,Y,6.6,Y,6.6,mean of both stations,Y,2010,305
2010-11-02,6.7,Y,6.6,Y,6.65,mean of both stations,Y,2010,306
2010-11-03,8.4,Y,8.4,Y,8.4,mean of both stations,Y,2010,307
2010-11-04,7.8,Y,7.8,Y,7.8,mean of both stations,Y,2010,308
2010-11-05,6.8,Y,7,Y,6.9,mean of both stations,Y,2010,309
2010-11-06,4.8,Y,4.9,Y,4.85,mean of both stations,Y,2010,310
2010-11-07,3.5,Y,3.7,Y,3.6,mean of both stations,Y,2010,311
2010-11-08,2.3,Y,2.2,Y,2.25,mean of both stations,Y,2010,312
2010-11-09,5.6,Y,5.6,Y,5.6,mean of both stations,Y,2010,313
2010-11-10,5.5,Y,5.7,Y,5.6,mean of both stations,Y,2010,314
2010-11-11,4.8,Y,4.8,Y,4.8,mean of both stations,Y,2010,315
2010-11-12,6.6,Y,6.7,Y,6.65,mean of both stations,Y,2010,316
2010-11-13,7.7,Y,7.8,Y,7.75,mean of both stations,Y,2010,317
2010-11-14,7,Y,7,Y,7,mean of both stations,Y,2010,318
2010-11-15,7.8,Y,7.7,Y,7.75,mean of both stations,Y,2010,319
2010-11-16,3.9,Y,3.8,Y,3.8499999999999996,mean of both stations,Y,2010,320
2010-11-17,3.8,Y,3.9,Y,3.8499999999999996,mean of both stations,Y,2010,321
2010-11-18,2.8,Y,2.9,Y,2.8499999999999996,mean of both stations,Y,2010,322
2010-11-19,5,Y,5,Y,5,mean of both stations,Y,2010,323
2010-11-20,5.8,Y,5.7,Y,5.75,mean of both stations,Y,2010,324
2010-11-21,6,Y,6.1,Y,6.05,mean of both stations,Y,2010,325
2010-11-22,4.6,Y,4.6,Y,4.6,mean of both stations,Y,2010,326
2010-11-23,4,Y,4,Y,4,mean of both stations,Y,2010,327
2010-11-24,1.9,Y,2,Y,1.95,mean of both stations,Y,2010,328
2010-11-25,-0.2,Y,-0.1,Y,-0.15000000000000002,mean of both stations,Y,2010,329
2010-11-26,-2.7,Y,-2.6,Y,-2.6500000000000004,mean of both stations,Y,2010,330
2010-11-27,-1.3,Y,-1.3,Y,-1.3,mean of both stations,Y,2010,331
2010-11-28,-1,Y,-0.9,Y,-0.95,mean of both stations,Y,2010,332
2010-11-29,-3.9,Y,-3.9,Y,-3.9,mean of both stations,Y,2010,333
2010-11-30,-5.3,Y,-5.3,Y,-5.3,mean of both stations,Y,2010,334
2010-12-01,-5.3,Y,-5.5,Y,-5.4,mean of both stations,Y,2010,335
2010-12-02,-3.5,Y,-3.5,Y,-3.5,mean of both stations,Y,2010,336
2010-12-03,-3.4,Y,-3,Y,-3.2,mean of both stations,Y,2010,337
2010-12-04,-1.8,Y,-1.7,Y,-1.75,mean of both stations,Y,2010,338
2010-12-05,0.4,Y,0.4,Y,0.4,mean of both stations,Y,2010,339
2010-12-06,0.2,Y,0.3,Y,0.25,mean of both stations,Y,2010,340
2010-12-07,1.4,Y,1.5,Y,1.45,mean of both stations,Y,2010,341
2010-12-08,-0.5,Y,-0.6,Y,-0.55,mean of both stations,Y,2010,342
2010-12-09,-0.4,Y,-0.3,Y,-0.35,mean of both stations,Y,2010,343
2010-12-10,-1.9,Y,-1.8,Y,-1.85,mean of both stations,Y,2010,344
2010-12-11,1.3,Y,1.3,Y,1.3,mean of both stations,Y,2010,345
2010-12-12,-1.5,Y,-1.4,Y,-1.45,mean of both stations,Y,2010,346
2010-12-13,-2.4,Y,-2.3,Y,-2.3499999999999996,mean of both stations,Y,2010,347
2010-12-14,-1,Y,-0.9,Y,-0.95,mean of both stations,Y,2010,348
2010-12-15,-0.7,Y,-0.6,Y,-0.6499999999999999,mean of both stations,Y,2010,349
2010-12-16,-0.2,Y,-0.1,Y,-0.15000000000000002,mean of both stations,Y,2010,350
2010-12-17,-1.5,Y,-1.5,Y,-1.5,mean of both stations,Y,2010,351
2010-12-18,-3.1,Y,-3.1,Y,-3.1,mean of both stations,Y,2010,352
2010-12-19,-4.6,Y,-4.6,Y,-4.6,mean of both stations,Y,2010,353
2010-12-20,-4,Y,-3.8,Y,-3.9,mean of both stations,Y,2010,354
2010-12-21,-5.4,Y,-5.4,Y,-5.4,mean of both stations,Y,2010,355
2010-12-22,-5.3,Y,-5.4,Y,-5.35,mean of both stations,Y,2010,356
2010-12-23,-3.3,Y,-3.2,Y,-3.25,mean of both stations,Y,2010,357
2010-12-24,-2.7,Y,-2.5,Y,-2.6,mean of both stations,Y,2010,358
2010-12-25,-2.4,Y,-2.3,Y,-2.3499999999999996,mean of both stations,Y,2010,359
2010-12-26,-3.4,Y,-3.4,Y,-3.4,mean of both stations,Y,2010,360
2010-12-27,-5,Y,-4.7,Y,-4.85,mean of both stations,Y,2010,361
2010-12-28,-3.6,Y,-3.2,Y,-3.4000000000000004,mean of both stations,Y,2010,362
2010-12-29,-2.1,Y,-2,Y,-2.05,mean of both stations,Y,2010,363
2010-12-30,-3.6,Y,-3.6,Y,-3.6,mean of both stations,Y,2010,364
2010-12-31,-0.3,Y,-0.4,Y,-0.35,mean of both stations,Y,2010,365
2011-01-01,0.6,Y,0.5,Y,0.55,mean of both stations,Y,2011,1
2011-01-02,-1.3,Y,-1.1,Y,-1.2000000000000002,mean of both stations,Y,2011,2
2011-01-03,-2.1,Y,-2,Y,-2.05,mean of both stations,Y,2011,3
2011-01-04,-0.9,Y,-0.8,Y,-0.8500000000000001,mean of both stations,Y,2011,4
2011-01-05,0.7,Y,0.8,Y,0.75,mean of both stations,Y,2011,5
2011-01-06,-0.6,Y,-0.6,Y,-0.6,mean of both stations,Y,2011,6
2011-01-07,0.7,Y,0.5,Y,0.6,mean of both stations,Y,2011,7
2011-01-08,1.2,Y,1.2,Y,1.2,mean of both stations,Y,2011,8
2011-01-09,2.3,Y,2.4,Y,2.3499999999999996,mean of both stations,Y,2011,9
2011-01-10,1.6,Y,1.6,Y,1.6,mean of both stations,Y,2011,10
2011-01-11,0.6,Y,0.7,Y,0.6499999999999999,mean of both stations,Y,2011,11
2011-01-12,0.6,Y,0.7,Y,0.6499999999999999,mean of both stations,Y,2011,12
2011-01-13,-1.2,Y,-1.3,Y,-1.25,mean of both stations,Y,2011,13
2011-01-14,-1,Y,-1,Y,-1,mean of both stations,Y,2011,14
2011-01-15,-0.5,Y,-0.5,Y,-0.5,mean of both stations,Y,2011,15
2011-01-16,1.9,Y,2,Y,1.95,mean of both stations,Y,2011,16
2011-01-17,2.6,Y,2.6,Y,2.6,mean of both stations,Y,2011,17
2011-01-18,1.7,Y,1.8,Y,1.75,mean of both stations,Y,2011,18
2011-01-19,-0.4,Y,-0.4,Y,-0.4,mean of both stations,Y,2011,19
2011-01-20,-1.2,Y,-1.1,Y,-1.15,mean of both stations,Y,2011,20
2011-01-21,-1.4,Y,-1.3,Y,-1.35,mean of both stations,Y,2011,21
2011-01-22,0.2,Y,0.2,Y,0.2,mean of both stations,Y,2011,22
2011-01-23,-1.3,Y,-1.2,Y,-1.25,mean of both stations,Y,2011,23
2011-01-24,-0.8,Y,-0.8,Y,-0.8,mean of both stations,Y,2011,24
2011-01-25,0,Y,-0.1,Y,-0.05,mean of both stations,Y,2011,25
2011-01-26,-2.5,Y,-2.5,Y,-2.5,mean of both stations,Y,2011,26
2011-01-27,-4.4,Y,-4,Y,-4.2,mean of both stations,Y,2011,27
2011-01-28,-2.3,Y,-2.3,Y,-2.3,mean of both stations,Y,2011,28
2011-01-29,0.5,Y,0.5,Y,0.5,mean of both stations,Y,2011,29
2011-01-30,0.9,Y,0.9,Y,0.9,mean of both stations,Y,2011,30
2011-01-31,-0.3,Y,-0.2,Y,-0.25,mean of both stations,Y,2011,31
2011-02-01,1,Y,1.1,Y,1.05,mean of both stations,Y,2011,32
2011-02-02,2,Y,2,Y,2,mean of both stations,Y,2011,33
2011-02-03,2.1,Y,2.1,Y,2.1,mean of both stations,Y,2011,34
2011-02-04,1.7,Y,1.7,Y,1.7,mean of both stations,Y,2011,35
2011-02-05,2.5,Y,2.6,Y,2.55,mean of both stations,Y,2011,36
2011-02-06,1.9,Y,1.8,Y,1.85,mean of both stations,Y,2011,37
2011-02-07,1.4,Y,1.4,Y,1.4,mean of both stations,Y,2011,38
2011-02-08,2.2,Y,2.1,Y,2.1500000000000004,mean of both stations,Y,2011,39
2011-02-09,-0.1,Y,0,Y,-0.05,mean of both stations,Y,2011,40
2011-02-10,-0.7,Y,-0.7,Y,-0.7,mean of both stations,Y,2011,41
2011-02-11,-0.6,Y,-0.5,Y,-0.55,mean of both stations,Y,2011,42
2011-02-12,-3.4,Y,-3.4,Y,-3.4,mean of both stations,Y,2011,43
2011-02-13,-4.9,Y,-4.8,Y,-4.85,mean of both stations,Y,2011,44
2011-02-14,-6.9,Y,-6.9,Y,-6.9,mean of both stations,Y,2011,45
2011-02-15,-6.2,Y,-6.2,Y,-6.2,mean of both stations,Y,2011,46
2011-02-16,-3.8,Y,-3.8,Y,-3.8,mean of both stations,Y,2011,47
2011-02-17,-3.7,Y,-3.8,Y,-3.75,mean of both stations,Y,2011,48
2011-02-18,-4.9,Y,-4.9,Y,-4.9,mean of both stations,Y,2011,49
2011-02-19,-7.4,Y,-7.3,Y,-7.35,mean of both stations,Y,2011,50
2011-02-20,-7.5,Y,-7.7,Y,-7.6,mean of both stations,Y,2011,51
2011-02-21,-6.9,Y,-6.9,Y,-6.9,mean of both stations,Y,2011,52
2011-02-22,-8.9,Y,-8.9,Y,-8.9,mean of both stations,Y,2011,53
2011-02-23,-8.7,Y,-8.7,Y,-8.7,mean of both stations,Y,2011,54
2011-02-24,-6.4,Y,-6.3,Y,-6.35,mean of both stations,Y,2011,55
2011-02-25,-3.1,Y,-3.1,Y,-3.1,mean of both stations,Y,2011,56
2011-02-26,-1.8,Y,-1.7,Y,-1.75,mean of both stations,Y,2011,57
2011-02-27,-2.6,Y,-2.5,Y,-2.55,mean of both stations,Y,2011,58
2011-02-28,-2.2,Y,-2.2,Y,-2.2,mean of both stations,Y,2011,59
2011-03-01,-1.5,Y,-1.6,Y,-1.55,mean of both stations,Y,2011,60
2011-03-02,-1.5,Y,-1.6,Y,-1.55,mean of both stations,Y,2011,61
2011-03-03,-1.9,Y,-1.9,Y,-1.9,mean of both stations,Y,2011,62
2011-03-04,-1.3,Y,-1.2,Y,-1.25,mean of both stations,Y,2011,63
2011-03-05,1.3,Y,1.3,Y,1.3,mean of both stations,Y,2011,64
2011-03-06,-0.8,Y,-0.8,Y,-0.8,mean of both stations,Y,2011,65
2011-03-07,-0.3,Y,-0.2,Y,-0.25,mean of both stations,Y,2011,66
2011-03-08,0.9,Y,0.9,Y,0.9,mean of both stations,Y,2011,67
2011-03-09,1.5,Y,1.5,Y,1.5,mean of both stations,Y,2011,68
2011-03-10,1.2,Y,1.3,Y,1.25,mean of both stations,Y,2011,69
2011-03-11,1.7,Y,1.8,Y,1.75,mean of both stations,Y,2011,70
2011-03-12,1.1,Y,1.1,Y,1.1,mean of both stations,Y,2011,71
2011-03-13,1.3,Y,1.2,Y,1.25,mean of both stations,Y,2011,72
2011-03-14,2.1,Y,2,Y,2.05,mean of both stations,Y,2011,73
2011-03-15,-0.4,Y,-0.4,Y,-0.4,mean of both stations,Y,2011,74
2011-03-16,-0.2,Y,-0.1,Y,-0.15000000000000002,mean of both stations,Y,2011,75
2011-03-17,0.7,Y,0.7,Y,0.7,mean of both stations,Y,2011,76
2011-03-18,0.2,Y,0.2,Y,0.2,mean of both stations,Y,2011,77
2011-03-19,1,Y,0.8,Y,0.9,mean of both stations,Y,2011,78
2011-03-20,0.9,Y,1,Y,0.95,mean of both stations,Y,2011,79
2011-03-21,1.9,Y,1.9,Y,1.9,mean of both stations,Y,2011,80
2011-03-22,4.6,Y,4.4,Y,4.5,mean of both stations,Y,2011,81
2011-03-23,4,Y,4,Y,4,mean of both stations,Y,2011,82
2011-03-24,4,Y,3.9,Y,3.95,mean of both stations,Y,2011,83
2011-03-25,1.4,Y,1.7,Y,1.5499999999999998,mean of both stations,Y,2011,84
2011-03-26,-0.7,Y,-0.7,Y,-0.7,mean of both stations,Y,2011,85
2011-03-27,0.6,Y,0.6,Y,0.6,mean of both stations,Y,2011,86
2011-03-28,0.5,Y,0.4,Y,0.45,mean of both stations,Y,2011,87
2011-03-29,1.7,Y,1.7,Y,1.7,mean of both stations,Y,2011,88
2011-03-30,1.3,Y,1.4,Y,1.35,mean of both stations,Y,2011,89
2011-03-31,2.1,Y,2.3,Y,2.2,mean of both stations,Y,2011,90
2011-04-01,2.5,Y,2.4,Y,2.45,mean of both stations,Y,2011,91
2011-04-02,2.5,Y,2.5,Y,2.5,mean of both stations,Y,2011,92
2011-04-03,4,Y,4,Y,4,mean of both stations,Y,2011,93
2011-04-04,4.9,Y,4.6,Y,4.75,mean of both stations,Y,2011,94
2011-04-05,4,Y,3.8,Y,3.9,mean of both stations,Y,2011,95
2011-04-06,4.8,Y,4.9,Y,4.85,mean of both stations,Y,2011,96
2011-04-07,5.1,Y,5.1,Y,5.1,mean of both stations,Y,2011,97
2011-04-08,4.1,Y,4.2,Y,4.15,mean of both stations,Y,2011,98
2011-04-09,4.1,Y,4.2,Y,4.15,mean of both stations,Y,2011,99
2011-04-10,4.5,Y,4.6,Y,4.55,mean of both stations,Y,2011,100
2011-04-11,6.7,Y,6.6,Y,6.65,mean of both stations,Y,2011,101
2011-04-12,4.1,Y,4,Y,4.05,mean of both stations,Y,2011,102
2011-04-13,3.6,Y,3.6,Y,3.6,mean of both stations,Y,2011,103
2011-04-14,2.6,Y,2.6,Y,2.6,mean of both stations,Y,2011,104
2011-04-15,4.2,Y,4.1,Y,4.15,mean of both stations,Y,2011,105
2011-04-16,5.2,Y,5.2,Y,5.2,mean of both stations,Y,2011,106
2011-04-17,6.7,Y,6.3,Y,6.5,mean of both stations,Y,2011,107
2011-04-18,8,Y,8.1,Y,8.05,mean of both stations,Y,2011,108
2011-04-19,5.9,Y,5.7,Y,5.800000000000001,mean of both stations,Y,2011,109
2011-04-20,4.5,Y,4.3,Y,4.4,mean of both stations,Y,2011,110
2011-04-21,7.7,Y,7.6,Y,7.65,mean of both stations,Y,2011,111
2011-04-22,9.9,Y,9.4,Y,9.65,mean of both stations,Y,2011,112
2011-04-23,8,Y,8,Y,8,mean of both stations,Y,2011,113
2011-04-24,10.5,Y,10.3,Y,10.4,mean of both stations,Y,2011,114
2011-04-25,10.5,Y,10.5,Y,10.5,mean of both stations,Y,2011,115
2011-04-26,12.1,Y,12,Y,12.05,mean of both stations,Y,2011,116
2011-04-27,10,Y,9.9,Y,9.95,mean of both stations,Y,2011,117
2011-04-28,9.6,Y,9.6,Y,9.6,mean of both stations,Y,2011,118
2011-04-29,9.2,Y,9.2,Y,9.2,mean of both stations,Y,2011,119
2011-04-30,8.1,Y,8.3,Y,8.2,mean of both stations,Y,2011,120
2011-05-01,6.1,Y,6.2,Y,6.15,mean of both stations,Y,2011,121
2011-05-02,3.7,Y,3.7,Y,3.7,mean of both stations,Y,2011,122
2011-05-03,3,Y,3.1,Y,3.05,mean of both stations,Y,2011,123
2011-05-04,2.9,Y,2.8,Y,2.8499999999999996,mean of both stations,Y,2011,124
2011-05-05,5,Y,4.9,Y,4.95,mean of both stations,Y,2011,125
2011-05-06,4.8,Y,5,Y,4.9,mean of both stations,Y,2011,126
2011-05-07,8,Y,7.8,Y,7.9,mean of both stations,Y,2011,127
2011-05-08,11.1,Y,11,Y,11.05,mean of both stations,Y,2011,128
2011-05-09,12.7,Y,12.7,Y,12.7,mean of both stations,Y,2011,129
2011-05-10,13.5,Y,13.4,Y,13.45,mean of both stations,Y,2011,130
2011-05-11,12.6,Y,12.5,Y,12.55,mean of both stations,Y,2011,131
2011-05-12,13.2,Y,13.4,Y,13.3,mean of both stations,Y,2011,132
2011-05-13,10.3,Y,10.1,Y,10.2,mean of both stations,Y,2011,133
2011-05-14,9.8,Y,9.3,Y,9.55,mean of both stations,Y,2011,134
2011-05-15,8.9,Y,8.6,Y,8.75,mean of both stations,Y,2011,135
2011-05-16,8.9,Y,8.6,Y,8.75,mean of both stations,Y,2011,136
2011-05-17,7.8,Y,7.7,Y,7.75,mean of both stations,Y,2011,137
2011-05-18,9.3,Y,9.1,Y,9.2,mean of both stations,Y,2011,138
2011-05-19,10.5,Y,10.1,Y,10.3,mean of both stations,Y,2011,139
2011-05-20,10.7,Y,10.2,Y,10.45,mean of both stations,Y,2011,140
2011-05-21,11.4,Y,11.2,Y,11.3,mean of both stations,Y,2011,141
2011-05-22,11.4,Y,11.3,Y,11.350000000000001,mean of both stations,Y,2011,142
2011-05-23,11.4,Y,11.1,Y,11.25,mean of both stations,Y,2011,143
2011-05-24,10.1,Y,10,Y,10.05,mean of both stations,Y,2011,144
2011-05-25,9.8,Y,9.4,Y,9.600000000000001,mean of both stations,Y,2011,145
2011-05-26,9.5,Y,9.3,Y,9.4,mean of both stations,Y,2011,146
2011-05-27,10.6,Y,10.5,Y,10.55,mean of both stations,Y,2011,147
2011-05-28,10.1,Y,9.9,Y,10,mean of both stations,Y,2011,148
2011-05-29,9.8,Y,9.6,Y,9.7,mean of both stations,Y,2011,149
2011-05-30,11.8,Y,11.4,Y,11.600000000000001,mean of both stations,Y,2011,150
2011-05-31,12.9,Y,13.2,Y,13.05,mean of both stations,Y,2011,151
2011-06-01,14.1,Y,13.9,Y,14,mean of both stations,Y,2011,152
2011-06-02,13,Y,12.5,Y,12.75,mean of both stations,Y,2011,153
2011-06-03,14.6,Y,14.3,Y,14.45,mean of both stations,Y,2011,154
2011-06-04,14.2,Y,14.4,Y,14.3,mean of both stations,Y,2011,155
2011-06-05,16.4,Y,16.3,Y,16.35,mean of both stations,Y,2011,156
2011-06-06,16.7,Y,16.8,Y,16.75,mean of both stations,Y,2011,157
2011-06-07,16.2,Y,16.2,Y,16.2,mean of both stations,Y,2011,158
2011-06-08,17.9,Y,17.9,Y,17.9,mean of both stations,Y,2011,159
2011-06-09,17.6,Y,17.1,Y,17.35,mean of both stations,Y,2011,160
2011-06-10,15.6,Y,15.5,Y,15.55,mean of both stations,Y,2011,161
2011-06-11,15.3,Y,15.2,Y,15.25,mean of both stations,Y,2011,162
2011-06-12,15.6,Y,15.5,Y,15.55,mean of both stations,Y,2011,163
2011-06-13,15.4,Y,15.3,Y,15.350000000000001,mean of both stations,Y,2011,164
2011-06-14,15.1,Y,15.1,Y,15.1,mean of both stations,Y,2011,165
2011-06-15,14.2,Y,14.1,Y,14.149999999999999,mean of both stations,Y,2011,166
2011-06-16,14.9,Y,14.5,Y,14.7,mean of both stations,Y,2011,167
2011-06-17,14.2,Y,13.8,Y,14,mean of both stations,Y,2011,168
2011-06-18,13.9,Y,13.9,Y,13.9,mean of both stations,Y,2011,169
2011-06-19,14,Y,13.8,Y,13.9,mean of both stations,Y,2011,170
2011-06-20,14.8,Y,14.6,Y,14.7,mean of both stations,Y,2011,171
2011-06-21,14.7,Y,14.8,Y,14.75,mean of both stations,Y,2011,172
2011-06-22,15.6,Y,15.1,Y,15.35,mean of both stations,Y,2011,173
2011-06-23,14.4,Y,14.1,Y,14.25,mean of both stations,Y,2011,174
2011-06-24,14.5,Y,14.2,Y,14.35,mean of both stations,Y,2011,175
2011-06-25,14.1,Y,13.5,Y,13.8,mean of both stations,Y,2011,176
2011-06-26,15.3,Y,15,Y,15.15,mean of both stations,Y,2011,177
2011-06-27,17,Y,16.7,Y,16.85,mean of both stations,Y,2011,178
2011-06-28,19.5,Y,18.9,Y,19.2,mean of both stations,Y,2011,179
2011-06-29,20,Y,19.6,Y,19.8,mean of both stations,Y,2011,180
2011-06-30,19.2,Y,19,Y,19.1,mean of both stations,Y,2011,181
2011-07-01,19.1,Y,19,Y,19.05,mean of both stations,Y,2011,182
2011-07-02,22.8,Y,22.9,Y,22.85,mean of both stations,Y,2011,183
2011-07-03,18.3,Y,18.2,Y,18.25,mean of both stations,Y,2011,184
2011-07-04,17,Y,16.8,Y,16.9,mean of both stations,Y,2011,185
2011-07-05,17.3,Y,17.4,Y,17.35,mean of both stations,Y,2011,186
2011-07-06,17.6,Y,17.6,Y,17.6,mean of both stations,Y,2011,187
2011-07-07,18,Y,18,Y,18,mean of both stations,Y,2011,188
2011-07-08,17.7,Y,17.7,Y,17.7,mean of both stations,Y,2011,189
2011-07-09,19.1,Y,18.9,Y,19,mean of both stations,Y,2011,190
2011-07-10,19.3,Y,19.1,Y,19.200000000000003,mean of both stations,Y,2011,191
2011-07-11,17.8,Y,17.9,Y,17.85,mean of both stations,Y,2011,192
2011-07-12,18.2,Y,17.9,Y,18.049999999999997,mean of both stations,Y,2011,193
2011-07-13,17.5,Y,17.4,Y,17.45,mean of both stations,Y,2011,194
2011-07-14,16.9,Y,16.9,Y,16.9,mean of both stations,Y,2011,195
2011-07-15,17.1,Y,17.1,Y,17.1,mean of both stations,Y,2011,196
2011-07-16,16.6,Y,16.5,Y,16.55,mean of both stations,Y,2011,197
2011-07-17,17.2,Y,17.3,Y,17.25,mean of both stations,Y,2011,198
2011-07-18,17,Y,16.9,Y,16.95,mean of both stations,Y,2011,199
2011-07-19,17.8,Y,17.8,Y,17.8,mean of both stations,Y,2011,200
2011-07-20,18.9,Y,18.8,Y,18.85,mean of both stations,Y,2011,201
2011-07-21,20.3,Y,20.6,Y,20.450000000000003,mean of both stations,Y,2011,202
2011-07-22,19.3,Y,19.2,Y,19.25,mean of both stations,Y,2011,203
2011-07-23,17.7,Y,18,Y,17.85,mean of both stations,Y,2011,204
2011-07-24,16.7,Y,16.8,Y,16.75,mean of both stations,Y,2011,205
2011-07-25,16.8,Y,17,Y,16.9,mean of both stations,Y,2011,206
2011-07-26,17.3,Y,17.2,Y,17.25,mean of both stations,Y,2011,207
2011-07-27,18.5,Y,18.2,Y,18.35,mean of both stations,Y,2011,208
2011-07-28,17.6,Y,17.5,Y,17.55,mean of both stations,Y,2011,209
2011-07-29,17.1,Y,17.1,Y,17.1,mean of both stations,Y,2011,210
2011-07-30,17.9,Y,17.6,Y,17.75,mean of both stations,Y,2011,211
2011-07-31,18.3,Y,18.2,Y,18.25,mean of both stations,Y,2011,212
2011-08-01,19.4,Y,19.4,Y,19.4,mean of both stations,Y,2011,213
2011-08-02,18.4,Y,18.4,Y,18.4,mean of both stations,Y,2011,214
2011-08-03,18,Y,18,Y,18,mean of both stations,Y,2011,215
2011-08-04,17.8,Y,17.8,Y,17.8,mean of both stations,Y,2011,216
2011-08-05,19.6,Y,19.6,Y,19.6,mean of both stations,Y,2011,217
2011-08-06,19.3,Y,19.2,Y,19.25,mean of both stations,Y,2011,218
2011-08-07,18.8,Y,18.7,Y,18.75,mean of both stations,Y,2011,219
2011-08-08,18,Y,17.8,Y,17.9,mean of both stations,Y,2011,220
2011-08-09,16.1,Y,16.1,Y,16.1,mean of both stations,Y,2011,221
2011-08-10,16.3,Y,16.3,Y,16.3,mean of both stations,Y,2011,222
2011-08-11,14.6,Y,14.3,Y,14.45,mean of both stations,Y,2011,223
2011-08-12,15.4,Y,15.3,Y,15.350000000000001,mean of both stations,Y,2011,224
2011-08-13,16.5,Y,16.5,Y,16.5,mean of both stations,Y,2011,225
2011-08-14,17.4,Y,17.3,Y,17.35,mean of both stations,Y,2011,226
2011-08-15,17.3,Y,17.4,Y,17.35,mean of both stations,Y,2011,227
2011-08-16,17.2,Y,17.5,Y,17.35,mean of both stations,Y,2011,228
2011-08-17,17,Y,16.8,Y,16.9,mean of both stations,Y,2011,229
2011-08-18,17.3,Y,17.3,Y,17.3,mean of both stations,Y,2011,230
2011-08-19,15.5,Y,15.5,Y,15.5,mean of both stations,Y,2011,231
2011-08-20,16,Y,16,Y,16,mean of both stations,Y,2011,232
2011-08-21,16.3,Y,15.9,Y,16.1,mean of both stations,Y,2011,233
2011-08-22,15.4,Y,15.3,Y,15.350000000000001,mean of both stations,Y,2011,234
2011-08-23,16.6,Y,16.2,Y,16.4,mean of both stations,Y,2011,235
2011-08-24,15.5,Y,15.4,Y,15.45,mean of both stations,Y,2011,236
2011-08-25,17.1,Y,16.9,Y,17,mean of both stations,Y,2011,237
2011-08-26,17.7,Y,17.9,Y,17.799999999999997,mean of both stations,Y,2011,238
2011-08-27,18.4,Y,18.6,Y,18.5,mean of both stations,Y,2011,239
2011-08-28,16.3,Y,16.2,Y,16.25,mean of both stations,Y,2011,240
2011-08-29,13.9,Y,14,Y,13.95,mean of both stations,Y,2011,241
2011-08-30,15,Y,15.1,Y,15.05,mean of both stations,Y,2011,242
2011-08-31,14.6,Y,14.6,Y,14.6,mean of both stations,Y,2011,243
2011-09-01,15.1,Y,15.1,Y,15.1,mean of both stations,Y,2011,244
2011-09-02,14.9,Y,15.1,Y,15,mean of both stations,Y,2011,245
2011-09-03,15.3,Y,15.3,Y,15.3,mean of both stations,Y,2011,246
2011-09-04,15,Y,15.2,Y,15.1,mean of both stations,Y,2011,247
2011-09-05,16.6,Y,16.7,Y,16.65,mean of both stations,Y,2011,248
2011-09-06,15.5,Y,15.6,Y,15.55,mean of both stations,Y,2011,249
2011-09-07,15,Y,15,Y,15,mean of both stations,Y,2011,250
2011-09-08,14,Y,14,Y,14,mean of both stations,Y,2011,251
2011-09-09,13.7,Y,13.8,Y,13.75,mean of both stations,Y,2011,252
2011-09-10,14.9,Y,14.9,Y,14.9,mean of both stations,Y,2011,253
2011-09-11,13.6,Y,13.7,Y,13.649999999999999,mean of both stations,Y,2011,254
2011-09-12,15.2,Y,15.4,Y,15.3,mean of both stations,Y,2011,255
2011-09-13,14.8,Y,14.8,Y,14.8,mean of both stations,Y,2011,256
2011-09-14,13.1,Y,13.2,Y,13.149999999999999,mean of both stations,Y,2011,257
2011-09-15,12.6,Y,12.8,Y,12.7,mean of both stations,Y,2011,258
2011-09-16,12.1,Y,12.1,Y,12.1,mean of both stations,Y,2011,259
2011-09-17,12.1,Y,12.1,Y,12.1,mean of both stations,Y,2011,260
2011-09-18,12.1,Y,12.1,Y,12.1,mean of both stations,Y,2011,261
2011-09-19,13.1,Y,13.1,Y,13.1,mean of both stations,Y,2011,262
2011-09-20,13.3,Y,13.3,Y,13.3,mean of both stations,Y,2011,263
2011-09-21,13.6,Y,13.6,Y,13.6,mean of both stations,Y,2011,264
2011-09-22,13.1,Y,13.1,Y,13.1,mean of both stations,Y,2011,265
2011-09-23,12.4,Y,12.3,Y,12.350000000000001,mean of both stations,Y,2011,266
2011-09-24,12.3,Y,12.2,Y,12.25,mean of both stations,Y,2011,267
2011-09-25,12.7,Y,12.6,Y,12.649999999999999,mean of both stations,Y,2011,268
2011-09-26,12.4,Y,12.4,Y,12.4,mean of both stations,Y,2011,269
2011-09-27,12.4,Y,12.4,Y,12.4,mean of both stations,Y,2011,270
2011-09-28,12,Y,12.1,Y,12.05,mean of both stations,Y,2011,271
2011-09-29,14.2,Y,14.4,Y,14.3,mean of both stations,Y,2011,272
2011-09-30,14.6,Y,14.8,Y,14.7,mean of both stations,Y,2011,273
2011-10-01,13.9,Y,13.7,Y,13.8,mean of both stations,Y,2011,274
2011-10-02,12.7,Y,12.2,Y,12.45,mean of both stations,Y,2011,275
2011-10-03,14.1,Y,14.2,Y,14.149999999999999,mean of both stations,Y,2011,276
2011-10-04,13.9,Y,14,Y,13.95,mean of both stations,Y,2011,277
2011-10-05,12.6,Y,12.6,Y,12.6,mean of both stations,Y,2011,278
2011-10-06,13,Y,13,Y,13,mean of both stations,Y,2011,279
2011-10-07,10.3,Y,10.4,Y,10.350000000000001,mean of both stations,Y,2011,280
2011-10-08,9.2,Y,9.4,Y,9.3,mean of both stations,Y,2011,281
2011-10-09,8.9,Y,9,Y,8.95,mean of both stations,Y,2011,282
2011-10-10,9.9,Y,9.9,Y,9.9,mean of both stations,Y,2011,283
2011-10-11,9.3,Y,9.5,Y,9.4,mean of both stations,Y,2011,284
2011-10-12,8.5,Y,8.6,Y,8.55,mean of both stations,Y,2011,285
2011-10-13,7.1,Y,7.1,Y,7.1,mean of both stations,Y,2011,286
2011-10-14,6.3,Y,6.5,Y,6.4,mean of both stations,Y,2011,287
2011-10-15,6.6,Y,6.6,Y,6.6,mean of both stations,Y,2011,288
2011-10-16,7.8,Y,7.8,Y,7.8,mean of both stations,Y,2011,289
2011-10-17,9,Y,9,Y,9,mean of both stations,Y,2011,290
2011-10-18,9.4,Y,9.4,Y,9.4,mean of both stations,Y,2011,291
2011-10-19,8.4,Y,8.5,Y,8.45,mean of both stations,Y,2011,292
2011-10-20,7.1,Y,7.1,Y,7.1,mean of both stations,Y,2011,293
2011-10-21,6.3,Y,6.5,Y,6.4,mean of both stations,Y,2011,294
2011-10-22,7.8,Y,7.8,Y,7.8,mean of both stations,Y,2011,295
2011-10-23,7,Y,7,Y,7,mean of both stations,Y,2011,296
2011-10-24,7.8,Y,7.7,Y,7.75,mean of both stations,Y,2011,297
2011-10-25,8.4,Y,8.3,Y,8.350000000000001,mean of both stations,Y,2011,298
2011-10-26,8.3,Y,8.4,Y,8.350000000000001,mean of both stations,Y,2011,299
2011-10-27,8.4,Y,8.4,Y,8.4,mean of both stations,Y,2011,300
2011-10-28,8.1,Y,8.1,Y,8.1,mean of both stations,Y,2011,301
2011-10-29,7,Y,7.2,Y,7.1,mean of both stations,Y,2011,302
2011-10-30,8.2,Y,8.2,Y,8.2,mean of both stations,Y,2011,303
2011-10-31,8.4,Y,8.4,Y,8.4,mean of both stations,Y,2011,304
2011-11-01,8.2,Y,8.1,Y,8.149999999999999,mean of both stations,Y,2011,305
2011-11-02,8.1,Y,8.1,Y,8.1,mean of both stations,Y,2011,306
2011-11-03,7.6,Y,7.6,Y,7.6,mean of both stations,Y,2011,307
2011-11-04,7.9,Y,7.9,Y,7.9,mean of both stations,Y,2011,308
2011-11-05,8.1,Y,7.9,Y,8,mean of both stations,Y,2011,309
2011-11-06,8.1,Y,8,Y,8.05,mean of both stations,Y,2011,310
2011-11-07,7.7,Y,7.6,Y,7.65,mean of both stations,Y,2011,311
2011-11-08,7.4,Y,7.5,Y,7.45,mean of both stations,Y,2011,312
2011-11-09,5.6,Y,5.6,Y,5.6,mean of both stations,Y,2011,313
2011-11-10,4.6,Y,4.6,Y,4.6,mean of both stations,Y,2011,314
2011-11-11,4.6,Y,4.9,Y,4.75,mean of both stations,Y,2011,315
2011-11-12,3.3,Y,3.3,Y,3.3,mean of both stations,Y,2011,316
2011-11-13,5,Y,5,Y,5,mean of both stations,Y,2011,317
2011-11-14,5.8,Y,5.8,Y,5.8,mean of both stations,Y,2011,318
2011-11-15,5.2,Y,5.4,Y,5.300000000000001,mean of both stations,Y,2011,319
2011-11-16,5,Y,4.7,Y,4.85,mean of both stations,Y,2011,320
2011-11-17,5,Y,4.9,Y,4.95,mean of both stations,Y,2011,321
2011-11-18,5.1,Y,5.1,Y,5.1,mean of both stations,Y,2011,322
2011-11-19,7.2,Y,7.2,Y,7.2,mean of both stations,Y,2011,323
2011-11-20,6.5,Y,6.5,Y,6.5,mean of both stations,Y,2011,324
2011-11-21,6.3,Y,6.2,Y,6.25,mean of both stations,Y,2011,325
2011-11-22,3.4,Y,3.3,Y,3.3499999999999996,mean of both stations,Y,2011,326
2011-11-23,5.8,Y,5.8,Y,5.8,mean of both stations,Y,2011,327
2011-11-24,6.7,Y,6.7,Y,6.7,mean of both stations,Y,2011,328
2011-11-25,6.8,Y,6.8,Y,6.8,mean of both stations,Y,2011,329
2011-11-26,5.9,Y,6.3,Y,6.1,mean of both stations,Y,2011,330
2011-11-27,7.3,Y,7.4,Y,7.35,mean of both stations,Y,2011,331
2011-11-28,5.7,Y,5.6,Y,5.65,mean of both stations,Y,2011,332
2011-11-29,5.5,Y,5.5,Y,5.5,mean of both stations,Y,2011,333
2011-11-30,6.2,Y,6.2,Y,6.2,mean of both stations,Y,2011,334
2011-12-01,5.3,Y,5.3,Y,5.3,mean of both stations,Y,2011,335
2011-12-02,4.8,Y,4.8,Y,4.8,mean of both stations,Y,2011,336
2011-12-03,4.8,Y,4.9,Y,4.85,mean of both stations,Y,2011,337
2011-12-04,4.7,Y,4.6,Y,4.65,mean of both stations,Y,2011,338
2011-12-05,3.2,Y,3.2,Y,3.2,mean of both stations,Y,2011,339
2011-12-06,2.3,Y,2.3,Y,2.3,mean of both stations,Y,2011,340
2011-12-07,3.8,Y,3.9,Y,3.8499999999999996,mean of both stations,Y,2011,341
2011-12-08,1.8,Y,1.8,Y,1.8,mean of both stations,Y,2011,342
2011-12-09,4.9,Y,4.9,Y,4.9,mean of both stations,Y,2011,343
2011-12-10,3.9,Y,3.8,Y,3.8499999999999996,mean of both stations,Y,2011,344
2011-12-11,3.6,Y,3.6,Y,3.6,mean of both stations,Y,2011,345
2011-12-12,4.1,Y,4.2,Y,4.15,mean of both stations,Y,2011,346
2011-12-13,4.4,Y,4.5,Y,4.45,mean of both stations,Y,2011,347
2011-12-14,5.3,Y,5.3,Y,5.3,mean of both stations,Y,2011,348
2011-12-15,4.4,Y,4.5,Y,4.45,mean of both stations,Y,2011,349
2011-12-16,4.3,Y,4.3,Y,4.3,mean of both stations,Y,2011,350
2011-12-17,2.9,Y,2.9,Y,2.9,mean of both stations,Y,2011,351
2011-12-18,1.7,Y,1.7,Y,1.7,mean of both stations,Y,2011,352
2011-12-19,3.2,Y,3.1,Y,3.1500000000000004,mean of both stations,Y,2011,353
2011-12-20,3.2,Y,3.2,Y,3.2,mean of both stations,Y,2011,354
2011-12-21,1.3,Y,1.3,Y,1.3,mean of both stations,Y,2011,355
2011-12-22,1.6,Y,1.5,Y,1.55,mean of both stations,Y,2011,356
2011-12-23,3.8,Y,3.8,Y,3.8,mean of both stations,Y,2011,357
2011-12-24,4.4,Y,4.4,Y,4.4,mean of both stations,Y,2011,358
2011-12-25,4.1,Y,4.1,Y,4.1,mean of both stations,Y,2011,359
2011-12-26,6.6,Y,6.4,Y,6.5,mean of both stations,Y,2011,360
2011-12-27,6,Y,5.9,Y,5.95,mean of both stations,Y,2011,361
2011-12-28,3.7,Y,3.7,Y,3.7,mean of both stations,Y,2011,362
2011-12-29,4.8,Y,4.9,Y,4.85,mean of both stations,Y,2011,363
2011-12-30,2.7,Y,2.7,Y,2.7,mean of both stations,Y,2011,364
2011-12-31,0.8,Y,0.5,Y,0.65,mean of both stations,Y,2011,365
2012-01-01,2.6,Y,2.6,Y,2.6,mean of both stations,Y,2012,1
2012-01-02,5.2,Y,5,Y,5.1,mean of both stations,Y,2012,2
2012-01-03,3.8,Y,3.8,Y,3.8,mean of both stations,Y,2012,3
2012-01-04,4.6,Y,4.6,Y,4.6,mean of both stations,Y,2012,4
2012-01-05,3.3,Y,3.3,Y,3.3,mean of both stations,Y,2012,5
2012-01-06,1.2,Y,1.2,Y,1.2,mean of both stations,Y,2012,6
2012-01-07,2.8,Y,2.8,Y,2.8,mean of both stations,Y,2012,7
2012-01-08,2.3,Y,2.4,Y,2.3499999999999996,mean of both stations,Y,2012,8
2012-01-09,0,Y,-0.1,Y,-0.05,mean of both stations,Y,2012,9
2012-01-10,1.4,Y,1.5,Y,1.45,mean of both stations,Y,2012,10
2012-01-11,4.2,Y,4.2,Y,4.2,mean of both stations,Y,2012,11
2012-01-12,4,Y,4.1,Y,4.05,mean of both stations,Y,2012,12
2012-01-13,1.7,Y,1.6,Y,1.65,mean of both stations,Y,2012,13
2012-01-14,0.3,Y,0.4,Y,0.35,mean of both stations,Y,2012,14
2012-01-15,-0.2,Y,-0.2,Y,-0.2,mean of both stations,Y,2012,15
2012-01-16,-0.2,Y,-0.1,Y,-0.15000000000000002,mean of both stations,Y,2012,16
2012-01-17,1.6,Y,1.6,Y,1.6,mean of both stations,Y,2012,17
2012-01-18,2,Y,2,Y,2,mean of both stations,Y,2012,18
2012-01-19,2.7,Y,2.7,Y,2.7,mean of both stations,Y,2012,19
2012-01-20,1.5,Y,1.2,Y,1.35,mean of both stations,Y,2012,20
2012-01-21,0.8,Y,0.8,Y,0.8,mean of both stations,Y,2012,21
2012-01-22,0.9,Y,0.9,Y,0.9,mean of both stations,Y,2012,22
2012-01-23,0.5,Y,0.5,Y,0.5,mean of both stations,Y,2012,23
2012-01-24,0,Y,0,Y,0,mean of both stations,Y,2012,24
2012-01-25,-0.5,Y,-0.6,Y,-0.55,mean of both stations,Y,2012,25
2012-01-26,-1,Y,-1,Y,-1,mean of both stations,Y,2012,26
2012-01-27,-2.2,Y,-2.3,Y,-2.25,mean of both stations,Y,2012,27
2012-01-28,-2.6,Y,-2.6,Y,-2.6,mean of both stations,Y,2012,28
2012-01-29,-1.3,Y,-1.3,Y,-1.3,mean of both stations,Y,2012,29
2012-01-30,-2.5,Y,-2.5,Y,-2.5,mean of both stations,Y,2012,30
2012-01-31,-4.5,Y,-4.6,Y,-4.55,mean of both stations,Y,2012,31
2012-02-01,-6,Y,-5.8,Y,-5.9,mean of both stations,Y,2012,32
2012-02-02,-8.4,Y,-8.4,Y,-8.4,mean of both stations,Y,2012,33
2012-02-03,-11.1,Y,-11,Y,-11.05,mean of both stations,Y,2012,34
2012-02-04,-9.2,Y,-9.1,Y,-9.149999999999999,mean of both stations,Y,2012,35
2012-02-05,-8.4,Y,-8.4,Y,-8.4,mean of both stations,Y,2012,36
2012-02-06,-6.4,Y,-6.7,Y,-6.550000000000001,mean of both stations,Y,2012,37
2012-02-07,-5.3,Y,-5.3,Y,-5.3,mean of both stations,Y,2012,38
2012-02-08,-2.8,Y,-2.8,Y,-2.8,mean of both stations,Y,2012,39
2012-02-09,-4.3,Y,-4.3,Y,-4.3,mean of both stations,Y,2012,40
2012-02-10,-5.1,Y,-5.2,Y,-5.15,mean of both stations,Y,2012,41
2012-02-11,-3.7,Y,-3.7,Y,-3.7,mean of both stations,Y,2012,42
2012-02-12,-0.8,Y,-0.9,Y,-0.8500000000000001,mean of both stations,Y,2012,43
2012-02-13,-0.4,Y,-0.3,Y,-0.35,mean of both stations,Y,2012,44
2012-02-14,-0.3,Y,-0.3,Y,-0.3,mean of both stations,Y,2012,45
2012-02-15,-1.4,Y,-1.4,Y,-1.4,mean of both stations,Y,2012,46
2012-02-16,-1,Y,-1.1,Y,-1.05,mean of both stations,Y,2012,47
2012-02-17,0.9,Y,1,Y,0.95,mean of both stations,Y,2012,48
2012-02-18,0.1,Y,0.1,Y,0.1,mean of both stations,Y,2012,49
2012-02-19,2.1,Y,2.1,Y,2.1,mean of both stations,Y,2012,50
2012-02-20,0.5,Y,0.6,Y,0.55,mean of both stations,Y,2012,51
2012-02-21,2.4,Y,2.3,Y,2.3499999999999996,mean of both stations,Y,2012,52
2012-02-22,2.1,Y,2.1,Y,2.1,mean of both stations,Y,2012,53
2012-02-23,4.4,Y,4.5,Y,4.45,mean of both stations,Y,2012,54
2012-02-24,4.1,Y,4.2,Y,4.15,mean of both stations,Y,2012,55
2012-02-25,3.2,Y,3.2,Y,3.2,mean of both stations,Y,2012,56
2012-02-26,0.3,Y,0.3,Y,0.3,mean of both stations,Y,2012,57
2012-02-27,0.4,Y,0.4,Y,0.4,mean of both stations,Y,2012,58
2012-02-28,2.7,Y,2.6,Y,2.6500000000000004,mean of both stations,Y,2012,59
2012-02-29,3,Y,3.1,Y,3.05,mean of both stations,Y,2012,60
2012-03-01,4.2,Y,4.3,Y,4.25,mean of both stations,Y,2012,61
2012-03-02,3.9,Y,3.9,Y,3.9,mean of both stations,Y,2012,62
2012-03-03,1.3,Y,1.1,Y,1.2000000000000002,mean of both stations,Y,2012,63
2012-03-04,-0.6,Y,-0.8,Y,-0.7,mean of both stations,Y,2012,64
2012-03-05,-2.2,Y,-2.3,Y,-2.25,mean of both stations,Y,2012,65
2012-03-06,-2.4,Y,-2.4,Y,-2.4,mean of both stations,Y,2012,66
2012-03-07,-1.3,Y,-1.3,Y,-1.3,mean of both stations,Y,2012,67
2012-03-08,0.3,Y,0.4,Y,0.35,mean of both stations,Y,2012,68
2012-03-09,1.7,Y,1.8,Y,1.75,mean of both stations,Y,2012,69
2012-03-10,4.6,Y,4.5,Y,4.55,mean of both stations,Y,2012,70
2012-03-11,3.1,Y,3,Y,3.05,mean of both stations,Y,2012,71
2012-03-12,5,Y,5.1,Y,5.05,mean of both stations,Y,2012,72
2012-03-13,4.8,Y,5.1,Y,4.949999999999999,mean of both stations,Y,2012,73
2012-03-14,1.9,Y,1.7,Y,1.7999999999999998,mean of both stations,Y,2012,74
2012-03-15,3.6,Y,3.7,Y,3.6500000000000004,mean of both stations,Y,2012,75
2012-03-16,4.1,Y,4.1,Y,4.1,mean of both stations,Y,2012,76
2012-03-17,4,Y,4,Y,4,mean of both stations,Y,2012,77
2012-03-18,3.2,Y,3.3,Y,3.25,mean of both stations,Y,2012,78
2012-03-19,3.6,Y,3.4,Y,3.5,mean of both stations,Y,2012,79
2012-03-20,3.9,Y,3.8,Y,3.8499999999999996,mean of both stations,Y,2012,80
2012-03-21,6.8,Y,6.7,Y,6.75,mean of both stations,Y,2012,81
2012-03-22,6.3,Y,6.4,Y,6.35,mean of both stations,Y,2012,82
2012-03-23,6.6,Y,6.4,Y,6.5,mean of both stations,Y,2012,83
2012-03-24,5,Y,5,Y,5,mean of both stations,Y,2012,84
2012-03-25,4.4,Y,4.2,Y,4.300000000000001,mean of both stations,Y,2012,85
2012-03-26,4.1,Y,4.1,Y,4.1,mean of both stations,Y,2012,86
2012-03-27,6.6,Y,6.7,Y,6.65,mean of both stations,Y,2012,87
2012-03-28,6.6,Y,6.7,Y,6.65,mean of both stations,Y,2012,88
2012-03-29,5.1,Y,5.1,Y,5.1,mean of both stations,Y,2012,89
2012-03-30,4,Y,3.9,Y,3.95,mean of both stations,Y,2012,90
2012-03-31,2.2,Y,2.1,Y,2.1500000000000004,mean of both stations,Y,2012,91
2012-04-01,2.2,Y,2.2,Y,2.2,mean of both stations,Y,2012,92
2012-04-02,1.8,Y,1.9,Y,1.85,mean of both stations,Y,2012,93
2012-04-03,0.9,Y,1,Y,0.95,mean of both stations,Y,2012,94
2012-04-04,1.4,Y,1.5,Y,1.45,mean of both stations,Y,2012,95
2012-04-05,3,Y,3,Y,3,mean of both stations,Y,2012,96
2012-04-06,3.6,Y,3.5,Y,3.55,mean of both stations,Y,2012,97
2012-04-07,0.4,Y,0.4,Y,0.4,mean of both stations,Y,2012,98
2012-04-08,1.4,Y,1.6,Y,1.5,mean of both stations,Y,2012,99
2012-04-09,3.5,Y,3.3,Y,3.4,mean of both stations,Y,2012,100
2012-04-10,4.4,Y,4.4,Y,4.4,mean of both stations,Y,2012,101
2012-04-11,5.2,Y,5.2,Y,5.2,mean of both stations,Y,2012,102
2012-04-12,4.5,Y,4.5,Y,4.5,mean of both stations,Y,2012,103
2012-04-13,3.6,Y,3.6,Y,3.6,mean of both stations,Y,2012,104
2012-04-14,3.6,Y,3.5,Y,3.55,mean of both stations,Y,2012,105
2012-04-15,3.1,Y,3.2,Y,3.1500000000000004,mean of both stations,Y,2012,106
2012-04-16,5.1,Y,5.2,Y,5.15,mean of both stations,Y,2012,107
2012-04-17,3.7,Y,3.5,Y,3.6,mean of both stations,Y,2012,108
2012-04-18,4.1,Y,4.2,Y,4.15,mean of both stations,Y,2012,109
2012-04-19,5.7,Y,5.7,Y,5.7,mean of both stations,Y,2012,110
2012-04-20,4.1,Y,4.1,Y,4.1,mean of both stations,Y,2012,111
2012-04-21,3.8,Y,3.8,Y,3.8,mean of both stations,Y,2012,112
2012-04-22,7.4,Y,7.5,Y,7.45,mean of both stations,Y,2012,113
2012-04-23,5.3,Y,5.2,Y,5.25,mean of both stations,Y,2012,114
2012-04-24,6.3,Y,6.4,Y,6.35,mean of both stations,Y,2012,115
2012-04-25,6.2,Y,6.2,Y,6.2,mean of both stations,Y,2012,116
2012-04-26,6.8,Y,6.8,Y,6.8,mean of both stations,Y,2012,117
2012-04-27,8,Y,7.9,Y,7.95,mean of both stations,Y,2012,118
2012-04-28,9,Y,9,Y,9,mean of both stations,Y,2012,119
2012-04-29,9.9,Y,10,Y,9.95,mean of both stations,Y,2012,120
2012-04-30,9.7,Y,9.7,Y,9.7,mean of both stations,Y,2012,121
2012-05-01,8.5,Y,8.4,Y,8.45,mean of both stations,Y,2012,122
2012-05-02,6.3,Y,6.1,Y,6.199999999999999,mean of both stations,Y,2012,123
2012-05-03,7.8,Y,8,Y,7.9,mean of both stations,Y,2012,124
2012-05-04,6.3,Y,6.2,Y,6.25,mean of both stations,Y,2012,125
2012-05-05,7.5,Y,7.3,Y,7.4,mean of both stations,Y,2012,126
2012-05-06,5.9,Y,5.8,Y,5.85,mean of both stations,Y,2012,127
2012-05-07,6.7,Y,6.4,Y,6.550000000000001,mean of both stations,Y,2012,128
2012-05-08,5.7,Y,5.7,Y,5.7,mean of both stations,Y,2012,129
2012-05-09,8.5,Y,8.6,Y,8.55,mean of both stations,Y,2012,130
2012-05-10,8.6,Y,8.5,Y,8.55,mean of both stations,Y,2012,131
2012-05-11,9.9,Y,9.7,Y,9.8,mean of both stations,Y,2012,132
2012-05-12,7.4,Y,7.4,Y,7.4,mean of both stations,Y,2012,133
2012-05-13,7.9,Y,7.9,Y,7.9,mean of both stations,Y,2012,134
2012-05-14,8.1,Y,7.8,Y,7.949999999999999,mean of both stations,Y,2012,135
2012-05-15,8.7,Y,8.9,Y,8.8,mean of both stations,Y,2012,136
2012-05-16,9,Y,8.8,Y,8.9,mean of both stations,Y,2012,137
2012-05-17,8.6,Y,8.3,Y,8.45,mean of both stations,Y,2012,138
2012-05-18,8.2,Y,8.1,Y,8.149999999999999,mean of both stations,Y,2012,139
2012-05-19,9.5,Y,9.7,Y,9.6,mean of both stations,Y,2012,140
2012-05-20,12.2,Y,12.1,Y,12.149999999999999,mean of both stations,Y,2012,141
2012-05-21,16,Y,15.8,Y,15.9,mean of both stations,Y,2012,142
2012-05-22,17.4,Y,17.2,Y,17.299999999999997,mean of both stations,Y,2012,143
2012-05-23,16.7,Y,16.8,Y,16.75,mean of both stations,Y,2012,144
2012-05-24,14.4,Y,14.3,Y,14.350000000000001,mean of both stations,Y,2012,145
2012-05-25,13.9,Y,13.9,Y,13.9,mean of both stations,Y,2012,146
2012-05-26,12.6,Y,12.6,Y,12.6,mean of both stations,Y,2012,147
2012-05-27,11.4,Y,11.2,Y,11.3,mean of both stations,Y,2012,148
2012-05-28,12,Y,11.7,Y,11.85,mean of both stations,Y,2012,149
2012-05-29,8.5,Y,8.5,Y,8.5,mean of both stations,Y,2012,150
2012-05-30,10,Y,10,Y,10,mean of both stations,Y,2012,151
2012-05-31,11,Y,10.8,Y,10.9,mean of both stations,Y,2012,152
2012-06-01,11,Y,10.8,Y,10.9,mean of both stations,Y,2012,153
2012-06-02,9.6,Y,9.5,Y,9.55,mean of both stations,Y,2012,154
2012-06-03,10.1,Y,9.9,Y,10,mean of both stations,Y,2012,155
2012-06-04,10.5,Y,10.2,Y,10.35,mean of both stations,Y,2012,156
2012-06-05,11,Y,10.7,Y,10.85,mean of both stations,Y,2012,157
2012-06-06,11.1,Y,10.6,Y,10.85,mean of both stations,Y,2012,158
2012-06-07,11.1,Y,10.9,Y,11,mean of both stations,Y,2012,159
2012-06-08,12.4,Y,12.3,Y,12.350000000000001,mean of both stations,Y,2012,160
2012-06-09,12.5,Y,12.5,Y,12.5,mean of both stations,Y,2012,161
2012-06-10,12.4,Y,12.2,Y,12.3,mean of both stations,Y,2012,162
2012-06-11,13.5,Y,13,Y,13.25,mean of both stations,Y,2012,163
2012-06-12,13.3,Y,13.2,Y,13.25,mean of both stations,Y,2012,164
2012-06-13,13.2,Y,13.2,Y,13.2,mean of both stations,Y,2012,165
2012-06-14,13.9,Y,13.5,Y,13.7,mean of both stations,Y,2012,166
2012-06-15,13.3,Y,13.1,Y,13.2,mean of both stations,Y,2012,167
2012-06-16,13.4,Y,13.4,Y,13.4,mean of both stations,Y,2012,168
2012-06-17,14.5,Y,14.2,Y,14.35,mean of both stations,Y,2012,169
2012-06-18,14.6,Y,14.2,Y,14.399999999999999,mean of both stations,Y,2012,170
2012-06-19,14.7,Y,14.6,Y,14.649999999999999,mean of both stations,Y,2012,171
2012-06-20,14.7,Y,14.6,Y,14.649999999999999,mean of both stations,Y,2012,172
2012-06-21,14.8,Y,14.8,Y,14.8,mean of both stations,Y,2012,173
2012-06-22,15.1,Y,15,Y,15.05,mean of both stations,Y,2012,174
2012-06-23,14,Y,13.8,Y,13.9,mean of both stations,Y,2012,175
2012-06-24,14.1,Y,14.3,Y,14.2,mean of both stations,Y,2012,176
2012-06-25,13.1,Y,12.9,Y,13,mean of both stations,Y,2012,177
2012-06-26,13.1,Y,13.2,Y,13.149999999999999,mean of both stations,Y,2012,178
2012-06-27,14.3,Y,14.3,Y,14.3,mean of both stations,Y,2012,179
2012-06-28,14.6,Y,14.5,Y,14.55,mean of both stations,Y,2012,180
2012-06-29,13.1,Y,13.3,Y,13.2,mean of both stations,Y,2012,181
2012-06-30,16.3,Y,16,Y,16.15,mean of both stations,Y,2012,182
2012-07-01,15.5,Y,15.3,Y,15.4,mean of both stations,Y,2012,183
2012-07-02,15.6,Y,15.3,Y,15.45,mean of both stations,Y,2012,184
2012-07-03,16.3,Y,16,Y,16.15,mean of both stations,Y,2012,185
2012-07-04,16.2,Y,16.3,Y,16.25,mean of both stations,Y,2012,186
2012-07-05,17,Y,17.1,Y,17.05,mean of both stations,Y,2012,187
2012-07-06,17.9,Y,17.8,Y,17.85,mean of both stations,Y,2012,188
2012-07-07,17.7,Y,17.5,Y,17.6,mean of both stations,Y,2012,189
2012-07-08,17.2,Y,17,Y,17.1,mean of both stations,Y,2012,190
2012-07-09,17.3,Y,17.3,Y,17.3,mean of both stations,Y,2012,191
2012-07-10,16.3,Y,16.2,Y,16.25,mean of both stations,Y,2012,192
2012-07-11,16.2,Y,16.2,Y,16.2,mean of both stations,Y,2012,193
2012-07-12,16.4,Y,16.3,Y,16.35,mean of both stations,Y,2012,194
2012-07-13,15.8,Y,15.6,Y,15.7,mean of both stations,Y,2012,195
2012-07-14,15.4,Y,15.3,Y,15.350000000000001,mean of both stations,Y,2012,196
2012-07-15,16,Y,15.9,Y,15.95,mean of both stations,Y,2012,197
2012-07-16,15.1,Y,15.2,Y,15.149999999999999,mean of both stations,Y,2012,198
2012-07-17,15.4,Y,15.3,Y,15.350000000000001,mean of both stations,Y,2012,199
2012-07-18,14.8,Y,14.8,Y,14.8,mean of both stations,Y,2012,200
2012-07-19,14.4,Y,14.4,Y,14.4,mean of both stations,Y,2012,201
2012-07-20,15.4,Y,15.1,Y,15.25,mean of both stations,Y,2012,202
2012-07-21,15.5,Y,15.6,Y,15.55,mean of both stations,Y,2012,203
2012-07-22,15.8,Y,15.5,Y,15.65,mean of both stations,Y,2012,204
2012-07-23,16.3,Y,16.2,Y,16.25,mean of both stations,Y,2012,205
2012-07-24,18,Y,17.8,Y,17.9,mean of both stations,Y,2012,206
2012-07-25,17.7,Y,17.8,Y,17.75,mean of both stations,Y,2012,207
2012-07-26,19.4,Y,19.4,Y,19.4,mean of both stations,Y,2012,208
2012-07-27,16.1,Y,16.3,Y,16.200000000000003,mean of both stations,Y,2012,209
2012-07-28,18.9,Y,18.9,Y,18.9,mean of both stations,Y,2012,210
2012-07-29,16.4,Y,16.4,Y,16.4,mean of both stations,Y,2012,211
2012-07-30,16.4,Y,16.4,Y,16.4,mean of both stations,Y,2012,212
2012-07-31,16.6,Y,16.5,Y,16.55,mean of both stations,Y,2012,213
2012-08-01,16.8,Y,16.7,Y,16.75,mean of both stations,Y,2012,214
2012-08-02,17.7,Y,17.6,Y,17.65,mean of both stations,Y,2012,215
2012-08-03,19.1,Y,19,Y,19.05,mean of both stations,Y,2012,216
2012-08-04,18.4,Y,18.2,Y,18.299999999999997,mean of both stations,Y,2012,217
2012-08-05,18.3,Y,18.1,Y,18.200000000000003,mean of both stations,Y,2012,218
2012-08-06,17.9,Y,17.9,Y,17.9,mean of both stations,Y,2012,219
2012-08-07,17.6,Y,17.5,Y,17.55,mean of both stations,Y,2012,220
2012-08-08,16.3,Y,16.2,Y,16.25,mean of both stations,Y,2012,221
2012-08-09,15.3,Y,15.3,Y,15.3,mean of both stations,Y,2012,222
2012-08-10,14,Y,14.1,Y,14.05,mean of both stations,Y,2012,223
2012-08-11,14.4,Y,14.3,Y,14.350000000000001,mean of both stations,Y,2012,224
2012-08-12,15.1,Y,15.3,Y,15.2,mean of both stations,Y,2012,225
2012-08-13,15.1,Y,15,Y,15.05,mean of both stations,Y,2012,226
2012-08-14,16.1,Y,16.4,Y,16.25,mean of both stations,Y,2012,227
2012-08-15,18.3,Y,18.3,Y,18.3,mean of both stations,Y,2012,228
2012-08-16,17.9,Y,17.8,Y,17.85,mean of both stations,Y,2012,229
2012-08-17,17.7,Y,17.5,Y,17.6,mean of both stations,Y,2012,230
2012-08-18,17.3,Y,17.2,Y,17.25,mean of both stations,Y,2012,231
2012-08-19,19.6,Y,19.2,Y,19.4,mean of both stations,Y,2012,232
2012-08-20,17.9,Y,17.8,Y,17.85,mean of both stations,Y,2012,233
2012-08-21,17.2,Y,17.2,Y,17.2,mean of both stations,Y,2012,234
2012-08-22,16.7,Y,16.6,Y,16.65,mean of both stations,Y,2012,235
2012-08-23,17.2,Y,17.4,Y,17.299999999999997,mean of both stations,Y,2012,236
2012-08-24,15.9,Y,15.9,Y,15.9,mean of both stations,Y,2012,237
2012-08-25,16.4,Y,16.3,Y,16.35,mean of both stations,Y,2012,238
2012-08-26,17.1,Y,17,Y,17.05,mean of both stations,Y,2012,239
2012-08-27,15,Y,15.2,Y,15.1,mean of both stations,Y,2012,240
2012-08-28,15.1,Y,14.7,Y,14.899999999999999,mean of both stations,Y,2012,241
2012-08-29,16.9,Y,16.9,Y,16.9,mean of both stations,Y,2012,242
2012-08-30,17.4,Y,17.3,Y,17.35,mean of both stations,Y,2012,243
2012-08-31,,,15.5,Y,15.5,Hoburg A 68560,Y,2012,244
2012-09-01,,,15.6,Y,15.6,Hoburg A 68560,Y,2012,245
2012-09-02,,,15.8,Y,15.8,Hoburg A 68560,Y,2012,246
2012-09-03,,,16.5,Y,16.5,Hoburg A 68560,Y,2012,247
2012-09-04,,,16.6,Y,16.6,Hoburg A 68560,Y,2012,248
2012-09-05,,,16.2,Y,16.2,Hoburg A 68560,Y,2012,249
2012-09-06,,,14.5,Y,14.5,Hoburg A 68560,Y,2012,250
2012-09-07,,,14.9,Y,14.9,Hoburg A 68560,Y,2012,251
2012-09-08,,,14.3,Y,14.3,Hoburg A 68560,Y,2012,252
2012-09-09,,,13.2,Y,13.2,Hoburg A 68560,Y,2012,253
2012-09-10,,,16,Y,16,Hoburg A 68560,Y,2012,254
2012-09-11,,,16.7,Y,16.7,Hoburg A 68560,Y,2012,255
2012-09-12,,,14,Y,14,Hoburg A 68560,Y,2012,256
2012-09-13,,,13.5,Y,13.5,Hoburg A 68560,Y,2012,257
2012-09-14,,,13.4,Y,13.4,Hoburg A 68560,Y,2012,258
2012-09-15,,,13.8,Y,13.8,Hoburg A 68560,Y,2012,259
2012-09-16,,,14.4,Y,14.4,Hoburg A 68560,Y,2012,260
2012-09-17,,,14.8,Y,14.8,Hoburg A 68560,Y,2012,261
2012-09-18,,,14.2,Y,14.2,Hoburg A 68560,Y,2012,262
2012-09-19,,,12.8,Y,12.8,Hoburg A 68560,Y,2012,263
2012-09-20,,,12,Y,12,Hoburg A 68560,Y,2012,264
2012-09-21,,,12.5,Y,12.5,Hoburg A 68560,Y,2012,265
2012-09-22,,,10.7,Y,10.7,Hoburg A 68560,Y,2012,266
2012-09-23,,,11,Y,11,Hoburg A 68560,Y,2012,267
2012-09-24,,,9.9,Y,9.9,Hoburg A 68560,Y,2012,268
2012-09-25,,,10.5,Y,10.5,Hoburg A 68560,Y,2012,269
2012-09-26,,,13.5,Y,13.5,Hoburg A 68560,Y,2012,270
2012-09-27,,,12.3,Y,12.3,Hoburg A 68560,Y,2012,271
2012-09-28,,,12.5,Y,12.5,Hoburg A 68560,Y,2012,272
2012-09-29,,,12.2,Y,12.2,Hoburg A 68560,Y,2012,273
2012-09-30,,,12,Y,12,Hoburg A 68560,Y,2012,274
2012-10-01,,,12.8,Y,12.8,Hoburg A 68560,Y,2012,275
2012-10-02,,,12.8,Y,12.8,Hoburg A 68560,Y,2012,276
2012-10-03,,,12.2,Y,12.2,Hoburg A 68560,Y,2012,277
2012-10-04,,,12,Y,12,Hoburg A 68560,Y,2012,278
2012-10-05,,,9.7,Y,9.7,Hoburg A 68560,Y,2012,279
2012-10-06,,,9.4,Y,9.4,Hoburg A 68560,Y,2012,280
2012-10-07,,,10.3,Y,10.3,Hoburg A 68560,Y,2012,281
2012-10-08,,,10.6,Y,10.6,Hoburg A 68560,Y,2012,282
2012-10-09,,,7.8,Y,7.8,Hoburg A 68560,Y,2012,283
2012-10-10,,,7.9,Y,7.9,Hoburg A 68560,Y,2012,284
2012-10-11,,,7.3,Y,7.3,Hoburg A 68560,Y,2012,285
2012-10-12,,,7.2,Y,7.2,Hoburg A 68560,Y,2012,286
2012-10-13,,,7,Y,7,Hoburg A 68560,Y,2012,287
2012-10-14,,,9.1,Y,9.1,Hoburg A 68560,Y,2012,288
2012-10-15,,,9.8,Y,9.8,Hoburg A 68560,Y,2012,289
2012-10-16,,,9.2,Y,9.2,Hoburg A 68560,Y,2012,290
2012-10-17,,,9.7,Y,9.7,Hoburg A 68560,Y,2012,291
2012-10-18,,,11.2,Y,11.2,Hoburg A 68560,Y,2012,292
2012-10-19,,,10.6,Y,10.6,Hoburg A 68560,Y,2012,293
2012-10-20,,,10.5,Y,10.5,Hoburg A 68560,Y,2012,294
2012-10-21,,,10.2,Y,10.2,Hoburg A 68560,Y,2012,295
2012-10-22,,,8.8,Y,8.8,Hoburg A 68560,Y,2012,296
2012-10-23,,,7.1,Y,7.1,Hoburg A 68560,Y,2012,297
2012-10-24,,,6.7,Y,6.7,Hoburg A 68560,Y,2012,298
2012-10-25,,,4,Y,4,Hoburg A 68560,Y,2012,299
2012-10-26,,,4,Y,4,Hoburg A 68560,Y,2012,300
2012-10-27,,,3.4,Y,3.4,Hoburg A 68560,Y,2012,301
2012-10-28,,,3,Y,3,Hoburg A 68560,Y,2012,302
2012-10-29,,,5.6,Y,5.6,Hoburg A 68560,Y,2012,303
2012-10-30,,,5.2,Y,5.2,Hoburg A 68560,Y,2012,304
2012-10-31,,,6.3,Y,6.3,Hoburg A 68560,Y,2012,305
2012-11-01,,,7.6,Y,7.6,Hoburg A 68560,Y,2012,306
2012-11-02,,,7.9,Y,7.9,Hoburg A 68560,Y,2012,307
2012-11-03,,,6.6,Y,6.6,Hoburg A 68560,Y,2012,308
2012-11-04,,,5.7,Y,5.7,Hoburg A 68560,Y,2012,309
2012-11-05,,,5.2,Y,5.2,Hoburg A 68560,Y,2012,310
2012-11-06,,,4.9,Y,4.9,Hoburg A 68560,Y,2012,311
2012-11-07,,,5.5,Y,5.5,Hoburg A 68560,Y,2012,312
2012-11-08,,,7.7,Y,7.7,Hoburg A 68560,Y,2012,313
2012-11-09,,,5.2,Y,5.2,Hoburg A 68560,Y,2012,314
2012-11-10,,,7.3,Y,7.3,Hoburg A 68560,Y,2012,315
2012-11-11,,,7.8,Y,7.8,Hoburg A 68560,Y,2012,316
2012-11-12,,,6.8,Y,6.8,Hoburg A 68560,Y,2012,317
2012-11-13,,,4.6,Y,4.6,Hoburg A 68560,Y,2012,318
2012-11-14,,,7,Y,7,Hoburg A 68560,Y,2012,319
2012-11-15,,,7.4,Y,7.4,Hoburg A 68560,Y,2012,320
2012-11-16,,,6.1,Y,6.1,Hoburg A 68560,Y,2012,321
2012-11-17,,,5.8,Y,5.8,Hoburg A 68560,Y,2012,322
2012-11-18,,,5.9,Y,5.9,Hoburg A 68560,Y,2012,323
2012-11-19,,,4.5,Y,4.5,Hoburg A 68560,Y,2012,324
2012-11-20,,,6.6,Y,6.6,Hoburg A 68560,Y,2012,325
2012-11-21,,,6.3,Y,6.3,Hoburg A 68560,Y,2012,326
2012-11-22,,,6.2,Y,6.2,Hoburg A 68560,Y,2012,327
2012-11-23,,,6.4,Y,6.4,Hoburg A 68560,Y,2012,328
2012-11-24,,,5.8,Y,5.8,Hoburg A 68560,Y,2012,329
2012-11-25,,,4.9,Y,4.9,Hoburg A 68560,Y,2012,330
2012-11-26,,,6.4,Y,6.4,Hoburg A 68560,Y,2012,331
2012-11-27,,,6.4,Y,6.4,Hoburg A 68560,Y,2012,332
2012-11-28,,,4.8,Y,4.8,Hoburg A 68560,Y,2012,333
2012-11-29,,,2.9,Y,2.9,Hoburg A 68560,Y,2012,334
2012-11-30,,,1.2,Y,1.2,Hoburg A 68560,Y,2012,335
2012-12-01,,,-1.3,Y,-1.3,Hoburg A 68560,Y,2012,336
2012-12-02,,,-3.4,Y,-3.4,Hoburg A 68560,Y,2012,337
2012-12-03,,,-3.5,Y,-3.5,Hoburg A 68560,Y,2012,338
2012-12-04,,,0.6,Y,0.6,Hoburg A 68560,Y,2012,339
2012-12-05,,,-0.3,Y,-0.3,Hoburg A 68560,Y,2012,340
2012-12-06,,,-2,Y,-2,Hoburg A 68560,Y,2012,341
2012-12-07,,,-2.8,Y,-2.8,Hoburg A 68560,Y,2012,342
2012-12-08,,,-1.7,Y,-1.7,Hoburg A 68560,Y,2012,343
2012-12-09,,,-1.7,Y,-1.7,Hoburg A 68560,Y,2012,344
2012-12-10,,,-1.4,Y,-1.4,Hoburg A 68560,Y,2012,345
2012-12-11,,,-1.5,Y,-1.5,Hoburg A 68560,Y,2012,346
2012-12-12,,,-1,Y,-1,Hoburg A 68560,Y,2012,347
2012-12-13,,,-3.2,Y,-3.2,Hoburg A 68560,Y,2012,348
2012-12-14,,,-2.8,Y,-2.8,Hoburg A 68560,Y,2012,349
2012-12-15,,,1,Y,1,Hoburg A 68560,Y,2012,350
2012-12-16,,,2.2,Y,2.2,Hoburg A 68560,Y,2012,351
2012-12-17,,,1.5,Y,1.5,Hoburg A 68560,Y,2012,352
2012-12-18,,,-0.9,Y,-0.9,Hoburg A 68560,Y,2012,353
2012-12-19,,,-2.4,Y,-2.4,Hoburg A 68560,Y,2012,354
2012-12-20,,,-2.1,Y,-2.1,Hoburg A 68560,Y,2012,355
2012-12-21,,,-2.3,Y,-2.3,Hoburg A 68560,Y,2012,356
2012-12-22,,,-3.2,Y,-3.2,Hoburg A 68560,Y,2012,357
2012-12-23,,,-3.9,Y,-3.9,Hoburg A 68560,Y,2012,358
2012-12-24,,,0.5,Y,0.5,Hoburg A 68560,Y,2012,359
2012-12-25,,,3.5,Y,3.5,Hoburg A 68560,Y,2012,360
2012-12-26,,,3.6,Y,3.6,Hoburg A 68560,Y,2012,361
2012-12-27,,,3.2,Y,3.2,Hoburg A 68560,Y,2012,362
2012-12-28,,,0.3,Y,0.3,Hoburg A 68560,Y,2012,363
2012-12-29,,,3.1,Y,3.1,Hoburg A 68560,Y,2012,364
2012-12-30,,,4.2,Y,4.2,Hoburg A 68560,Y,2012,365
2012-12-31,,,4.6,Y,4.6,Hoburg A 68560,Y,2012,366
2013-01-01,,,4.8,Y,4.8,Hoburg A 68560,Y,2013,1
2013-01-02,,,3.4,Y,3.4,Hoburg A 68560,Y,2013,2
2013-01-03,,,4.3,Y,4.3,Hoburg A 68560,Y,2013,3
2013-01-04,,,4.2,Y,4.2,Hoburg A 68560,Y,2013,4
2013-01-05,,,1.3,Y,1.3,Hoburg A 68560,Y,2013,5
2013-01-06,,,1,Y,1,Hoburg A 68560,Y,2013,6
2013-01-07,,,0.5,Y,0.5,Hoburg A 68560,Y,2013,7
2013-01-08,,,1.7,Y,1.7,Hoburg A 68560,Y,2013,8
2013-01-09,,,2.5,Y,2.5,Hoburg A 68560,Y,2013,9
2013-01-10,,,-0.2,Y,-0.2,Hoburg A 68560,Y,2013,10
2013-01-11,,,-2,Y,-2,Hoburg A 68560,Y,2013,11
2013-01-12,,,-2.9,Y,-2.9,Hoburg A 68560,Y,2013,12
2013-01-13,,,-2.6,Y,-2.6,Hoburg A 68560,Y,2013,13
2013-01-14,,,-2.1,Y,-2.1,Hoburg A 68560,Y,2013,14
2013-01-15,,,-1.2,Y,-1.2,Hoburg A 68560,Y,2013,15
2013-01-16,,,-2.8,Y,-2.8,Hoburg A 68560,Y,2013,16
2013-01-17,,,-2.2,Y,-2.2,Hoburg A 68560,Y,2013,17
2013-01-18,,,-4.4,Y,-4.4,Hoburg A 68560,Y,2013,18
2013-01-19,,,-5,Y,-5,Hoburg A 68560,Y,2013,19
2013-01-20,,,-4.5,Y,-4.5,Hoburg A 68560,Y,2013,20
2013-01-21,,,-3.7,Y,-3.7,Hoburg A 68560,Y,2013,21
2013-01-22,,,-5,Y,-5,Hoburg A 68560,Y,2013,22
2013-01-23,,,-4.3,Y,-4.3,Hoburg A 68560,Y,2013,23
2013-01-24,,,-3.9,Y,-3.9,Hoburg A 68560,Y,2013,24
2013-01-25,,,-3.8,Y,-3.8,Hoburg A 68560,Y,2013,25
2013-01-26,,,-2.1,Y,-2.1,Hoburg A 68560,Y,2013,26
2013-01-27,,,-2.9,Y,-2.9,Hoburg A 68560,Y,2013,27
2013-01-28,,,1.3,Y,1.3,Hoburg A 68560,Y,2013,28
2013-01-29,,,2,Y,2,Hoburg A 68560,Y,2013,29
2013-01-30,,,3.1,Y,3.1,Hoburg A 68560,Y,2013,30
2013-01-31,,,3.1,Y,3.1,Hoburg A 68560,Y,2013,31
2013-02-01,,,0,Y,0,Hoburg A 68560,Y,2013,32
2013-02-02,,,-1.5,Y,-1.5,Hoburg A 68560,Y,2013,33
2013-02-03,,,-0.6,Y,-0.6,Hoburg A 68560,Y,2013,34
2013-02-04,,,1,Y,1,Hoburg A 68560,Y,2013,35
2013-02-05,,,1.7,Y,1.7,Hoburg A 68560,Y,2013,36
2013-02-06,,,0.7,Y,0.7,Hoburg A 68560,Y,2013,37
2013-02-07,,,0.2,Y,0.2,Hoburg A 68560,Y,2013,38
2013-02-08,,,-0.3,Y,-0.3,Hoburg A 68560,Y,2013,39
2013-02-09,,,0.5,Y,0.5,Hoburg A 68560,Y,2013,40
2013-02-10,,,-0.8,Y,-0.8,Hoburg A 68560,Y,2013,41
2013-02-11,,,-2.1,Y,-2.1,Hoburg A 68560,Y,2013,42
2013-02-12,,,-1.6,Y,-1.6,Hoburg A 68560,Y,2013,43
2013-02-13,,,0.2,Y,0.2,Hoburg A 68560,Y,2013,44
2013-02-14,,,1.2,Y,1.2,Hoburg A 68560,Y,2013,45
2013-02-15,,,1.3,Y,1.3,Hoburg A 68560,Y,2013,46
2013-02-16,,,0.6,Y,0.6,Hoburg A 68560,Y,2013,47
2013-02-17,,,0.2,Y,0.2,Hoburg A 68560,Y,2013,48
2013-02-18,,,0.3,Y,0.3,Hoburg A 68560,Y,2013,49
2013-02-19,,,-1.1,Y,-1.1,Hoburg A 68560,Y,2013,50
2013-02-20,,,-2.6,Y,-2.6,Hoburg A 68560,Y,2013,51
2013-02-21,,,-3.1,Y,-3.1,Hoburg A 68560,Y,2013,52
2013-02-22,,,-3.2,Y,-3.2,Hoburg A 68560,Y,2013,53
2013-02-23,,,-1.8,Y,-1.8,Hoburg A 68560,Y,2013,54
2013-02-24,,,0.4,Y,0.4,Hoburg A 68560,Y,2013,55
2013-02-25,,,-0.1,Y,-0.1,Hoburg A 68560,Y,2013,56
2013-02-26,,,0.2,Y,0.2,Hoburg A 68560,Y,2013,57
2013-02-27,,,1.3,Y,1.3,Hoburg A 68560,Y,2013,58
2013-02-28,,,2.1,Y,2.1,Hoburg A 68560,Y,2013,59
2013-03-01,,,2.1,Y,2.1,Hoburg A 68560,Y,2013,60
2013-03-02,,,0.5,Y,0.5,Hoburg A 68560,Y,2013,61
2013-03-03,,,2,Y,2,Hoburg A 68560,Y,2013,62
2013-03-04,,,1.4,Y,1.4,Hoburg A 68560,Y,2013,63
2013-03-05,,,1.9,Y,1.9,Hoburg A 68560,Y,2013,64
2013-03-06,,,2.6,Y,2.6,Hoburg A 68560,Y,2013,65
2013-03-07,,,-0.6,Y,-0.6,Hoburg A 68560,Y,2013,66
2013-03-08,,,-1.9,Y,-1.9,Hoburg A 68560,Y,2013,67
2013-03-09,,,-2.5,Y,-2.5,Hoburg A 68560,Y,2013,68
2013-03-10,,,-5,Y,-5,Hoburg A 68560,Y,2013,69
2013-03-11,,,-5.8,Y,-5.8,Hoburg A 68560,Y,2013,70
2013-03-12,,,-3.3,Y,-3.3,Hoburg A 68560,Y,2013,71
2013-03-13,,,-1.6,Y,-1.6,Hoburg A 68560,Y,2013,72
2013-03-14,,,-4.2,Y,-4.2,Hoburg A 68560,Y,2013,73
2013-03-15,,,-4.4,Y,-4.4,Hoburg A 68560,Y,2013,74
2013-03-16,,,-2.6,Y,-2.6,Hoburg A 68560,Y,2013,75
2013-03-17,,,-1.3,Y,-1.3,Hoburg A 68560,Y,2013,76
2013-03-18,,,-2.4,Y,-2.4,Hoburg A 68560,Y,2013,77
2013-03-19,,,-2.8,Y,-2.8,Hoburg A 68560,Y,2013,78
2013-03-20,,,-3.3,Y,-3.3,Hoburg A 68560,Y,2013,79
2013-03-21,,,-3.8,Y,-3.8,Hoburg A 68560,Y,2013,80
2013-03-22,,,-5.1,Y,-5.1,Hoburg A 68560,Y,2013,81
2013-03-23,,,-3.1,Y,-3.1,Hoburg A 68560,Y,2013,82
2013-03-24,,,-2.3,Y,-2.3,Hoburg A 68560,Y,2013,83
2013-03-25,,,-0.2,Y,-0.2,Hoburg A 68560,Y,2013,84
2013-03-26,,,-1.1,Y,-1.1,Hoburg A 68560,Y,2013,85
2013-03-27,,,-1.1,Y,-1.1,Hoburg A 68560,Y,2013,86
2013-03-28,,,0.1,Y,0.1,Hoburg A 68560,Y,2013,87
2013-03-29,,,0.5,Y,0.5,Hoburg A 68560,Y,2013,88
2013-03-30,,,-0.9,Y,-0.9,Hoburg A 68560,Y,2013,89
2013-03-31,,,-0.6,Y,-0.6,Hoburg A 68560,Y,2013,90
2013-04-01,,,-0.4,Y,-0.4,Hoburg A 68560,Y,2013,91
2013-04-02,,,0.5,Y,0.5,Hoburg A 68560,Y,2013,92
2013-04-03,,,1.6,Y,1.6,Hoburg A 68560,Y,2013,93
2013-04-04,,,1.4,Y,1.4,Hoburg A 68560,Y,2013,94
2013-04-05,,,2.1,Y,2.1,Hoburg A 68560,Y,2013,95
2013-04-06,,,0.5,Y,0.5,Hoburg A 68560,Y,2013,96
2013-04-07,,,2,Y,2,Hoburg A 68560,Y,2013,97
2013-04-08,,,0.9,Y,0.9,Hoburg A 68560,Y,2013,98
2013-04-09,,,-0.2,Y,-0.2,Hoburg A 68560,Y,2013,99
2013-04-10,,,1.2,Y,1.2,Hoburg A 68560,Y,2013,100
2013-04-11,,,2.1,Y,2.1,Hoburg A 68560,Y,2013,101
2013-04-12,,,3.3,Y,3.3,Hoburg A 68560,Y,2013,102
2013-04-13,,,3.3,Y,3.3,Hoburg A 68560,Y,2013,103
2013-04-14,,,4,Y,4,Hoburg A 68560,Y,2013,104
2013-04-15,,,4.3,Y,4.3,Hoburg A 68560,Y,2013,105
2013-04-16,,,4.9,Y,4.9,Hoburg A 68560,Y,2013,106
2013-04-17,,,4.6,Y,4.6,Hoburg A 68560,Y,2013,107
2013-04-18,,,6.9,Y,6.9,Hoburg A 68560,Y,2013,108
2013-04-19,,,5.2,Y,5.2,Hoburg A 68560,Y,2013,109
2013-04-20,,,4.3,Y,4.3,Hoburg A 68560,Y,2013,110
2013-04-21,,,3.7,Y,3.7,Hoburg A 68560,Y,2013,111
2013-04-22,,,5,Y,5,Hoburg A 68560,Y,2013,112
2013-04-23,,,5.2,Y,5.2,Hoburg A 68560,Y,2013,113
2013-04-24,,,5.9,Y,5.9,Hoburg A 68560,Y,2013,114
2013-04-25,,,6,Y,6,Hoburg A 68560,Y,2013,115
2013-04-26,,,5.1,Y,5.1,Hoburg A 68560,Y,2013,116
2013-04-27,,,6,Y,6,Hoburg A 68560,Y,2013,117
2013-04-28,,,3.6,Y,3.6,Hoburg A 68560,Y,2013,118
2013-04-29,,,4.7,Y,4.7,Hoburg A 68560,Y,2013,119
2013-04-30,,,5.9,Y,5.9,Hoburg A 68560,Y,2013,120
2013-05-01,,,5.6,Y,5.6,Hoburg A 68560,Y,2013,121
2013-05-02,,,5.9,Y,5.9,Hoburg A 68560,Y,2013,122
2013-05-03,,,6.8,Y,6.8,Hoburg A 68560,Y,2013,123
2013-05-04,,,6.6,Y,6.6,Hoburg A 68560,Y,2013,124
2013-05-05,,,7.8,Y,7.8,Hoburg A 68560,Y,2013,125
2013-05-06,,,8.3,Y,8.3,Hoburg A 68560,Y,2013,126
2013-05-07,,,10.2,Y,10.2,Hoburg A 68560,Y,2013,127
2013-05-08,,,11.7,Y,11.7,Hoburg A 68560,Y,2013,128
2013-05-09,,,10.9,Y,10.9,Hoburg A 68560,Y,2013,129
2013-05-10,,,10.7,Y,10.7,Hoburg A 68560,Y,2013,130
2013-05-11,,,9.3,Y,9.3,Hoburg A 68560,Y,2013,131
2013-05-12,,,8.9,Y,8.9,Hoburg A 68560,Y,2013,132
2013-05-13,,,9.3,Y,9.3,Hoburg A 68560,Y,2013,133
2013-05-14,,,8.2,Y,8.2,Hoburg A 68560,Y,2013,134
2013-05-15,,,9.3,Y,9.3,Hoburg A 68560,Y,2013,135
2013-05-16,,,13.2,Y,13.2,Hoburg A 68560,Y,2013,136
2013-05-17,,,16.2,Y,16.2,Hoburg A 68560,Y,2013,137
2013-05-18,,,17.3,Y,17.3,Hoburg A 68560,Y,2013,138
2013-05-19,,,12.1,Y,12.1,Hoburg A 68560,Y,2013,139
2013-05-20,,,14.8,Y,14.8,Hoburg A 68560,Y,2013,140
2013-05-21,,,9.9,Y,9.9,Hoburg A 68560,Y,2013,141
2013-05-22,,,11,Y,11,Hoburg A 68560,Y,2013,142
2013-05-23,,,10.3,Y,10.3,Hoburg A 68560,Y,2013,143
2013-05-24,,,10.8,Y,10.8,Hoburg A 68560,Y,2013,144
2013-05-25,,,14.2,Y,14.2,Hoburg A 68560,Y,2013,145
2013-05-26,,,10.4,Y,10.4,Hoburg A 68560,Y,2013,146
2013-05-27,,,12.3,Y,12.3,Hoburg A 68560,Y,2013,147
2013-05-28,,,14.6,Y,14.6,Hoburg A 68560,Y,2013,148
2013-05-29,,,14.2,Y,14.2,Hoburg A 68560,Y,2013,149
2013-05-30,,,14.5,Y,14.5,Hoburg A 68560,Y,2013,150
2013-05-31,,,16.2,Y,16.2,Hoburg A 68560,Y,2013,151
2013-06-01,,,15.1,Y,15.1,Hoburg A 68560,Y,2013,152
2013-06-02,,,15,Y,15,Hoburg A 68560,Y,2013,153
2013-06-03,,,14.7,Y,14.7,Hoburg A 68560,Y,2013,154
2013-06-04,,,11.8,Y,11.8,Hoburg A 68560,Y,2013,155
2013-06-05,,,12.3,Y,12.3,Hoburg A 68560,Y,2013,156
2013-06-06,,,13.3,Y,13.3,Hoburg A 68560,Y,2013,157
2013-06-07,,,15.3,Y,15.3,Hoburg A 68560,Y,2013,158
2013-06-08,,,14.6,Y,14.6,Hoburg A 68560,Y,2013,159
2013-06-09,,,14.2,Y,14.2,Hoburg A 68560,Y,2013,160
2013-06-10,,,13.8,Y,13.8,Hoburg A 68560,Y,2013,161
2013-06-11,,,15.2,Y,15.2,Hoburg A 68560,Y,2013,162
2013-06-12,,,15.4,Y,15.4,Hoburg A 68560,Y,2013,163
2013-06-13,,,14.9,Y,14.9,Hoburg A 68560,Y,2013,164
2013-06-14,,,14.1,Y,14.1,Hoburg A 68560,Y,2013,165
2013-06-15,,,13.8,Y,13.8,Hoburg A 68560,Y,2013,166
2013-06-16,,,13.4,Y,13.4,Hoburg A 68560,Y,2013,167
2013-06-17,,,14,Y,14,Hoburg A 68560,Y,2013,168
2013-06-18,,,15.3,Y,15.3,Hoburg A 68560,Y,2013,169
2013-06-19,,,14.2,Y,14.2,Hoburg A 68560,Y,2013,170
2013-06-20,,,17.5,Y,17.5,Hoburg A 68560,Y,2013,171
2013-06-21,,,17.8,Y,17.8,Hoburg A 68560,Y,2013,172
2013-06-22,,,16.5,Y,16.5,Hoburg A 68560,Y,2013,173
2013-06-23,,,16.7,Y,16.7,Hoburg A 68560,Y,2013,174
2013-06-24,,,17.7,Y,17.7,Hoburg A 68560,Y,2013,175
2013-06-25,,,16.4,Y,16.4,Hoburg A 68560,Y,2013,176
2013-06-26,,,16.4,Y,16.4,Hoburg A 68560,Y,2013,177
2013-06-27,,,15.5,Y,15.5,Hoburg A 68560,Y,2013,178
2013-06-28,,,15.8,Y,15.8,Hoburg A 68560,Y,2013,179
2013-06-29,,,15.9,Y,15.9,Hoburg A 68560,Y,2013,180
2013-06-30,,,13.8,Y,13.8,Hoburg A 68560,Y,2013,181
2013-07-01,,,13.9,Y,13.9,Hoburg A 68560,Y,2013,182
2013-07-02,,,15.4,Y,15.4,Hoburg A 68560,Y,2013,183
2013-07-03,,,15.5,Y,15.5,Hoburg A 68560,Y,2013,184
2013-07-04,,,17.8,Y,17.8,Hoburg A 68560,Y,2013,185
2013-07-05,,,18,Y,18,Hoburg A 68560,Y,2013,186
2013-07-06,,,17,Y,17,Hoburg A 68560,Y,2013,187
2013-07-07,,,17.5,Y,17.5,Hoburg A 68560,Y,2013,188
2013-07-08,,,18.3,Y,18.3,Hoburg A 68560,Y,2013,189
2013-07-09,,,16.3,Y,16.3,Hoburg A 68560,Y,2013,190
2013-07-10,,,17.5,Y,17.5,Hoburg A 68560,Y,2013,191
2013-07-11,,,16.4,Y,16.4,Hoburg A 68560,Y,2013,192
2013-07-12,,,15.5,Y,15.5,Hoburg A 68560,Y,2013,193
2013-07-13,,,16.6,Y,16.6,Hoburg A 68560,Y,2013,194
2013-07-14,,,17.3,Y,17.3,Hoburg A 68560,Y,2013,195
2013-07-15,,,17.4,Y,17.4,Hoburg A 68560,Y,2013,196
2013-07-16,,,18.1,Y,18.1,Hoburg A 68560,Y,2013,197
2013-07-17,,,18.6,Y,18.6,Hoburg A 68560,Y,2013,198
2013-07-18,,,19.5,Y,19.5,Hoburg A 68560,Y,2013,199
2013-07-19,,,18.2,Y,18.2,Hoburg A 68560,Y,2013,200
2013-07-20,,,17.3,Y,17.3,Hoburg A 68560,Y,2013,201
2013-07-21,,,18.2,Y,18.2,Hoburg A 68560,Y,2013,202
2013-07-22,,,16.5,Y,16.5,Hoburg A 68560,Y,2013,203
2013-07-23,,,15.9,Y,15.9,Hoburg A 68560,Y,2013,204
2013-07-24,,,16.6,Y,16.6,Hoburg A 68560,Y,2013,205
2013-07-25,,,18,Y,18,Hoburg A 68560,Y,2013,206
2013-07-26,,,19.2,Y,19.2,Hoburg A 68560,Y,2013,207
2013-07-27,,,19.5,Y,19.5,Hoburg A 68560,Y,2013,208
2013-07-28,,,19.5,Y,19.5,Hoburg A 68560,Y,2013,209
2013-07-29,,,19.4,Y,19.4,Hoburg A 68560,Y,2013,210
2013-07-30,,,17.4,Y,17.4,Hoburg A 68560,Y,2013,211
2013-07-31,,,17.5,Y,17.5,Hoburg A 68560,Y,2013,212
2013-08-01,,,18.3,Y,18.3,Hoburg A 68560,Y,2013,213
2013-08-02,,,18.9,Y,18.9,Hoburg A 68560,Y,2013,214
2013-08-03,,,19.3,Y,19.3,Hoburg A 68560,Y,2013,215
2013-08-04,,,19.9,Y,19.9,Hoburg A 68560,Y,2013,216
2013-08-05,,,20,Y,20,Hoburg A 68560,Y,2013,217
2013-08-06,,,20.6,Y,20.6,Hoburg A 68560,Y,2013,218
2013-08-07,,,19.2,Y,19.2,Hoburg A 68560,Y,2013,219
2013-08-08,,,19.2,Y,19.2,Hoburg A 68560,Y,2013,220
2013-08-09,,,19.1,Y,19.1,Hoburg A 68560,Y,2013,221
2013-08-10,,,18.6,Y,18.6,Hoburg A 68560,Y,2013,222
2013-08-11,,,18.3,Y,18.3,Hoburg A 68560,Y,2013,223
2013-08-12,,,17.4,Y,17.4,Hoburg A 68560,Y,2013,224
2013-08-13,,,16.9,Y,16.9,Hoburg A 68560,Y,2013,225
2013-08-14,,,16.1,Y,16.1,Hoburg A 68560,Y,2013,226
2013-08-15,,,17.1,Y,17.1,Hoburg A 68560,Y,2013,227
2013-08-16,,,17.9,Y,17.9,Hoburg A 68560,Y,2013,228
2013-08-17,,,19.5,Y,19.5,Hoburg A 68560,Y,2013,229
2013-08-18,,,19.1,Y,19.1,Hoburg A 68560,Y,2013,230
2013-08-19,,,18.2,Y,18.2,Hoburg A 68560,Y,2013,231
2013-08-20,,,17,Y,17,Hoburg A 68560,Y,2013,232
2013-08-21,,,17.5,Y,17.5,Hoburg A 68560,Y,2013,233
2013-08-22,,,17.1,Y,17.1,Hoburg A 68560,Y,2013,234
2013-08-23,,,15.3,Y,15.3,Hoburg A 68560,Y,2013,235
2013-08-24,,,15.5,Y,15.5,Hoburg A 68560,Y,2013,236
2013-08-25,,,15.5,Y,15.5,Hoburg A 68560,Y,2013,237
2013-08-26,,,16.5,Y,16.5,Hoburg A 68560,Y,2013,238
2013-08-27,,,17,Y,17,Hoburg A 68560,Y,2013,239
2013-08-28,,,17.9,Y,17.9,Hoburg A 68560,Y,2013,240
2013-08-29,,,17.5,Y,17.5,Hoburg A 68560,Y,2013,241
2013-08-30,,,17.7,Y,17.7,Hoburg A 68560,Y,2013,242
2013-08-31,,,17.6,Y,17.6,Hoburg A 68560,Y,2013,243
2013-09-01,,,15,Y,15,Hoburg A 68560,Y,2013,244
2013-09-02,,,14,Y,14,Hoburg A 68560,Y,2013,245
2013-09-03,,,14.9,Y,14.9,Hoburg A 68560,Y,2013,246
2013-09-04,,,16.7,Y,16.7,Hoburg A 68560,Y,2013,247
2013-09-05,,,16.5,Y,16.5,Hoburg A 68560,Y,2013,248
2013-09-06,,,17,Y,17,Hoburg A 68560,Y,2013,249
2013-09-07,,,16.8,Y,16.8,Hoburg A 68560,Y,2013,250
2013-09-08,,,17.1,Y,17.1,Hoburg A 68560,Y,2013,251
2013-09-09,,,18,Y,18,Hoburg A 68560,Y,2013,252
2013-09-10,,,15.1,Y,15.1,Hoburg A 68560,Y,2013,253
2013-09-11,,,15,Y,15,Hoburg A 68560,Y,2013,254
2013-09-12,,,15.9,Y,15.9,Hoburg A 68560,Y,2013,255
2013-09-13,,,17,Y,17,Hoburg A 68560,Y,2013,256
2013-09-14,,,17.4,Y,17.4,Hoburg A 68560,Y,2013,257
2013-09-15,,,16.5,Y,16.5,Hoburg A 68560,Y,2013,258
2013-09-16,,,14.7,Y,14.7,Hoburg A 68560,Y,2013,259
2013-09-17,,,11.3,Y,11.3,Hoburg A 68560,Y,2013,260
2013-09-18,,,13.1,Y,13.1,Hoburg A 68560,Y,2013,261
2013-09-19,,,12.5,Y,12.5,Hoburg A 68560,Y,2013,262
2013-09-20,,,14.3,Y,14.3,Hoburg A 68560,Y,2013,263
2013-09-21,,,14.9,Y,14.9,Hoburg A 68560,Y,2013,264
2013-09-22,,,14.3,Y,14.3,Hoburg A 68560,Y,2013,265
2013-09-23,,,12.9,Y,12.9,Hoburg A 68560,Y,2013,266
2013-09-24,,,10,Y,10,Hoburg A 68560,Y,2013,267
2013-09-25,,,9,Y,9,Hoburg A 68560,Y,2013,268
2013-09-26,,,7.9,Y,7.9,Hoburg A 68560,Y,2013,269
2013-09-27,,,8.6,Y,8.6,Hoburg A 68560,Y,2013,270
2013-09-28,,,9.1,Y,9.1,Hoburg A 68560,Y,2013,271
2013-09-29,,,9.4,Y,9.4,Hoburg A 68560,Y,2013,272
2013-09-30,,,8.6,Y,8.6,Hoburg A 68560,Y,2013,273
2013-10-01,,,7,Y,7,Hoburg A 68560,Y,2013,274
2013-10-02,,,7.4,Y,7.4,Hoburg A 68560,Y,2013,275
2013-10-03,,,10.2,Y,10.2,Hoburg A 68560,Y,2013,276
2013-10-04,,,10.3,Y,10.3,Hoburg A 68560,Y,2013,277
2013-10-05,,,11.2,Y,11.2,Hoburg A 68560,Y,2013,278
2013-10-06,,,12.8,Y,12.8,Hoburg A 68560,Y,2013,279
2013-10-07,,,13.8,Y,13.8,Hoburg A 68560,Y,2013,280
2013-10-08,,,13.1,Y,13.1,Hoburg A 68560,Y,2013,281
2013-10-09,,,13.3,Y,13.3,Hoburg A 68560,Y,2013,282
2013-10-10,,,12.5,Y,12.5,Hoburg A 68560,Y,2013,283
2013-10-11,,,10.7,Y,10.7,Hoburg A 68560,Y,2013,284
2013-10-12,,,8.2,Y,8.2,Hoburg A 68560,Y,2013,285
2013-10-13,,,10.5,Y,10.5,Hoburg A 68560,Y,2013,286
2013-10-14,,,11.4,Y,11.4,Hoburg A 68560,Y,2013,287
2013-10-15,,,10.4,Y,10.4,Hoburg A 68560,Y,2013,288
2013-10-16,,,9.2,Y,9.2,Hoburg A 68560,Y,2013,289
2013-10-17,,,10.3,Y,10.3,Hoburg A 68560,Y,2013,290
2013-10-18,,,7.1,Y,7.1,Hoburg A 68560,Y,2013,291
2013-10-19,,,7.6,Y,7.6,Hoburg A 68560,Y,2013,292
2013-10-20,,,7.1,Y,7.1,Hoburg A 68560,Y,2013,293
2013-10-21,,,7.4,Y,7.4,Hoburg A 68560,Y,2013,294
2013-10-22,,,9.9,Y,9.9,Hoburg A 68560,Y,2013,295
2013-10-23,,,12.5,Y,12.5,Hoburg A 68560,Y,2013,296
2013-10-24,,,11.8,Y,11.8,Hoburg A 68560,Y,2013,297
2013-10-25,,,10.2,Y,10.2,Hoburg A 68560,Y,2013,298
2013-10-26,,,11.6,Y,11.6,Hoburg A 68560,Y,2013,299
2013-10-27,,,11.8,Y,11.8,Hoburg A 68560,Y,2013,300
2013-10-28,,,12,Y,12,Hoburg A 68560,Y,2013,301
2013-10-29,,,10.7,Y,10.7,Hoburg A 68560,Y,2013,302
2013-10-30,,,9.4,Y,9.4,Hoburg A 68560,Y,2013,303
2013-10-31,,,9.8,Y,9.8,Hoburg A 68560,Y,2013,304
2013-11-01,,,9.5,Y,9.5,Hoburg A 68560,Y,2013,305
2013-11-02,,,8.6,Y,8.6,Hoburg A 68560,Y,2013,306
2013-11-03,,,8.1,Y,8.1,Hoburg A 68560,Y,2013,307
2013-11-04,,,8,Y,8,Hoburg A 68560,Y,2013,308
2013-11-05,,,7.9,Y,7.9,Hoburg A 68560,Y,2013,309
2013-11-06,,,7.5,Y,7.5,Hoburg A 68560,Y,2013,310
2013-11-07,,,7.1,Y,7.1,Hoburg A 68560,Y,2013,311
2013-11-08,,,8,Y,8,Hoburg A 68560,Y,2013,312
2013-11-09,,,8,Y,8,Hoburg A 68560,Y,2013,313
2013-11-10,,,7.5,Y,7.5,Hoburg A 68560,Y,2013,314
2013-11-11,,,6.1,Y,6.1,Hoburg A 68560,Y,2013,315
2013-11-12,,,7.4,Y,7.4,Hoburg A 68560,Y,2013,316
2013-11-13,,,7.2,Y,7.2,Hoburg A 68560,Y,2013,317
2013-11-14,,,6.6,Y,6.6,Hoburg A 68560,Y,2013,318
2013-11-15,,,7,Y,7,Hoburg A 68560,Y,2013,319
2013-11-16,,,8.5,Y,8.5,Hoburg A 68560,Y,2013,320
2013-11-17,,,7.6,Y,7.6,Hoburg A 68560,Y,2013,321
2013-11-18,,,6.9,Y,6.9,Hoburg A 68560,Y,2013,322
2013-11-19,,,6.9,Y,6.9,Hoburg A 68560,Y,2013,323
2013-11-20,,,5.6,Y,5.6,Hoburg A 68560,Y,2013,324
2013-11-21,,,6.8,Y,6.8,Hoburg A 68560,Y,2013,325
2013-11-22,,,6.1,Y,6.1,Hoburg A 68560,Y,2013,326
2013-11-23,,,5,Y,5,Hoburg A 68560,Y,2013,327
2013-11-24,,,3.2,Y,3.2,Hoburg A 68560,Y,2013,328
2013-11-25,,,2.9,Y,2.9,Hoburg A 68560,Y,2013,329
2013-11-26,,,2.4,Y,2.4,Hoburg A 68560,Y,2013,330
2013-11-27,,,6.1,Y,6.1,Hoburg A 68560,Y,2013,331
2013-11-28,,,6.8,Y,6.8,Hoburg A 68560,Y,2013,332
2013-11-29,,,3.8,Y,3.8,Hoburg A 68560,Y,2013,333
2013-11-30,,,3,Y,3,Hoburg A 68560,Y,2013,334
2013-12-01,,,6.1,Y,6.1,Hoburg A 68560,Y,2013,335
2013-12-02,,,3.8,Y,3.8,Hoburg A 68560,Y,2013,336
2013-12-03,,,5.5,Y,5.5,Hoburg A 68560,Y,2013,337
2013-12-04,,,5.2,Y,5.2,Hoburg A 68560,Y,2013,338
2013-12-05,,,4.4,Y,4.4,Hoburg A 68560,Y,2013,339
2013-12-06,,,1.2,Y,1.2,Hoburg A 68560,Y,2013,340
2013-12-07,,,-0.1,Y,-0.1,Hoburg A 68560,Y,2013,341
2013-12-08,,,-0.5,Y,-0.5,Hoburg A 68560,Y,2013,342
2013-12-09,,,-1.1,Y,-1.1,Hoburg A 68560,Y,2013,343
2013-12-10,,,3.5,Y,3.5,Hoburg A 68560,Y,2013,344
2013-12-11,,,5.6,Y,5.6,Hoburg A 68560,Y,2013,345
2013-12-12,,,5.4,Y,5.4,Hoburg A 68560,Y,2013,346
2013-12-13,,,4.1,Y,4.1,Hoburg A 68560,Y,2013,347
2013-12-14,,,3.7,Y,3.7,Hoburg A 68560,Y,2013,348
2013-12-15,,,4.6,Y,4.6,Hoburg A 68560,Y,2013,349
2013-12-16,,,5.5,Y,5.5,Hoburg A 68560,Y,2013,350
2013-12-17,,,5,Y,5,Hoburg A 68560,Y,2013,351
2013-12-18,,,3.4,Y,3.4,Hoburg A 68560,Y,2013,352
2013-12-19,,,4.5,Y,4.5,Hoburg A 68560,Y,2013,353
2013-12-20,,,4.4,Y,4.4,Hoburg A 68560,Y,2013,354
2013-12-21,,,5.1,Y,5.1,Hoburg A 68560,Y,2013,355
2013-12-22,,,5.4,Y,5.4,Hoburg A 68560,Y,2013,356
2013-12-23,,,4.9,Y,4.9,Hoburg A 68560,Y,2013,357
2013-12-24,,,6.4,Y,6.4,Hoburg A 68560,Y,2013,358
2013-12-25,,,6,Y,6,Hoburg A 68560,Y,2013,359
2013-12-26,,,4.5,Y,4.5,Hoburg A 68560,Y,2013,360
2013-12-27,,,5.2,Y,5.2,Hoburg A 68560,Y,2013,361
2013-12-28,,,5.6,Y,5.6,Hoburg A 68560,Y,2013,362
2013-12-29,,,4.6,Y,4.6,Hoburg A 68560,Y,2013,363
2013-12-30,,,4.6,Y,4.6,Hoburg A 68560,Y,2013,364
2013-12-31,,,4.1,Y,4.1,Hoburg A 68560,Y,2013,365
2014-01-01,,,3.3,Y,3.3,Hoburg A 68560,Y,2014,1
2014-01-02,,,3.7,Y,3.7,Hoburg A 68560,Y,2014,2
2014-01-03,,,4.2,Y,4.2,Hoburg A 68560,Y,2014,3
2014-01-04,,,5,Y,5,Hoburg A 68560,Y,2014,4
2014-01-05,,,4.2,Y,4.2,Hoburg A 68560,Y,2014,5
2014-01-06,,,4.4,Y,4.4,Hoburg A 68560,Y,2014,6
2014-01-07,,,5.6,Y,5.6,Hoburg A 68560,Y,2014,7
2014-01-08,,,5.7,Y,5.7,Hoburg A 68560,Y,2014,8
2014-01-09,,,5.2,Y,5.2,Hoburg A 68560,Y,2014,9
2014-01-10,,,2.4,Y,2.4,Hoburg A 68560,Y,2014,10
2014-01-11,,,4.1,Y,4.1,Hoburg A 68560,Y,2014,11
2014-01-12,,,-0.8,Y,-0.8,Hoburg A 68560,Y,2014,12
2014-01-13,,,-2.4,Y,-2.4,Hoburg A 68560,Y,2014,13
2014-01-14,,,1.2,Y,1.2,Hoburg A 68560,Y,2014,14
2014-01-15,,,-0.1,Y,-0.1,Hoburg A 68560,Y,2014,15
2014-01-16,,,-1.9,Y,-1.9,Hoburg A 68560,Y,2014,16
2014-01-17,,,-3.1,Y,-3.1,Hoburg A 68560,Y,2014,17
2014-01-18,,,-3.1,Y,-3.1,Hoburg A 68560,Y,2014,18
2014-01-19,,,-3.1,Y,-3.1,Hoburg A 68560,Y,2014,19
2014-01-20,,,-3.5,Y,-3.5,Hoburg A 68560,Y,2014,20
2014-01-21,,,-2.8,Y,-2.8,Hoburg A 68560,Y,2014,21
2014-01-22,,,-4.1,Y,-4.1,Hoburg A 68560,Y,2014,22
2014-01-23,,,-5.3,Y,-5.3,Hoburg A 68560,Y,2014,23
2014-01-24,,,-5.4,Y,-5.4,Hoburg A 68560,Y,2014,24
2014-01-25,,,-5.1,Y,-5.1,Hoburg A 68560,Y,2014,25
2014-01-26,,,-3.7,Y,-3.7,Hoburg A 68560,Y,2014,26
2014-01-27,,,-2.3,Y,-2.3,Hoburg A 68560,Y,2014,27
2014-01-28,,,-1.5,Y,-1.5,Hoburg A 68560,Y,2014,28
2014-01-29,,,-5.3,Y,-5.3,Hoburg A 68560,Y,2014,29
2014-01-30,,,-5,Y,-5,Hoburg A 68560,Y,2014,30
2014-01-31,,,-3.8,Y,-3.8,Hoburg A 68560,Y,2014,31
2014-02-01,,,0.6,Y,0.6,Hoburg A 68560,Y,2014,32
2014-02-02,,,1.8,Y,1.8,Hoburg A 68560,Y,2014,33
2014-02-03,,,1.9,Y,1.9,Hoburg A 68560,Y,2014,34
2014-02-04,,,1.3,Y,1.3,Hoburg A 68560,Y,2014,35
2014-02-05,,,1.4,Y,1.4,Hoburg A 68560,Y,2014,36
2014-02-06,,,1.5,Y,1.5,Hoburg A 68560,Y,2014,37
2014-02-07,,,2.5,Y,2.5,Hoburg A 68560,Y,2014,38
2014-02-08,,,2.9,Y,2.9,Hoburg A 68560,Y,2014,39
2014-02-09,,,2.8,Y,2.8,Hoburg A 68560,Y,2014,40
2014-02-10,,,2.5,Y,2.5,Hoburg A 68560,Y,2014,41
2014-02-11,,,1.5,Y,1.5,Hoburg A 68560,Y,2014,42
2014-02-12,,,2.2,Y,2.2,Hoburg A 68560,Y,2014,43
2014-02-13,,,2.4,Y,2.4,Hoburg A 68560,Y,2014,44
2014-02-14,,,1.2,Y,1.2,Hoburg A 68560,Y,2014,45
2014-02-15,,,2.4,Y,2.4,Hoburg A 68560,Y,2014,46
2014-02-16,,,3.7,Y,3.7,Hoburg A 68560,Y,2014,47
2014-02-17,,,3.7,Y,3.7,Hoburg A 68560,Y,2014,48
2014-02-18,,,2.7,Y,2.7,Hoburg A 68560,Y,2014,49
2014-02-19,,,2.8,Y,2.8,Hoburg A 68560,Y,2014,50
2014-02-20,,,2.6,Y,2.6,Hoburg A 68560,Y,2014,51
2014-02-21,,,3.4,Y,3.4,Hoburg A 68560,Y,2014,52
2014-02-22,,,2.9,Y,2.9,Hoburg A 68560,Y,2014,53
2014-02-23,,,3.4,Y,3.4,Hoburg A 68560,Y,2014,54
2014-02-24,,,3.7,Y,3.7,Hoburg A 68560,Y,2014,55
2014-02-25,,,2.7,Y,2.7,Hoburg A 68560,Y,2014,56
2014-02-26,,,1.8,Y,1.8,Hoburg A 68560,Y,2014,57
2014-02-27,,,2,Y,2,Hoburg A 68560,Y,2014,58
2014-02-28,,,2,Y,2,Hoburg A 68560,Y,2014,59
2014-03-01,,,1.4,Y,1.4,Hoburg A 68560,Y,2014,60
2014-03-02,,,2.1,Y,2.1,Hoburg A 68560,Y,2014,61
2014-03-03,,,2,Y,2,Hoburg A 68560,Y,2014,62
2014-03-04,,,2.6,Y,2.6,Hoburg A 68560,Y,2014,63
2014-03-05,,,2.2,Y,2.2,Hoburg A 68560,Y,2014,64
2014-03-06,,,3.1,Y,3.1,Hoburg A 68560,Y,2014,65
2014-03-07,,,3.2,Y,3.2,Hoburg A 68560,Y,2014,66
2014-03-08,,,4.5,Y,4.5,Hoburg A 68560,Y,2014,67
2014-03-09,,,4.7,Y,4.7,Hoburg A 68560,Y,2014,68
2014-03-10,,,5.2,Y,5.2,Hoburg A 68560,Y,2014,69
2014-03-11,,,3.4,Y,3.4,Hoburg A 68560,Y,2014,70
2014-03-12,,,4.5,Y,4.5,Hoburg A 68560,Y,2014,71
2014-03-13,,,4.9,Y,4.9,Hoburg A 68560,Y,2014,72
2014-03-14,,,4.8,Y,4.8,Hoburg A 68560,Y,2014,73
2014-03-15,,,3.8,Y,3.8,Hoburg A 68560,Y,2014,74
2014-03-16,,,1.8,Y,1.8,Hoburg A 68560,Y,2014,75
2014-03-17,,,4.7,Y,4.7,Hoburg A 68560,Y,2014,76
2014-03-18,,,4,Y,4,Hoburg A 68560,Y,2014,77
2014-03-19,,,3,Y,3,Hoburg A 68560,Y,2014,78
2014-03-20,,,4.4,Y,4.4,Hoburg A 68560,Y,2014,79
2014-03-21,,,6.2,Y,6.2,Hoburg A 68560,Y,2014,80
2014-03-22,,,3.5,Y,3.5,Hoburg A 68560,Y,2014,81
2014-03-23,,,3.8,Y,3.8,Hoburg A 68560,Y,2014,82
2014-03-24,,,2.3,Y,2.3,Hoburg A 68560,Y,2014,83
2014-03-25,,,3,Y,3,Hoburg A 68560,Y,2014,84
2014-03-26,,,3.5,Y,3.5,Hoburg A 68560,Y,2014,85
2014-03-27,,,5.7,Y,5.7,Hoburg A 68560,Y,2014,86
2014-03-28,,,6.2,Y,6.2,Hoburg A 68560,Y,2014,87
2014-03-29,,,4.6,Y,4.6,Hoburg A 68560,Y,2014,88
2014-03-30,,,4.6,Y,4.6,Hoburg A 68560,Y,2014,89
2014-03-31,,,2.3,Y,2.3,Hoburg A 68560,Y,2014,90
2014-04-01,,,2,Y,2,Hoburg A 68560,Y,2014,91
2014-04-02,,,1.6,Y,1.6,Hoburg A 68560,Y,2014,92
2014-04-03,,,3.7,Y,3.7,Hoburg A 68560,Y,2014,93
2014-04-04,,,1.8,Y,1.8,Hoburg A 68560,Y,2014,94
2014-04-05,,,3.5,Y,3.5,Hoburg A 68560,Y,2014,95
2014-04-06,,,5.4,Y,5.4,Hoburg A 68560,Y,2014,96
2014-04-07,,,6.5,Y,6.5,Hoburg A 68560,Y,2014,97
2014-04-08,,,5.9,Y,5.9,Hoburg A 68560,Y,2014,98
2014-04-09,,,5,Y,5,Hoburg A 68560,Y,2014,99
2014-04-10,,,4.5,Y,4.5,Hoburg A 68560,Y,2014,100
2014-04-11,,,3.8,Y,3.8,Hoburg A 68560,Y,2014,101
2014-04-12,,,5.4,Y,5.4,Hoburg A 68560,Y,2014,102
2014-04-13,,,5.8,Y,5.8,Hoburg A 68560,Y,2014,103
2014-04-14,,,5.2,Y,5.2,Hoburg A 68560,Y,2014,104
2014-04-15,,,5.3,Y,5.3,Hoburg A 68560,Y,2014,105
2014-04-16,,,5.4,Y,5.4,Hoburg A 68560,Y,2014,106
2014-04-17,,,6.2,Y,6.2,Hoburg A 68560,Y,2014,107
2014-04-18,,,6.5,Y,6.5,Hoburg A 68560,Y,2014,108
2014-04-19,,,10.7,Y,10.7,Hoburg A 68560,Y,2014,109
2014-04-20,,,11.9,Y,11.9,Hoburg A 68560,Y,2014,110
2014-04-21,,,12.4,Y,12.4,Hoburg A 68560,Y,2014,111
2014-04-22,,,11.5,Y,11.5,Hoburg A 68560,Y,2014,112
2014-04-23,,,7.3,Y,7.3,Hoburg A 68560,Y,2014,113
2014-04-24,,,7.1,Y,7.1,Hoburg A 68560,Y,2014,114
2014-04-25,,,8.4,Y,8.4,Hoburg A 68560,Y,2014,115
2014-04-26,,,10.5,Y,10.5,Hoburg A 68560,Y,2014,116
2014-04-27,,,10.8,Y,10.8,Hoburg A 68560,Y,2014,117
2014-04-28,,,10.3,Y,10.3,Hoburg A 68560,Y,2014,118
2014-04-29,,,9.4,Y,9.4,Hoburg A 68560,Y,2014,119
2014-04-30,,,7,Y,7,Hoburg A 68560,Y,2014,120
2014-05-01,,,4.9,Y,4.9,Hoburg A 68560,Y,2014,121
2014-05-02,,,6,Y,6,Hoburg A 68560,Y,2014,122
2014-05-03,,,6.7,Y,6.7,Hoburg A 68560,Y,2014,123
2014-05-04,,,6.8,Y,6.8,Hoburg A 68560,Y,2014,124
2014-05-05,,,6.2,Y,6.2,Hoburg A 68560,Y,2014,125
2014-05-06,,,6,Y,6,Hoburg A 68560,Y,2014,126
2014-05-07,,,6.4,Y,6.4,Hoburg A 68560,Y,2014,127
2014-05-08,,,7.4,Y,7.4,Hoburg A 68560,Y,2014,128
2014-05-09,,,7.2,Y,7.2,Hoburg A 68560,Y,2014,129
2014-05-10,,,7.9,Y,7.9,Hoburg A 68560,Y,2014,130
2014-05-11,,,7.6,Y,7.6,Hoburg A 68560,Y,2014,131
2014-05-12,,,8.7,Y,8.7,Hoburg A 68560,Y,2014,132
2014-05-13,,,8.1,Y,8.1,Hoburg A 68560,Y,2014,133
2014-05-14,,,9.2,Y,9.2,Hoburg A 68560,Y,2014,134
2014-05-15,,,8.6,Y,8.6,Hoburg A 68560,Y,2014,135
2014-05-16,,,9.9,Y,9.9,Hoburg A 68560,Y,2014,136
2014-05-17,,,13,Y,13,Hoburg A 68560,Y,2014,137
2014-05-18,,,12,Y,12,Hoburg A 68560,Y,2014,138
2014-05-19,,,13,Y,13,Hoburg A 68560,Y,2014,139
2014-05-20,,,14.8,Y,14.8,Hoburg A 68560,Y,2014,140
2014-05-21,,,14.9,Y,14.9,Hoburg A 68560,Y,2014,141
2014-05-22,,,15.2,Y,15.2,Hoburg A 68560,Y,2014,142
2014-05-23,,,15.7,Y,15.7,Hoburg A 68560,Y,2014,143
2014-05-24,,,14.4,Y,14.4,Hoburg A 68560,Y,2014,144
2014-05-25,,,14,Y,14,Hoburg A 68560,Y,2014,145
2014-05-26,,,15.9,Y,15.9,Hoburg A 68560,Y,2014,146
2014-05-27,,,9.2,Y,9.2,Hoburg A 68560,Y,2014,147
2014-05-28,,,8.8,Y,8.8,Hoburg A 68560,Y,2014,148
2014-05-29,,,10,Y,10,Hoburg A 68560,Y,2014,149
2014-05-30,,,10.1,Y,10.1,Hoburg A 68560,Y,2014,150
2014-05-31,,,11.7,Y,11.7,Hoburg A 68560,Y,2014,151
2014-06-01,,,13,Y,13,Hoburg A 68560,Y,2014,152
2014-06-02,,,13.9,Y,13.9,Hoburg A 68560,Y,2014,153
2014-06-03,,,11.7,Y,11.7,Hoburg A 68560,Y,2014,154
2014-06-04,,,12,Y,12,Hoburg A 68560,Y,2014,155
2014-06-05,,,13.4,Y,13.4,Hoburg A 68560,Y,2014,156
2014-06-06,,,13.3,Y,13.3,Hoburg A 68560,Y,2014,157
2014-06-07,,,13.6,Y,13.6,Hoburg A 68560,Y,2014,158
2014-06-08,,,14.7,Y,14.7,Hoburg A 68560,Y,2014,159
2014-06-09,,,17.2,Y,17.2,Hoburg A 68560,Y,2014,160
2014-06-10,,,18.3,Y,18.3,Hoburg A 68560,Y,2014,161
2014-06-11,,,15.8,Y,15.8,Hoburg A 68560,Y,2014,162
2014-06-12,,,16.3,Y,16.3,Hoburg A 68560,Y,2014,163
2014-06-13,,,14.2,Y,14.2,Hoburg A 68560,Y,2014,164
2014-06-14,,,11.7,Y,11.7,Hoburg A 68560,Y,2014,165
2014-06-15,,,12.6,Y,12.6,Hoburg A 68560,Y,2014,166
2014-06-16,,,12.4,Y,12.4,Hoburg A 68560,Y,2014,167
2014-06-17,,,11.5,Y,11.5,Hoburg A 68560,Y,2014,168
2014-06-18,,,15.1,Y,15.1,Hoburg A 68560,Y,2014,169
2014-06-19,,,14,Y,14,Hoburg A 68560,Y,2014,170
2014-06-20,,,11.9,Y,11.9,Hoburg A 68560,Y,2014,171
2014-06-21,,,12.8,Y,12.8,Hoburg A 68560,Y,2014,172
2014-06-22,,,11.2,Y,11.2,Hoburg A 68560,Y,2014,173
2014-06-23,,,12.4,Y,12.4,Hoburg A 68560,Y,2014,174
2014-06-24,,,11.8,Y,11.8,Hoburg A 68560,Y,2014,175
2014-06-25,,,12.7,Y,12.7,Hoburg A 68560,Y,2014,176
2014-06-26,,,12.4,Y,12.4,Hoburg A 68560,Y,2014,177
2014-06-27,,,13.8,Y,13.8,Hoburg A 68560,Y,2014,178
2014-06-28,,,12.6,Y,12.6,Hoburg A 68560,Y,2014,179
2014-06-29,,,13.6,Y,13.6,Hoburg A 68560,Y,2014,180
2014-06-30,,,14.7,Y,14.7,Hoburg A 68560,Y,2014,181
2014-07-01,,,14.7,Y,14.7,Hoburg A 68560,Y,2014,182
2014-07-02,,,15,Y,15,Hoburg A 68560,Y,2014,183
2014-07-03,,,15.2,Y,15.2,Hoburg A 68560,Y,2014,184
2014-07-04,,,15.9,Y,15.9,Hoburg A 68560,Y,2014,185
2014-07-05,,,17.3,Y,17.3,Hoburg A 68560,Y,2014,186
2014-07-06,,,18.8,Y,18.8,Hoburg A 68560,Y,2014,187
2014-07-07,,,20.2,Y,20.2,Hoburg A 68560,Y,2014,188
2014-07-08,,,22.4,Y,22.4,Hoburg A 68560,Y,2014,189
2014-07-09,,,22.2,Y,22.2,Hoburg A 68560,Y,2014,190
2014-07-10,,,21.4,Y,21.4,Hoburg A 68560,Y,2014,191
2014-07-11,,,17.4,Y,17.4,Hoburg A 68560,Y,2014,192
2014-07-12,,,16.1,Y,16.1,Hoburg A 68560,Y,2014,193
2014-07-13,,,17,Y,17,Hoburg A 68560,Y,2014,194
2014-07-14,,,16.3,Y,16.3,Hoburg A 68560,Y,2014,195
2014-07-15,,,18,Y,18,Hoburg A 68560,Y,2014,196
2014-07-16,,,18.6,Y,18.6,Hoburg A 68560,Y,2014,197
2014-07-17,,,17.8,Y,17.8,Hoburg A 68560,Y,2014,198
2014-07-18,,,19,Y,19,Hoburg A 68560,Y,2014,199
2014-07-19,,,19.9,Y,19.9,Hoburg A 68560,Y,2014,200
2014-07-20,,,20.1,Y,20.1,Hoburg A 68560,Y,2014,201
2014-07-21,,,20.8,Y,20.8,Hoburg A 68560,Y,2014,202
2014-07-22,,,20.6,Y,20.6,Hoburg A 68560,Y,2014,203
2014-07-23,,,21.4,Y,21.4,Hoburg A 68560,Y,2014,204
2014-07-24,,,22.7,Y,22.7,Hoburg A 68560,Y,2014,205
2014-07-25,,,23.6,Y,23.6,Hoburg A 68560,Y,2014,206
2014-07-26,,,22.4,Y,22.4,Hoburg A 68560,Y,2014,207
2014-07-27,,,21,Y,21,Hoburg A 68560,Y,2014,208
2014-07-28,,,21.3,Y,21.3,Hoburg A 68560,Y,2014,209
2014-07-29,,,21.2,Y,21.2,Hoburg A 68560,Y,2014,210
2014-07-30,,,22.9,Y,22.9,Hoburg A 68560,Y,2014,211
2014-07-31,,,20.9,Y,20.9,Hoburg A 68560,Y,2014,212
2014-08-01,,,21.4,Y,21.4,Hoburg A 68560,Y,2014,213
2014-08-02,,,20.6,Y,20.6,Hoburg A 68560,Y,2014,214
2014-08-03,,,23.6,Y,23.6,Hoburg A 68560,Y,2014,215
2014-08-04,,,23.2,Y,23.2,Hoburg A 68560,Y,2014,216
2014-08-05,,,22.2,Y,22.2,Hoburg A 68560,Y,2014,217
2014-08-06,,,20.4,Y,20.4,Hoburg A 68560,Y,2014,218
2014-08-07,,,20.3,Y,20.3,Hoburg A 68560,Y,2014,219
2014-08-08,,,20.5,Y,20.5,Hoburg A 68560,Y,2014,220
2014-08-09,,,20.8,Y,20.8,Hoburg A 68560,Y,2014,221
2014-08-10,,,19.6,Y,19.6,Hoburg A 68560,Y,2014,222
2014-08-11,,,19.7,Y,19.7,Hoburg A 68560,Y,2014,223
2014-08-12,,,17.6,Y,17.6,Hoburg A 68560,Y,2014,224
2014-08-13,,,17,Y,17,Hoburg A 68560,Y,2014,225
2014-08-14,,,17.3,Y,17.3,Hoburg A 68560,Y,2014,226
2014-08-15,,,18.7,Y,18.7,Hoburg A 68560,Y,2014,227
2014-08-16,,,18.1,Y,18.1,Hoburg A 68560,Y,2014,228
2014-08-17,,,16.4,Y,16.4,Hoburg A 68560,Y,2014,229
2014-08-18,,,15.2,Y,15.2,Hoburg A 68560,Y,2014,230
2014-08-19,,,15.4,Y,15.4,Hoburg A 68560,Y,2014,231
2014-08-20,,,14,Y,14,Hoburg A 68560,Y,2014,232
2014-08-21,,,15.1,Y,15.1,Hoburg A 68560,Y,2014,233
2014-08-22,,,14.9,Y,14.9,Hoburg A 68560,Y,2014,234
2014-08-23,,,14.9,Y,14.9,Hoburg A 68560,Y,2014,235
2014-08-24,,,14.6,Y,14.6,Hoburg A 68560,Y,2014,236
2014-08-25,,,14.3,Y,14.3,Hoburg A 68560,Y,2014,237
2014-08-26,,,13.9,Y,13.9,Hoburg A 68560,Y,2014,238
2014-08-27,,,15.3,Y,15.3,Hoburg A 68560,Y,2014,239
2014-08-28,,,14.5,Y,14.5,Hoburg A 68560,Y,2014,240
2014-08-29,,,14.6,Y,14.6,Hoburg A 68560,Y,2014,241
2014-08-30,,,14.5,Y,14.5,Hoburg A 68560,Y,2014,242
2014-08-31,,,14.5,Y,14.5,Hoburg A 68560,Y,2014,243
2014-09-01,,,14.4,Y,14.4,Hoburg A 68560,Y,2014,244
2014-09-02,,,14.7,Y,14.7,Hoburg A 68560,Y,2014,245
2014-09-03,,,15.6,Y,15.6,Hoburg A 68560,Y,2014,246
2014-09-04,,,15.8,Y,15.8,Hoburg A 68560,Y,2014,247
2014-09-05,,,16,Y,16,Hoburg A 68560,Y,2014,248
2014-09-06,,,15.7,Y,15.7,Hoburg A 68560,Y,2014,249
2014-09-07,,,16.3,Y,16.3,Hoburg A 68560,Y,2014,250
2014-09-08,,,16.3,Y,16.3,Hoburg A 68560,Y,2014,251
2014-09-09,,,15.5,Y,15.5,Hoburg A 68560,Y,2014,252
2014-09-10,,,14.9,Y,14.9,Hoburg A 68560,Y,2014,253
2014-09-11,,,15.5,Y,15.5,Hoburg A 68560,Y,2014,254
2014-09-12,,,15.7,Y,15.7,Hoburg A 68560,Y,2014,255
2014-09-13,,,15.9,Y,15.9,Hoburg A 68560,Y,2014,256
2014-09-14,,,16.1,Y,16.1,Hoburg A 68560,Y,2014,257
2014-09-15,,,14.1,Y,14.1,Hoburg A 68560,Y,2014,258
2014-09-16,,,14.2,Y,14.2,Hoburg A 68560,Y,2014,259
2014-09-17,,,15.1,Y,15.1,Hoburg A 68560,Y,2014,260
2014-09-18,,,15.2,Y,15.2,Hoburg A 68560,Y,2014,261
2014-09-19,,,15.4,Y,15.4,Hoburg A 68560,Y,2014,262
2014-09-20,,,15.1,Y,15.1,Hoburg A 68560,Y,2014,263
2014-09-21,,,14.6,Y,14.6,Hoburg A 68560,Y,2014,264
2014-09-22,,,12.4,Y,12.4,Hoburg A 68560,Y,2014,265
2014-09-23,,,7.4,Y,7.4,Hoburg A 68560,Y,2014,266
2014-09-24,,,11.5,Y,11.5,Hoburg A 68560,Y,2014,267
2014-09-25,,,12.6,Y,12.6,Hoburg A 68560,Y,2014,268
2014-09-26,,,13.1,Y,13.1,Hoburg A 68560,Y,2014,269
2014-09-27,,,14,Y,14,Hoburg A 68560,Y,2014,270
2014-09-28,,,13.8,Y,13.8,Hoburg A 68560,Y,2014,271
2014-09-29,,,14.3,Y,14.3,Hoburg A 68560,Y,2014,272
2014-09-30,,,10.4,Y,10.4,Hoburg A 68560,Y,2014,273
2014-10-01,,,10.7,Y,10.7,Hoburg A 68560,Y,2014,274
2014-10-02,,,12.8,Y,12.8,Hoburg A 68560,Y,2014,275
2014-10-03,,,13.4,Y,13.4,Hoburg A 68560,Y,2014,276
2014-10-04,,,13.1,Y,13.1,Hoburg A 68560,Y,2014,277
2014-10-05,,,13.5,Y,13.5,Hoburg A 68560,Y,2014,278
2014-10-06,,,10.2,Y,10.2,Hoburg A 68560,Y,2014,279
2014-10-07,,,11.6,Y,11.6,Hoburg A 68560,Y,2014,280
2014-10-08,,,12,Y,12,Hoburg A 68560,Y,2014,281
2014-10-09,,,13.1,Y,13.1,Hoburg A 68560,Y,2014,282
2014-10-10,,,13.6,Y,13.6,Hoburg A 68560,Y,2014,283
2014-10-11,,,12,Y,12,Hoburg A 68560,Y,2014,284
2014-10-12,,,12.2,Y,12.2,Hoburg A 68560,Y,2014,285
2014-10-13,,,11,Y,11,Hoburg A 68560,Y,2014,286
2014-10-14,,,10.8,Y,10.8,Hoburg A 68560,Y,2014,287
2014-10-15,,,9.6,Y,9.6,Hoburg A 68560,Y,2014,288
2014-10-16,,,8.9,Y,8.9,Hoburg A 68560,Y,2014,289
2014-10-17,,,7.7,Y,7.7,Hoburg A 68560,Y,2014,290
2014-10-18,,,8.6,Y,8.6,Hoburg A 68560,Y,2014,291
2014-10-19,,,12.3,Y,12.3,Hoburg A 68560,Y,2014,292
2014-10-20,,,12.5,Y,12.5,Hoburg A 68560,Y,2014,293
2014-10-21,,,9.5,Y,9.5,Hoburg A 68560,Y,2014,294
2014-10-22,,,6.2,Y,6.2,Hoburg A 68560,Y,2014,295
2014-10-23,,,4.2,Y,4.2,Hoburg A 68560,Y,2014,296
2014-10-24,,,7.8,Y,7.8,Hoburg A 68560,Y,2014,297
2014-10-25,,,8,Y,8,Hoburg A 68560,Y,2014,298
2014-10-26,,,11.1,Y,11.1,Hoburg A 68560,Y,2014,299
2014-10-27,,,12.1,Y,12.1,Hoburg A 68560,Y,2014,300
2014-10-28,,,11.4,Y,11.4,Hoburg A 68560,Y,2014,301
2014-10-29,,,10.2,Y,10.2,Hoburg A 68560,Y,2014,302
2014-10-30,,,8,Y,8,Hoburg A 68560,Y,2014,303
2014-10-31,,,7.9,Y,7.9,Hoburg A 68560,Y,2014,304
2014-11-01,,,8.9,Y,8.9,Hoburg A 68560,Y,2014,305
2014-11-02,,,10.7,Y,10.7,Hoburg A 68560,Y,2014,306
2014-11-03,,,11.2,Y,11.2,Hoburg A 68560,Y,2014,307
2014-11-04,,,11.3,Y,11.3,Hoburg A 68560,Y,2014,308
2014-11-05,,,8.4,Y,8.4,Hoburg A 68560,Y,2014,309
2014-11-06,,,8.8,Y,8.8,Hoburg A 68560,Y,2014,310
2014-11-07,,,5.4,Y,5.4,Hoburg A 68560,Y,2014,311
2014-11-08,,,7.4,Y,7.4,Hoburg A 68560,Y,2014,312
2014-11-09,,,9.4,Y,9.4,Hoburg A 68560,Y,2014,313
2014-11-10,,,9.5,Y,9.5,Hoburg A 68560,Y,2014,314
2014-11-11,,,9.2,Y,9.2,Hoburg A 68560,Y,2014,315
2014-11-12,,,8.3,Y,8.3,Hoburg A 68560,Y,2014,316
2014-11-13,,,7.2,Y,7.2,Hoburg A 68560,Y,2014,317
2014-11-14,,,7.7,Y,7.7,Hoburg A 68560,Y,2014,318
2014-11-15,,,6.5,Y,6.5,Hoburg A 68560,Y,2014,319
2014-11-16,,,6.1,Y,6.1,Hoburg A 68560,Y,2014,320
2014-11-17,,,6.8,Y,6.8,Hoburg A 68560,Y,2014,321
2014-11-18,,,5.4,Y,5.4,Hoburg A 68560,Y,2014,322
2014-11-19,,,3.9,Y,3.9,Hoburg A 68560,Y,2014,323
2014-11-20,,,4.4,Y,4.4,Hoburg A 68560,Y,2014,324
2014-11-21,,,3.7,Y,3.7,Hoburg A 68560,Y,2014,325
2014-11-22,,,4.8,Y,4.8,Hoburg A 68560,Y,2014,326
2014-11-23,,,5.9,Y,5.9,Hoburg A 68560,Y,2014,327
2014-11-24,,,6.7,Y,6.7,Hoburg A 68560,Y,2014,328
2014-11-25,,,6.6,Y,6.6,Hoburg A 68560,Y,2014,329
2014-11-26,,,5.4,Y,5.4,Hoburg A 68560,Y,2014,330
2014-11-27,,,5.4,Y,5.4,Hoburg A 68560,Y,2014,331
2014-11-28,,,1.5,Y,1.5,Hoburg A 68560,Y,2014,332
2014-11-29,,,2,Y,2,Hoburg A 68560,Y,2014,333
2014-11-30,,,0.9,Y,0.9,Hoburg A 68560,Y,2014,334
2014-12-01,,,0.9,Y,0.9,Hoburg A 68560,Y,2014,335
2014-12-02,,,2.3,Y,2.3,Hoburg A 68560,Y,2014,336
2014-12-03,,,3.2,Y,3.2,Hoburg A 68560,Y,2014,337
2014-12-04,,,2.8,Y,2.8,Hoburg A 68560,Y,2014,338
2014-12-05,,,3.3,Y,3.3,Hoburg A 68560,Y,2014,339
2014-12-06,,,5.3,Y,5.3,Hoburg A 68560,Y,2014,340
2014-12-07,,,5.1,Y,5.1,Hoburg A 68560,Y,2014,341
2014-12-08,,,4.8,Y,4.8,Hoburg A 68560,Y,2014,342
2014-12-09,,,3.7,Y,3.7,Hoburg A 68560,Y,2014,343
2014-12-10,,,5.1,Y,5.1,Hoburg A 68560,Y,2014,344
2014-12-11,,,5.1,Y,5.1,Hoburg A 68560,Y,2014,345
2014-12-12,,,4.6,Y,4.6,Hoburg A 68560,Y,2014,346
2014-12-13,,,5.3,Y,5.3,Hoburg A 68560,Y,2014,347
2014-12-14,,,4.3,Y,4.3,Hoburg A 68560,Y,2014,348
2014-12-15,,,4.9,Y,4.9,Hoburg A 68560,Y,2014,349
2014-12-16,,,4.4,Y,4.4,Hoburg A 68560,Y,2014,350
2014-12-17,,,3.8,Y,3.8,Hoburg A 68560,Y,2014,351
2014-12-18,,,5.3,Y,5.3,Hoburg A 68560,Y,2014,352
2014-12-19,,,6.7,Y,6.7,Hoburg A 68560,Y,2014,353
2014-12-20,,,4.5,Y,4.5,Hoburg A 68560,Y,2014,354
2014-12-21,,,3.4,Y,3.4,Hoburg A 68560,Y,2014,355
2014-12-22,,,6.2,Y,6.2,Hoburg A 68560,Y,2014,356
2014-12-23,,,5.5,Y,5.5,Hoburg A 68560,Y,2014,357
2014-12-24,,,4.1,Y,4.1,Hoburg A 68560,Y,2014,358
2014-12-25,,,-1.1,Y,-1.1,Hoburg A 68560,Y,2014,359
2014-12-26,,,-1.1,Y,-1.1,Hoburg A 68560,Y,2014,360
2014-12-27,,,0,Y,0,Hoburg A 68560,Y,2014,361
2014-12-28,,,-2,Y,-2,Hoburg A 68560,Y,2014,362
2014-12-29,,,-3,Y,-3,Hoburg A 68560,Y,2014,363
2014-12-30,,,0.5,Y,0.5,Hoburg A 68560,Y,2014,364
2014-12-31,,,3.8,Y,3.8,Hoburg A 68560,Y,2014,365
2015-01-01,,,4.4,Y,4.4,Hoburg A 68560,Y,2015,1
2015-01-02,,,5.4,Y,5.4,Hoburg A 68560,Y,2015,2
2015-01-03,,,4.4,Y,4.4,Hoburg A 68560,Y,2015,3
2015-01-04,,,2.2,Y,2.2,Hoburg A 68560,Y,2015,4
2015-01-05,,,1.1,Y,1.1,Hoburg A 68560,Y,2015,5
2015-01-06,,,-1.4,Y,-1.4,Hoburg A 68560,Y,2015,6
2015-01-07,,,1.6,Y,1.6,Hoburg A 68560,Y,2015,7
2015-01-08,,,4.3,Y,4.3,Hoburg A 68560,Y,2015,8
2015-01-09,,,3.3,Y,3.3,Hoburg A 68560,Y,2015,9
2015-01-10,,,3.1,Y,3.1,Hoburg A 68560,Y,2015,10
2015-01-11,,,2.3,Y,2.3,Hoburg A 68560,Y,2015,11
2015-01-12,,,2.3,Y,2.3,Hoburg A 68560,Y,2015,12
2015-01-13,,,4.8,Y,4.8,Hoburg A 68560,Y,2015,13
2015-01-14,,,3.8,Y,3.8,Hoburg A 68560,Y,2015,14
2015-01-15,,,2.7,Y,2.7,Hoburg A 68560,Y,2015,15
2015-01-16,,,5.2,Y,5.2,Hoburg A 68560,Y,2015,16
2015-01-17,,,4.1,Y,4.1,Hoburg A 68560,Y,2015,17
2015-01-18,,,3.2,Y,3.2,Hoburg A 68560,Y,2015,18
2015-01-19,,,2.2,Y,2.2,Hoburg A 68560,Y,2015,19
2015-01-20,,,0.6,Y,0.6,Hoburg A 68560,Y,2015,20
2015-01-21,,,0.5,Y,0.5,Hoburg A 68560,Y,2015,21
2015-01-22,,,1.3,Y,1.3,Hoburg A 68560,Y,2015,22
2015-01-23,,,0.3,Y,0.3,Hoburg A 68560,Y,2015,23
2015-01-24,,,0.8,Y,0.8,Hoburg A 68560,Y,2015,24
2015-01-25,,,1.8,Y,1.8,Hoburg A 68560,Y,2015,25
2015-01-26,,,1.7,Y,1.7,Hoburg A 68560,Y,2015,26
2015-01-27,,,2.1,Y,2.1,Hoburg A 68560,Y,2015,27
2015-01-28,,,2.1,Y,2.1,Hoburg A 68560,Y,2015,28
2015-01-29,,,2.6,Y,2.6,Hoburg A 68560,Y,2015,29
2015-01-30,,,1.6,Y,1.6,Hoburg A 68560,Y,2015,30
2015-01-31,,,2.1,Y,2.1,Hoburg A 68560,Y,2015,31
2015-02-01,,,1.4,Y,1.4,Hoburg A 68560,Y,2015,32
2015-02-02,,,-0.5,Y,-0.5,Hoburg A 68560,Y,2015,33
2015-02-03,,,-0.1,Y,-0.1,Hoburg A 68560,Y,2015,34
2015-02-04,,,0.7,Y,0.7,Hoburg A 68560,Y,2015,35
2015-02-05,,,0.8,Y,0.8,Hoburg A 68560,Y,2015,36
2015-02-06,,,0.5,Y,0.5,Hoburg A 68560,Y,2015,37
2015-02-07,,,2.2,Y,2.2,Hoburg A 68560,Y,2015,38
2015-02-08,,,0.4,Y,0.4,Hoburg A 68560,Y,2015,39
2015-02-09,,,3.4,Y,3.4,Hoburg A 68560,Y,2015,40
2015-02-10,,,4,Y,4,Hoburg A 68560,Y,2015,41
2015-02-11,,,2.8,Y,2.8,Hoburg A 68560,Y,2015,42
2015-02-12,,,1.5,Y,1.5,Hoburg A 68560,Y,2015,43
2015-02-13,,,1.5,Y,1.5,Hoburg A 68560,Y,2015,44
2015-02-14,,,0.8,Y,0.8,Hoburg A 68560,Y,2015,45
2015-02-15,,,1.6,Y,1.6,Hoburg A 68560,Y,2015,46
2015-02-16,,,0,Y,0,Hoburg A 68560,Y,2015,47
2015-02-17,,,0.4,Y,0.4,Hoburg A 68560,Y,2015,48
2015-02-18,,,3.3,Y,3.3,Hoburg A 68560,Y,2015,49
2015-02-19,,,4.1,Y,4.1,Hoburg A 68560,Y,2015,50
2015-02-20,,,2.6,Y,2.6,Hoburg A 68560,Y,2015,51
2015-02-21,,,3.3,Y,3.3,Hoburg A 68560,Y,2015,52
2015-02-22,,,3.2,Y,3.2,Hoburg A 68560,Y,2015,53
2015-02-23,,,2.9,Y,2.9,Hoburg A 68560,Y,2015,54
2015-02-24,,,3.1,Y,3.1,Hoburg A 68560,Y,2015,55
2015-02-25,,,3,Y,3,Hoburg A 68560,Y,2015,56
2015-02-26,,,2.1,Y,2.1,Hoburg A 68560,Y,2015,57
2015-02-27,,,2.2,Y,2.2,Hoburg A 68560,Y,2015,58
2015-02-28,,,2.8,Y,2.8,Hoburg A 68560,Y,2015,59
2015-03-01,,,3,Y,3,Hoburg A 68560,Y,2015,60
2015-03-02,,,2.9,Y,2.9,Hoburg A 68560,Y,2015,61
2015-03-03,,,3,Y,3,Hoburg A 68560,Y,2015,62
2015-03-04,,,2.3,Y,2.3,Hoburg A 68560,Y,2015,63
2015-03-05,,,2,Y,2,Hoburg A 68560,Y,2015,64
2015-03-06,,,3.3,Y,3.3,Hoburg A 68560,Y,2015,65
2015-03-07,,,4,Y,4,Hoburg A 68560,Y,2015,66
2015-03-08,,,5.3,Y,5.3,Hoburg A 68560,Y,2015,67
2015-03-09,,,5,Y,5,Hoburg A 68560,Y,2015,68
2015-03-10,,,4.4,Y,4.4,Hoburg A 68560,Y,2015,69
2015-03-11,,,4.3,Y,4.3,Hoburg A 68560,Y,2015,70
2015-03-12,,,2.6,Y,2.6,Hoburg A 68560,Y,2015,71
2015-03-13,,,2.4,Y,2.4,Hoburg A 68560,Y,2015,72
2015-03-14,,,3.9,Y,3.9,Hoburg A 68560,Y,2015,73
2015-03-15,,,3.7,Y,3.7,Hoburg A 68560,Y,2015,74
2015-03-16,,,5.1,Y,5.1,Hoburg A 68560,Y,2015,75
2015-03-17,,,5,Y,5,Hoburg A 68560,Y,2015,76
2015-03-18,,,4.7,Y,4.7,Hoburg A 68560,Y,2015,77
2015-03-19,,,4.9,Y,4.9,Hoburg A 68560,Y,2015,78
2015-03-20,,,3.9,Y,3.9,Hoburg A 68560,Y,2015,79
2015-03-21,,,0.3,Y,0.3,Hoburg A 68560,Y,2015,80
2015-03-22,,,0.8,Y,0.8,Hoburg A 68560,Y,2015,81
2015-03-23,,,2.9,Y,2.9,Hoburg A 68560,Y,2015,82
2015-03-24,,,4.5,Y,4.5,Hoburg A 68560,Y,2015,83
2015-03-25,,,2.6,Y,2.6,Hoburg A 68560,Y,2015,84
2015-03-26,,,4.5,Y,4.5,Hoburg A 68560,Y,2015,85
2015-03-27,,,4.5,Y,4.5,Hoburg A 68560,Y,2015,86
2015-03-28,,,3.8,Y,3.8,Hoburg A 68560,Y,2015,87
2015-03-29,,,4,Y,4,Hoburg A 68560,Y,2015,88
2015-03-30,,,3.9,Y,3.9,Hoburg A 68560,Y,2015,89
2015-03-31,,,3.5,Y,3.5,Hoburg A 68560,Y,2015,90
2015-04-01,,,3.3,Y,3.3,Hoburg A 68560,Y,2015,91
2015-04-02,,,3.5,Y,3.5,Hoburg A 68560,Y,2015,92
2015-04-03,,,3.6,Y,3.6,Hoburg A 68560,Y,2015,93
2015-04-04,,,2.7,Y,2.7,Hoburg A 68560,Y,2015,94
2015-04-05,,,2.6,Y,2.6,Hoburg A 68560,Y,2015,95
2015-04-06,,,3.9,Y,3.9,Hoburg A 68560,Y,2015,96
2015-04-07,,,5.9,Y,5.9,Hoburg A 68560,Y,2015,97
2015-04-08,,,6.3,Y,6.3,Hoburg A 68560,Y,2015,98
2015-04-09,,,5.6,Y,5.6,Hoburg A 68560,Y,2015,99
2015-04-10,,,6,Y,6,Hoburg A 68560,Y,2015,100
2015-04-11,,,7,Y,7,Hoburg A 68560,Y,2015,101
2015-04-12,,,6.6,Y,6.6,Hoburg A 68560,Y,2015,102
2015-04-13,,,5.3,Y,5.3,Hoburg A 68560,Y,2015,103
2015-04-14,,,4.6,Y,4.6,Hoburg A 68560,Y,2015,104
2015-04-15,,,6.5,Y,6.5,Hoburg A 68560,Y,2015,105
2015-04-16,,,5.9,Y,5.9,Hoburg A 68560,Y,2015,106
2015-04-17,,,4.4,Y,4.4,Hoburg A 68560,Y,2015,107
2015-04-18,,,5.3,Y,5.3,Hoburg A 68560,Y,2015,108
2015-04-19,,,6.1,Y,6.1,Hoburg A 68560,Y,2015,109
2015-04-20,,,6.9,Y,6.9,Hoburg A 68560,Y,2015,110
2015-04-21,,,6.8,Y,6.8,Hoburg A 68560,Y,2015,111
2015-04-22,,,6.8,Y,6.8,Hoburg A 68560,Y,2015,112
2015-04-23,,,9.3,Y,9.3,Hoburg A 68560,Y,2015,113
2015-04-24,,,7.5,Y,7.5,Hoburg A 68560,Y,2015,114
2015-04-25,,,7.3,Y,7.3,Hoburg A 68560,Y,2015,115
2015-04-26,,,7.8,Y,7.8,Hoburg A 68560,Y,2015,116
2015-04-27,,,6.8,Y,6.8,Hoburg A 68560,Y,2015,117
2015-04-28,,,7,Y,7,Hoburg A 68560,Y,2015,118
2015-04-29,,,6.6,Y,6.6,Hoburg A 68560,Y,2015,119
2015-04-30,,,7.6,Y,7.6,Hoburg A 68560,Y,2015,120
2015-05-01,,,6.7,Y,6.7,Hoburg A 68560,Y,2015,121
2015-05-02,,,5.2,Y,5.2,Hoburg A 68560,Y,2015,122
2015-05-03,,,7.4,Y,7.4,Hoburg A 68560,Y,2015,123
2015-05-04,,,6.8,Y,6.8,Hoburg A 68560,Y,2015,124
2015-05-05,,,7,Y,7,Hoburg A 68560,Y,2015,125
2015-05-06,,,9,Y,9,Hoburg A 68560,Y,2015,126
2015-05-07,,,8.6,Y,8.6,Hoburg A 68560,Y,2015,127
2015-05-08,,,7.7,Y,7.7,Hoburg A 68560,Y,2015,128
2015-05-09,,,8,Y,8,Hoburg A 68560,Y,2015,129
2015-05-10,,,8.5,Y,8.5,Hoburg A 68560,Y,2015,130
2015-05-11,,,8.2,Y,8.2,Hoburg A 68560,Y,2015,131
2015-05-12,,,8.9,Y,8.9,Hoburg A 68560,Y,2015,132
2015-05-13,,,8.6,Y,8.6,Hoburg A 68560,Y,2015,133
2015-05-14,,,8.9,Y,8.9,Hoburg A 68560,Y,2015,134
2015-05-15,,,7.9,Y,7.9,Hoburg A 68560,Y,2015,135
2015-05-16,,,8.3,Y,8.3,Hoburg A 68560,Y,2015,136
2015-05-17,,,8.3,Y,8.3,Hoburg A 68560,Y,2015,137
2015-05-18,,,7.9,Y,7.9,Hoburg A 68560,Y,2015,138
2015-05-19,,,8,Y,8,Hoburg A 68560,Y,2015,139
2015-05-20,,,9.6,Y,9.6,Hoburg A 68560,Y,2015,140
2015-05-21,,,9.7,Y,9.7,Hoburg A 68560,Y,2015,141
2015-05-22,,,9.9,Y,9.9,Hoburg A 68560,Y,2015,142
2015-05-23,,,10.1,Y,10.1,Hoburg A 68560,Y,2015,143
2015-05-24,,,9.5,Y,9.5,Hoburg A 68560,Y,2015,144
2015-05-25,,,10.2,Y,10.2,Hoburg A 68560,Y,2015,145
2015-05-26,,,11.2,Y,11.2,Hoburg A 68560,Y,2015,146
2015-05-27,,,10.5,Y,10.5,Hoburg A 68560,Y,2015,147
2015-05-28,,,10.8,Y,10.8,Hoburg A 68560,Y,2015,148
2015-05-29,,,10.4,Y,10.4,Hoburg A 68560,Y,2015,149
2015-05-30,,,9.3,Y,9.3,Hoburg A 68560,Y,2015,150
2015-05-31,,,10,Y,10,Hoburg A 68560,Y,2015,151
2015-06-01,,,10.8,Y,10.8,Hoburg A 68560,Y,2015,152
2015-06-02,,,10.4,Y,10.4,Hoburg A 68560,Y,2015,153
2015-06-03,,,12.2,Y,12.2,Hoburg A 68560,Y,2015,154
2015-06-04,,,11.6,Y,11.6,Hoburg A 68560,Y,2015,155
2015-06-05,,,11.7,Y,11.7,Hoburg A 68560,Y,2015,156
2015-06-06,,,12.4,Y,12.4,Hoburg A 68560,Y,2015,157
2015-06-07,,,12.2,Y,12.2,Hoburg A 68560,Y,2015,158
2015-06-08,,,12.3,Y,12.3,Hoburg A 68560,Y,2015,159
2015-06-09,,,11.6,Y,11.6,Hoburg A 68560,Y,2015,160
2015-06-10,,,12.4,Y,12.4,Hoburg A 68560,Y,2015,161
2015-06-11,,,13.5,Y,13.5,Hoburg A 68560,Y,2015,162
2015-06-12,,,12.8,Y,12.8,Hoburg A 68560,Y,2015,163
2015-06-13,,,14.8,Y,14.8,Hoburg A 68560,Y,2015,164
2015-06-14,,,13.6,Y,13.6,Hoburg A 68560,Y,2015,165
2015-06-15,,,12.1,Y,12.1,Hoburg A 68560,Y,2015,166
2015-06-16,,,12.8,Y,12.8,Hoburg A 68560,Y,2015,167
2015-06-17,,,12.3,Y,12.3,Hoburg A 68560,Y,2015,168
2015-06-18,,,12.2,Y,12.2,Hoburg A 68560,Y,2015,169
2015-06-19,,,12.3,Y,12.3,Hoburg A 68560,Y,2015,170
2015-06-20,,,13,Y,13,Hoburg A 68560,Y,2015,171
2015-06-21,,,13.5,Y,13.5,Hoburg A 68560,Y,2015,172
2015-06-22,,,13.7,Y,13.7,Hoburg A 68560,Y,2015,173
2015-06-23,,,13.5,Y,13.5,Hoburg A 68560,Y,2015,174
2015-06-24,,,13.9,Y,13.9,Hoburg A 68560,Y,2015,175
2015-06-25,,,13.4,Y,13.4,Hoburg A 68560,Y,2015,176
2015-06-26,,,13.1,Y,13.1,Hoburg A 68560,Y,2015,177
2015-06-27,,,15.2,Y,15.2,Hoburg A 68560,Y,2015,178
2015-06-28,,,15.6,Y,15.6,Hoburg A 68560,Y,2015,179
2015-06-29,,,15.7,Y,15.7,Hoburg A 68560,Y,2015,180
2015-06-30,,,16.6,Y,16.6,Hoburg A 68560,Y,2015,181
2015-07-01,,,17.1,Y,17.1,Hoburg A 68560,Y,2015,182
2015-07-02,,,18.1,Y,18.1,Hoburg A 68560,Y,2015,183
2015-07-03,,,18.7,Y,18.7,Hoburg A 68560,Y,2015,184
2015-07-04,,,20.7,Y,20.7,Hoburg A 68560,Y,2015,185
2015-07-05,,,21.7,Y,21.7,Hoburg A 68560,Y,2015,186
2015-07-06,,,18.3,Y,18.3,Hoburg A 68560,Y,2015,187
2015-07-07,,,16.4,Y,16.4,Hoburg A 68560,Y,2015,188
2015-07-08,,,16.4,Y,16.4,Hoburg A 68560,Y,2015,189
2015-07-09,,,14.2,Y,14.2,Hoburg A 68560,Y,2015,190
2015-07-10,,,12.5,Y,12.5,Hoburg A 68560,Y,2015,191
2015-07-11,,,15.5,Y,15.5,Hoburg A 68560,Y,2015,192
2015-07-12,,,15.5,Y,15.5,Hoburg A 68560,Y,2015,193
2015-07-13,,,16.5,Y,16.5,Hoburg A 68560,Y,2015,194
2015-07-14,,,14.7,Y,14.7,Hoburg A 68560,Y,2015,195
2015-07-15,,,15.6,Y,15.6,Hoburg A 68560,Y,2015,196
2015-07-16,,,15.9,Y,15.9,Hoburg A 68560,Y,2015,197
2015-07-17,,,15.2,Y,15.2,Hoburg A 68560,Y,2015,198
2015-07-18,,,15.3,Y,15.3,Hoburg A 68560,Y,2015,199
2015-07-19,,,15.2,Y,15.2,Hoburg A 68560,Y,2015,200
2015-07-20,,,15.5,Y,15.5,Hoburg A 68560,Y,2015,201
2015-07-21,,,15.5,Y,15.5,Hoburg A 68560,Y,2015,202
2015-07-22,,,16.4,Y,16.4,Hoburg A 68560,Y,2015,203
2015-07-23,,,16.9,Y,16.9,Hoburg A 68560,Y,2015,204
2015-07-24,,,15.8,Y,15.8,Hoburg A 68560,Y,2015,205
2015-07-25,,,15.2,Y,15.2,Hoburg A 68560,Y,2015,206
2015-07-26,,,15.9,Y,15.9,Hoburg A 68560,Y,2015,207
2015-07-27,,,14.6,Y,14.6,Hoburg A 68560,Y,2015,208
2015-07-28,,,15.7,Y,15.7,Hoburg A 68560,Y,2015,209
2015-07-29,,,15.5,Y,15.5,Hoburg A 68560,Y,2015,210
2015-07-30,,,15,Y,15,Hoburg A 68560,Y,2015,211
2015-07-31,,,16,Y,16,Hoburg A 68560,Y,2015,212
2015-08-01,,,15,Y,15,Hoburg A 68560,Y,2015,213
2015-08-02,,,16,Y,16,Hoburg A 68560,Y,2015,214
2015-08-03,,,17.3,Y,17.3,Hoburg A 68560,Y,2015,215
2015-08-04,,,17.2,Y,17.2,Hoburg A 68560,Y,2015,216
2015-08-05,,,19.1,Y,19.1,Hoburg A 68560,Y,2015,217
2015-08-06,,,18.3,Y,18.3,Hoburg A 68560,Y,2015,218
2015-08-07,,,18.2,Y,18.2,Hoburg A 68560,Y,2015,219
2015-08-08,,,19.4,Y,19.4,Hoburg A 68560,Y,2015,220
2015-08-09,,,18.1,Y,18.1,Hoburg A 68560,Y,2015,221
2015-08-10,,,18.5,Y,18.5,Hoburg A 68560,Y,2015,222
2015-08-11,,,18.5,Y,18.5,Hoburg A 68560,Y,2015,223
2015-08-12,,,18.8,Y,18.8,Hoburg A 68560,Y,2015,224
2015-08-13,,,17.8,Y,17.8,Hoburg A 68560,Y,2015,225
2015-08-14,,,16.6,Y,16.6,Hoburg A 68560,Y,2015,226
2015-08-15,,,18.8,Y,18.8,Hoburg A 68560,Y,2015,227
2015-08-16,,,19.5,Y,19.5,Hoburg A 68560,Y,2015,228
2015-08-17,,,17.6,Y,17.6,Hoburg A 68560,Y,2015,229
2015-08-18,,,18,Y,18,Hoburg A 68560,Y,2015,230
2015-08-19,,,17.4,Y,17.4,Hoburg A 68560,Y,2015,231
2015-08-20,,,17.2,Y,17.2,Hoburg A 68560,Y,2015,232
2015-08-21,,,17.8,Y,17.8,Hoburg A 68560,Y,2015,233
2015-08-22,,,17.9,Y,17.9,Hoburg A 68560,Y,2015,234
2015-08-23,,,18.9,Y,18.9,Hoburg A 68560,Y,2015,235
2015-08-24,,,20,Y,20,Hoburg A 68560,Y,2015,236
2015-08-25,,,19,Y,19,Hoburg A 68560,Y,2015,237
2015-08-26,,,18,Y,18,Hoburg A 68560,Y,2015,238
2015-08-27,,,18.9,Y,18.9,Hoburg A 68560,Y,2015,239
2015-08-28,,,17,Y,17,Hoburg A 68560,Y,2015,240
2015-08-29,,,17.4,Y,17.4,Hoburg A 68560,Y,2015,241
2015-08-30,,,17.5,Y,17.5,Hoburg A 68560,Y,2015,242
2015-08-31,,,16.8,Y,16.8,Hoburg A 68560,Y,2015,243
2015-09-01,,,18.3,Y,18.3,Hoburg A 68560,Y,2015,244
2015-09-02,,,17.6,Y,17.6,Hoburg A 68560,Y,2015,245
2015-09-03,,,16.3,Y,16.3,Hoburg A 68560,Y,2015,246
2015-09-04,,,15.3,Y,15.3,Hoburg A 68560,Y,2015,247
2015-09-05,,,14,Y,14,Hoburg A 68560,Y,2015,248
2015-09-06,,,14.3,Y,14.3,Hoburg A 68560,Y,2015,249
2015-09-07,,,13.1,Y,13.1,Hoburg A 68560,Y,2015,250
2015-09-08,,,13,Y,13,Hoburg A 68560,Y,2015,251
2015-09-09,,,13.7,Y,13.7,Hoburg A 68560,Y,2015,252
2015-09-10,,,13.6,Y,13.6,Hoburg A 68560,Y,2015,253
2015-09-11,,,15.6,Y,15.6,Hoburg A 68560,Y,2015,254
2015-09-12,,,15.8,Y,15.8,Hoburg A 68560,Y,2015,255
2015-09-13,,,15.6,Y,15.6,Hoburg A 68560,Y,2015,256
2015-09-14,,,15.8,Y,15.8,Hoburg A 68560,Y,2015,257
2015-09-15,,,15.5,Y,15.5,Hoburg A 68560,Y,2015,258
2015-09-16,,,15.6,Y,15.6,Hoburg A 68560,Y,2015,259
2015-09-17,,,17.1,Y,17.1,Hoburg A 68560,Y,2015,260
2015-09-18,,,15.5,Y,15.5,Hoburg A 68560,Y,2015,261
2015-09-19,,,15.4,Y,15.4,Hoburg A 68560,Y,2015,262
2015-09-20,,,13.7,Y,13.7,Hoburg A 68560,Y,2015,263
2015-09-21,,,12.4,Y,12.4,Hoburg A 68560,Y,2015,264
2015-09-22,,,13.7,Y,13.7,Hoburg A 68560,Y,2015,265
2015-09-23,,,15.2,Y,15.2,Hoburg A 68560,Y,2015,266
2015-09-24,,,14.8,Y,14.8,Hoburg A 68560,Y,2015,267
2015-09-25,,,14.7,Y,14.7,Hoburg A 68560,Y,2015,268
2015-09-26,,,13.2,Y,13.2,Hoburg A 68560,Y,2015,269
2015-09-27,,,13.9,Y,13.9,Hoburg A 68560,Y,2015,270
2015-09-28,,,12.3,Y,12.3,Hoburg A 68560,Y,2015,271
2015-09-29,,,11.5,Y,11.5,Hoburg A 68560,Y,2015,272
2015-09-30,,,13.1,Y,13.1,Hoburg A 68560,Y,2015,273
2015-10-01,,,12.9,Y,12.9,Hoburg A 68560,Y,2015,274
2015-10-02,,,14.1,Y,14.1,Hoburg A 68560,Y,2015,275
2015-10-03,,,12.6,Y,12.6,Hoburg A 68560,Y,2015,276
2015-10-04,,,12.4,Y,12.4,Hoburg A 68560,Y,2015,277
2015-10-05,,,11.8,Y,11.8,Hoburg A 68560,Y,2015,278
2015-10-06,,,10,Y,10,Hoburg A 68560,Y,2015,279
2015-10-07,,,7.8,Y,7.8,Hoburg A 68560,Y,2015,280
2015-10-08,,,7.9,Y,7.9,Hoburg A 68560,Y,2015,281
2015-10-09,,,6.9,Y,6.9,Hoburg A 68560,Y,2015,282
2015-10-10,,,7.1,Y,7.1,Hoburg A 68560,Y,2015,283
2015-10-11,,,7.2,Y,7.2,Hoburg A 68560,Y,2015,284
2015-10-12,,,7.9,Y,7.9,Hoburg A 68560,Y,2015,285
2015-10-13,,,8.9,Y,8.9,Hoburg A 68560,Y,2015,286
2015-10-14,,,9.1,Y,9.1,Hoburg A 68560,Y,2015,287
2015-10-15,,,10,Y,10,Hoburg A 68560,Y,2015,288
2015-10-16,,,9.4,Y,9.4,Hoburg A 68560,Y,2015,289
2015-10-17,,,10.1,Y,10.1,Hoburg A 68560,Y,2015,290
2015-10-18,,,9.5,Y,9.5,Hoburg A 68560,Y,2015,291
2015-10-19,,,10.6,Y,10.6,Hoburg A 68560,Y,2015,292
2015-10-20,,,8.6,Y,8.6,Hoburg A 68560,Y,2015,293
2015-10-21,,,8.8,Y,8.8,Hoburg A 68560,Y,2015,294
2015-10-22,,,10.9,Y,10.9,Hoburg A 68560,Y,2015,295
2015-10-23,,,12,Y,12,Hoburg A 68560,Y,2015,296
2015-10-24,,,9.9,Y,9.9,Hoburg A 68560,Y,2015,297
2015-10-25,,,10.7,Y,10.7,Hoburg A 68560,Y,2015,298
2015-10-26,,,9.3,Y,9.3,Hoburg A 68560,Y,2015,299
2015-10-27,,,9.2,Y,9.2,Hoburg A 68560,Y,2015,300
2015-10-28,,,8.3,Y,8.3,Hoburg A 68560,Y,2015,301
2015-10-29,,,8.3,Y,8.3,Hoburg A 68560,Y,2015,302
2015-10-30,,,6.4,Y,6.4,Hoburg A 68560,Y,2015,303
2015-10-31,,,9.5,Y,9.5,Hoburg A 68560,Y,2015,304
2015-11-01,,,10.2,Y,10.2,Hoburg A 68560,Y,2015,305
2015-11-02,,,10.6,Y,10.6,Hoburg A 68560,Y,2015,306
2015-11-03,,,9,Y,9,Hoburg A 68560,Y,2015,307
2015-11-04,,,7.8,Y,7.8,Hoburg A 68560,Y,2015,308
2015-11-05,,,9.1,Y,9.1,Hoburg A 68560,Y,2015,309
2015-11-06,,,9.2,Y,9.2,Hoburg A 68560,Y,2015,310
2015-11-07,,,10,Y,10,Hoburg A 68560,Y,2015,311
2015-11-08,,,9.5,Y,9.5,Hoburg A 68560,Y,2015,312
2015-11-09,,,9.9,Y,9.9,Hoburg A 68560,Y,2015,313
2015-11-10,,,10.2,Y,10.2,Hoburg A 68560,Y,2015,314
2015-11-11,,,10.5,Y,10.5,Hoburg A 68560,Y,2015,315
2015-11-12,,,9.7,Y,9.7,Hoburg A 68560,Y,2015,316
2015-11-13,,,9.1,Y,9.1,Hoburg A 68560,Y,2015,317
2015-11-14,,,7.4,Y,7.4,Hoburg A 68560,Y,2015,318
2015-11-15,,,6.7,Y,6.7,Hoburg A 68560,Y,2015,319
2015-11-16,,,7.4,Y,7.4,Hoburg A 68560,Y,2015,320
2015-11-17,,,8.3,Y,8.3,Hoburg A 68560,Y,2015,321
2015-11-18,,,8.2,Y,8.2,Hoburg A 68560,Y,2015,322
2015-11-19,,,8.6,Y,8.6,Hoburg A 68560,Y,2015,323
2015-11-20,,,3.8,Y,3.8,Hoburg A 68560,Y,2015,324
2015-11-21,,,0.1,Y,0.1,Hoburg A 68560,Y,2015,325
2015-11-22,,,1.2,Y,1.2,Hoburg A 68560,Y,2015,326
2015-11-23,,,1.7,Y,1.7,Hoburg A 68560,Y,2015,327
2015-11-24,,,5.4,Y,5.4,Hoburg A 68560,Y,2015,328
2015-11-25,,,4.7,Y,4.7,Hoburg A 68560,Y,2015,329
2015-11-26,,,5.2,Y,5.2,Hoburg A 68560,Y,2015,330
2015-11-27,,,6.8,Y,6.8,Hoburg A 68560,Y,2015,331
2015-11-28,,,5.2,Y,5.2,Hoburg A 68560,Y,2015,332
2015-11-29,,,6.5,Y,6.5,Hoburg A 68560,Y,2015,333
2015-11-30,,,6.1,Y,6.1,Hoburg A 68560,Y,2015,334
2015-12-01,,,5.1,Y,5.1,Hoburg A 68560,Y,2015,335
2015-12-02,,,5.2,Y,5.2,Hoburg A 68560,Y,2015,336
2015-12-03,,,8.1,Y,8.1,Hoburg A 68560,Y,2015,337
2015-12-04,,,7.7,Y,7.7,Hoburg A 68560,Y,2015,338
2015-12-05,,,8,Y,8,Hoburg A 68560,Y,2015,339
2015-12-06,,,8.2,Y,8.2,Hoburg A 68560,Y,2015,340
2015-12-07,,,7.4,Y,7.4,Hoburg A 68560,Y,2015,341
2015-12-08,,,5.2,Y,5.2,Hoburg A 68560,Y,2015,342
2015-12-09,,,7.1,Y,7.1,Hoburg A 68560,Y,2015,343
2015-12-10,,,6.7,Y,6.7,Hoburg A 68560,Y,2015,344
2015-12-11,,,6,Y,6,Hoburg A 68560,Y,2015,345
2015-12-12,,,4.8,Y,4.8,Hoburg A 68560,Y,2015,346
2015-12-13,,,2.4,Y,2.4,Hoburg A 68560,Y,2015,347
2015-12-14,,,2.2,Y,2.2,Hoburg A 68560,Y,2015,348
2015-12-15,,,3,Y,3,Hoburg A 68560,Y,2015,349
2015-12-16,,,2.8,Y,2.8,Hoburg A 68560,Y,2015,350
2015-12-17,,,5.2,Y,5.2,Hoburg A 68560,Y,2015,351
2015-12-18,,,7.2,Y,7.2,Hoburg A 68560,Y,2015,352
2015-12-19,,,7.2,Y,7.2,Hoburg A 68560,Y,2015,353
2015-12-20,,,7.6,Y,7.6,Hoburg A 68560,Y,2015,354
2015-12-21,,,7.2,Y,7.2,Hoburg A 68560,Y,2015,355
2015-12-22,,,6.8,Y,6.8,Hoburg A 68560,Y,2015,356
2015-12-23,,,7.7,Y,7.7,Hoburg A 68560,Y,2015,357
2015-12-24,,,6.2,Y,6.2,Hoburg A 68560,Y,2015,358
2015-12-25,,,6.6,Y,6.6,Hoburg A 68560,Y,2015,359
2015-12-26,,,4.2,Y,4.2,Hoburg A 68560,Y,2015,360
2015-12-27,,,1.1,Y,1.1,Hoburg A 68560,Y,2015,361
2015-12-28,,,1.6,Y,1.6,Hoburg A 68560,Y,2015,362
2015-12-29,,,2,Y,2,Hoburg A 68560,Y,2015,363
2015-12-30,,,1.5,Y,1.5,Hoburg A 68560,Y,2015,364
2015-12-31,,,2.6,Y,2.6,Hoburg A 68560,Y,2015,365
2016-01-01,,,0.2,Y,0.2,Hoburg A 68560,Y,2016,1
2016-01-02,,,-4.8,Y,-4.8,Hoburg A 68560,Y,2016,2
2016-01-03,,,-4.8,Y,-4.8,Hoburg A 68560,Y,2016,3
2016-01-04,,,-2.5,Y,-2.5,Hoburg A 68560,Y,2016,4
2016-01-05,,,-4.9,Y,-4.9,Hoburg A 68560,Y,2016,5
2016-01-06,,,-6.5,Y,-6.5,Hoburg A 68560,Y,2016,6
2016-01-07,,,-4.2,Y,-4.2,Hoburg A 68560,Y,2016,7
2016-01-08,,,-4.1,Y,-4.1,Hoburg A 68560,Y,2016,8
2016-01-09,,,-2.9,Y,-2.9,Hoburg A 68560,Y,2016,9
2016-01-10,,,1,Y,1,Hoburg A 68560,Y,2016,10
2016-01-11,,,2.4,Y,2.4,Hoburg A 68560,Y,2016,11
2016-01-12,,,-0.6,Y,-0.6,Hoburg A 68560,Y,2016,12
2016-01-13,,,-2.8,Y,-2.8,Hoburg A 68560,Y,2016,13
2016-01-14,,,-4.3,Y,-4.3,Hoburg A 68560,Y,2016,14
2016-01-15,,,-6.2,Y,-6.2,Hoburg A 68560,Y,2016,15
2016-01-16,,,-4.1,Y,-4.1,Hoburg A 68560,Y,2016,16
2016-01-17,,,-2.7,Y,-2.7,Hoburg A 68560,Y,2016,17
2016-01-18,,,-1.7,Y,-1.7,Hoburg A 68560,Y,2016,18
2016-01-19,,,-0.8,Y,-0.8,Hoburg A 68560,Y,2016,19
2016-01-20,,,-0.9,Y,-0.9,Hoburg A 68560,Y,2016,20
2016-01-21,,,-2.1,Y,-2.1,Hoburg A 68560,Y,2016,21
2016-01-22,,,-3.6,Y,-3.6,Hoburg A 68560,Y,2016,22
2016-01-23,,,-0.3,Y,-0.3,Hoburg A 68560,Y,2016,23
2016-01-24,,,1.2,Y,1.2,Hoburg A 68560,Y,2016,24
2016-01-25,,,2.2,Y,2.2,Hoburg A 68560,Y,2016,25
2016-01-26,,,4,Y,4,Hoburg A 68560,Y,2016,26
2016-01-27,,,4.6,Y,4.6,Hoburg A 68560,Y,2016,27
2016-01-28,,,4.9,Y,4.9,Hoburg A 68560,Y,2016,28
2016-01-29,,,4,Y,4,Hoburg A 68560,Y,2016,29
2016-01-30,,,4.4,Y,4.4,Hoburg A 68560,Y,2016,30
2016-01-31,,,2.9,Y,2.9,Hoburg A 68560,Y,2016,31
2016-02-01,,,2,Y,2,Hoburg A 68560,Y,2016,32
2016-02-02,,,4.2,Y,4.2,Hoburg A 68560,Y,2016,33
2016-02-03,,,3.2,Y,3.2,Hoburg A 68560,Y,2016,34
2016-02-04,,,1.9,Y,1.9,Hoburg A 68560,Y,2016,35
2016-02-05,,,1.4,Y,1.4,Hoburg A 68560,Y,2016,36
2016-02-06,,,3.4,Y,3.4,Hoburg A 68560,Y,2016,37
2016-02-07,,,4.5,Y,4.5,Hoburg A 68560,Y,2016,38
2016-02-08,,,4.5,Y,4.5,Hoburg A 68560,Y,2016,39
2016-02-09,,,4.2,Y,4.2,Hoburg A 68560,Y,2016,40
2016-02-10,,,4.2,Y,4.2,Hoburg A 68560,Y,2016,41
2016-02-11,,,2.1,Y,2.1,Hoburg A 68560,Y,2016,42
2016-02-12,,,0.6,Y,0.6,Hoburg A 68560,Y,2016,43
2016-02-13,,,1,Y,1,Hoburg A 68560,Y,2016,44
2016-02-14,,,1.7,Y,1.7,Hoburg A 68560,Y,2016,45
2016-02-15,,,0.5,Y,0.5,Hoburg A 68560,Y,2016,46
2016-02-16,,,-0.1,Y,-0.1,Hoburg A 68560,Y,2016,47
2016-02-17,,,0.8,Y,0.8,Hoburg A 68560,Y,2016,48
2016-02-18,,,2.5,Y,2.5,Hoburg A 68560,Y,2016,49
2016-02-19,,,1,Y,1,Hoburg A 68560,Y,2016,50
2016-02-20,,,1.6,Y,1.6,Hoburg A 68560,Y,2016,51
2016-02-21,,,3.2,Y,3.2,Hoburg A 68560,Y,2016,52
2016-02-22,,,3,Y,3,Hoburg A 68560,Y,2016,53
2016-02-23,,,2.1,Y,2.1,Hoburg A 68560,Y,2016,54
2016-02-24,,,1.4,Y,1.4,Hoburg A 68560,Y,2016,55
2016-02-25,,,1.5,Y,1.5,Hoburg A 68560,Y,2016,56
2016-02-26,,,1.5,Y,1.5,Hoburg A 68560,Y,2016,57
2016-02-27,,,2,Y,2,Hoburg A 68560,Y,2016,58
2016-02-28,,,0,Y,0,Hoburg A 68560,Y,2016,59
2016-02-29,,,0.1,Y,0.1,Hoburg A 68560,Y,2016,60
2016-03-01,,,0.9,Y,0.9,Hoburg A 68560,Y,2016,61
2016-03-02,,,2.5,Y,2.5,Hoburg A 68560,Y,2016,62
2016-03-03,,,2.7,Y,2.7,Hoburg A 68560,Y,2016,63
2016-03-04,,,2.8,Y,2.8,Hoburg A 68560,Y,2016,64
2016-03-05,,,1.8,Y,1.8,Hoburg A 68560,Y,2016,65
2016-03-06,,,2.2,Y,2.2,Hoburg A 68560,Y,2016,66
2016-03-07,,,3,Y,3,Hoburg A 68560,Y,2016,67
2016-03-08,,,2.1,Y,2.1,Hoburg A 68560,Y,2016,68
2016-03-09,,,3.1,Y,3.1,Hoburg A 68560,Y,2016,69
2016-03-10,,,2.2,Y,2.2,Hoburg A 68560,Y,2016,70
2016-03-11,,,0.6,Y,0.6,Hoburg A 68560,Y,2016,71
2016-03-12,,,-0.5,Y,-0.5,Hoburg A 68560,Y,2016,72
2016-03-13,,,0.2,Y,0.2,Hoburg A 68560,Y,2016,73
2016-03-14,,,3,Y,3,Hoburg A 68560,Y,2016,74
2016-03-15,,,1.8,Y,1.8,Hoburg A 68560,Y,2016,75
2016-03-16,,,3.1,Y,3.1,Hoburg A 68560,Y,2016,76
2016-03-17,,,3.6,Y,3.6,Hoburg A 68560,Y,2016,77
2016-03-18,,,2.6,Y,2.6,Hoburg A 68560,Y,2016,78
2016-03-19,,,3.3,Y,3.3,Hoburg A 68560,Y,2016,79
2016-03-20,,,3.8,Y,3.8,Hoburg A 68560,Y,2016,80
2016-03-21,,,3.9,Y,3.9,Hoburg A 68560,Y,2016,81
2016-03-22,,,2.1,Y,2.1,Hoburg A 68560,Y,2016,82
2016-03-23,,,2.8,Y,2.8,Hoburg A 68560,Y,2016,83
2016-03-24,,,2.4,Y,2.4,Hoburg A 68560,Y,2016,84
2016-03-25,,,3.8,Y,3.8,Hoburg A 68560,Y,2016,85
2016-03-26,,,4.9,Y,4.9,Hoburg A 68560,Y,2016,86
2016-03-27,,,4,Y,4,Hoburg A 68560,Y,2016,87
2016-03-28,,,4.9,Y,4.9,Hoburg A 68560,Y,2016,88
2016-03-29,,,4.3,Y,4.3,Hoburg A 68560,Y,2016,89
2016-03-30,,,4.1,Y,4.1,Hoburg A 68560,Y,2016,90
2016-03-31,,,4.6,Y,4.6,Hoburg A 68560,Y,2016,91
2016-04-01,,,2.6,Y,2.6,Hoburg A 68560,Y,2016,92
2016-04-02,,,4.1,Y,4.1,Hoburg A 68560,Y,2016,93
2016-04-03,,,5.5,Y,5.5,Hoburg A 68560,Y,2016,94
2016-04-04,,,6.5,Y,6.5,Hoburg A 68560,Y,2016,95
2016-04-05,,,7.2,Y,7.2,Hoburg A 68560,Y,2016,96
2016-04-06,,,5.9,Y,5.9,Hoburg A 68560,Y,2016,97
2016-04-07,,,5.7,Y,5.7,Hoburg A 68560,Y,2016,98
2016-04-08,,,5.4,Y,5.4,Hoburg A 68560,Y,2016,99
2016-04-09,,,5,Y,5,Hoburg A 68560,Y,2016,100
2016-04-10,,,5.7,Y,5.7,Hoburg A 68560,Y,2016,101
2016-04-11,,,6.7,Y,6.7,Hoburg A 68560,Y,2016,102
2016-04-12,,,7,Y,7,Hoburg A 68560,Y,2016,103
2016-04-13,,,7.8,Y,7.8,Hoburg A 68560,Y,2016,104
2016-04-14,,,5.9,Y,5.9,Hoburg A 68560,Y,2016,105
2016-04-15,,,4.8,Y,4.8,Hoburg A 68560,Y,2016,106
2016-04-16,,,6.2,Y,6.2,Hoburg A 68560,Y,2016,107
2016-04-17,,,6.1,Y,6.1,Hoburg A 68560,Y,2016,108
2016-04-18,,,6.4,Y,6.4,Hoburg A 68560,Y,2016,109
2016-04-19,,,5.7,Y,5.7,Hoburg A 68560,Y,2016,110
2016-04-20,,,5.9,Y,5.9,Hoburg A 68560,Y,2016,111
2016-04-21,,,7,Y,7,Hoburg A 68560,Y,2016,112
2016-04-22,,,5.7,Y,5.7,Hoburg A 68560,Y,2016,113
2016-04-23,,,5.3,Y,5.3,Hoburg A 68560,Y,2016,114
2016-04-24,,,3.4,Y,3.4,Hoburg A 68560,Y,2016,115
2016-04-25,,,4.2,Y,4.2,Hoburg A 68560,Y,2016,116
2016-04-26,,,5.4,Y,5.4,Hoburg A 68560,Y,2016,117
2016-04-27,,,4.8,Y,4.8,Hoburg A 68560,Y,2016,118
2016-04-28,,,5.1,Y,5.1,Hoburg A 68560,Y,2016,119
2016-04-29,,,6.5,Y,6.5,Hoburg A 68560,Y,2016,120
2016-04-30,,,7.2,Y,7.2,Hoburg A 68560,Y,2016,121
2016-05-01,,,8.5,Y,8.5,Hoburg A 68560,Y,2016,122
2016-05-02,,,9.2,Y,9.2,Hoburg A 68560,Y,2016,123
2016-05-03,,,9.7,Y,9.7,Hoburg A 68560,Y,2016,124
2016-05-04,,,10.7,Y,10.7,Hoburg A 68560,Y,2016,125
2016-05-05,,,11.2,Y,11.2,Hoburg A 68560,Y,2016,126
2016-05-06,,,11.7,Y,11.7,Hoburg A 68560,Y,2016,127
2016-05-07,,,13.2,Y,13.2,Hoburg A 68560,Y,2016,128
2016-05-08,,,14.7,Y,14.7,Hoburg A 68560,Y,2016,129
2016-05-09,,,16.6,Y,16.6,Hoburg A 68560,Y,2016,130
2016-05-10,,,17.1,Y,17.1,Hoburg A 68560,Y,2016,131
2016-05-11,,,10.7,Y,10.7,Hoburg A 68560,Y,2016,132
2016-05-12,,,10.4,Y,10.4,Hoburg A 68560,Y,2016,133
2016-05-13,,,10.2,Y,10.2,Hoburg A 68560,Y,2016,134
2016-05-14,,,8.7,Y,8.7,Hoburg A 68560,Y,2016,135
2016-05-15,,,6.9,Y,6.9,Hoburg A 68560,Y,2016,136
2016-05-16,,,7.8,Y,7.8,Hoburg A 68560,Y,2016,137
2016-05-17,,,8.7,Y,8.7,Hoburg A 68560,Y,2016,138
2016-05-18,,,10,Y,10,Hoburg A 68560,Y,2016,139
2016-05-19,,,11.4,Y,11.4,Hoburg A 68560,Y,2016,140
2016-05-20,,,11.9,Y,11.9,Hoburg A 68560,Y,2016,141
2016-05-21,,,12.8,Y,12.8,Hoburg A 68560,Y,2016,142
2016-05-22,,,15,Y,15,Hoburg A 68560,Y,2016,143
2016-05-23,,,16.1,Y,16.1,Hoburg A 68560,Y,2016,144
2016-05-24,,,15.8,Y,15.8,Hoburg A 68560,Y,2016,145
2016-05-25,,,12,Y,12,Hoburg A 68560,Y,2016,146
2016-05-26,,,12.6,Y,12.6,Hoburg A 68560,Y,2016,147
2016-05-27,,,12.2,Y,12.2,Hoburg A 68560,Y,2016,148
2016-05-28,,,13.8,Y,13.8,Hoburg A 68560,Y,2016,149
2016-05-29,,,15.5,Y,15.5,Hoburg A 68560,Y,2016,150
2016-05-30,,,18.3,Y,18.3,Hoburg A 68560,Y,2016,151
2016-05-31,,,19.2,Y,19.2,Hoburg A 68560,Y,2016,152
2016-06-01,,,19.6,Y,19.6,Hoburg A 68560,Y,2016,153
2016-06-02,,,20,Y,20,Hoburg A 68560,Y,2016,154
2016-06-03,,,17.5,Y,17.5,Hoburg A 68560,Y,2016,155
2016-06-04,,,14.4,Y,14.4,Hoburg A 68560,Y,2016,156
2016-06-05,,,12.9,Y,12.9,Hoburg A 68560,Y,2016,157
2016-06-06,,,11.8,Y,11.8,Hoburg A 68560,Y,2016,158
2016-06-07,,,16,Y,16,Hoburg A 68560,Y,2016,159
2016-06-08,,,12.5,Y,12.5,Hoburg A 68560,Y,2016,160
2016-06-09,,,11.1,Y,11.1,Hoburg A 68560,Y,2016,161
2016-06-10,,,10.2,Y,10.2,Hoburg A 68560,Y,2016,162
2016-06-11,,,11,Y,11,Hoburg A 68560,Y,2016,163
2016-06-12,,,12,Y,12,Hoburg A 68560,Y,2016,164
2016-06-13,,,13,Y,13,Hoburg A 68560,Y,2016,165
2016-06-14,,,14.3,Y,14.3,Hoburg A 68560,Y,2016,166
2016-06-15,,,17.4,Y,17.4,Hoburg A 68560,Y,2016,167
2016-06-16,,,14.2,Y,14.2,Hoburg A 68560,Y,2016,168
2016-06-17,,,14.1,Y,14.1,Hoburg A 68560,Y,2016,169
2016-06-18,,,14.8,Y,14.8,Hoburg A 68560,Y,2016,170
2016-06-19,,,15.4,Y,15.4,Hoburg A 68560,Y,2016,171
2016-06-20,,,15.1,Y,15.1,Hoburg A 68560,Y,2016,172
2016-06-21,,,15.1,Y,15.1,Hoburg A 68560,Y,2016,173
2016-06-22,,,17,Y,17,Hoburg A 68560,Y,2016,174
2016-06-23,,,18.6,Y,18.6,Hoburg A 68560,Y,2016,175
2016-06-24,,,19.3,Y,19.3,Hoburg A 68560,Y,2016,176
2016-06-25,,,22.3,Y,22.3,Hoburg A 68560,Y,2016,177
2016-06-26,,,19.6,Y,19.6,Hoburg A 68560,Y,2016,178
2016-06-27,,,18,Y,18,Hoburg A 68560,Y,2016,179
2016-06-28,,,17.4,Y,17.4,Hoburg A 68560,Y,2016,180
2016-06-29,,,17.1,Y,17.1,Hoburg A 68560,Y,2016,181
2016-06-30,,,17.4,Y,17.4,Hoburg A 68560,Y,2016,182
2016-07-01,,,19,Y,19,Hoburg A 68560,Y,2016,183
2016-07-02,,,18.6,Y,18.6,Hoburg A 68560,Y,2016,184
2016-07-03,,,16.5,Y,16.5,Hoburg A 68560,Y,2016,185
2016-07-04,,,16.1,Y,16.1,Hoburg A 68560,Y,2016,186
2016-07-05,,,16.8,Y,16.8,Hoburg A 68560,Y,2016,187
2016-07-06,,,15.6,Y,15.6,Hoburg A 68560,Y,2016,188
2016-07-07,,,17.3,Y,17.3,Hoburg A 68560,Y,2016,189
2016-07-08,,,16.9,Y,16.9,Hoburg A 68560,Y,2016,190
2016-07-09,,,17.8,Y,17.8,Hoburg A 68560,Y,2016,191
2016-07-10,,,16.6,Y,16.6,Hoburg A 68560,Y,2016,192
2016-07-11,,,18.2,Y,18.2,Hoburg A 68560,Y,2016,193
2016-07-12,,,18,Y,18,Hoburg A 68560,Y,2016,194
2016-07-13,,,17.4,Y,17.4,Hoburg A 68560,Y,2016,195
2016-07-14,,,16.7,Y,16.7,Hoburg A 68560,Y,2016,196
2016-07-15,,,15.7,Y,15.7,Hoburg A 68560,Y,2016,197
2016-07-16,,,16.6,Y,16.6,Hoburg A 68560,Y,2016,198
2016-07-17,,,17.4,Y,17.4,Hoburg A 68560,Y,2016,199
2016-07-18,,,16.9,Y,16.9,Hoburg A 68560,Y,2016,200
2016-07-19,,,17.8,Y,17.8,Hoburg A 68560,Y,2016,201
2016-07-20,,,19.2,Y,19.2,Hoburg A 68560,Y,2016,202
2016-07-21,,,18,Y,18,Hoburg A 68560,Y,2016,203
2016-07-22,,,18.4,Y,18.4,Hoburg A 68560,Y,2016,204
2016-07-23,,,18.6,Y,18.6,Hoburg A 68560,Y,2016,205
2016-07-24,,,19.4,Y,19.4,Hoburg A 68560,Y,2016,206
2016-07-25,,,19.9,Y,19.9,Hoburg A 68560,Y,2016,207
2016-07-26,,,20.6,Y,20.6,Hoburg A 68560,Y,2016,208
2016-07-27,,,20,Y,20,Hoburg A 68560,Y,2016,209
2016-07-28,,,18.7,Y,18.7,Hoburg A 68560,Y,2016,210
2016-07-29,,,20,Y,20,Hoburg A 68560,Y,2016,211
2016-07-30,,,19.7,Y,19.7,Hoburg A 68560,Y,2016,212
2016-07-31,,,18.4,Y,18.4,Hoburg A 68560,Y,2016,213
2016-08-01,,,18,Y,18,Hoburg A 68560,Y,2016,214
2016-08-02,,,17.6,Y,17.6,Hoburg A 68560,Y,2016,215
2016-08-03,,,18.3,Y,18.3,Hoburg A 68560,Y,2016,216
2016-08-04,,,18.9,Y,18.9,Hoburg A 68560,Y,2016,217
2016-08-05,,,18.5,Y,18.5,Hoburg A 68560,Y,2016,218
2016-08-06,,,18.7,Y,18.7,Hoburg A 68560,Y,2016,219
2016-08-07,,,17.3,Y,17.3,Hoburg A 68560,Y,2016,220
2016-08-08,,,18.7,Y,18.7,Hoburg A 68560,Y,2016,221
2016-08-09,,,15.7,Y,15.7,Hoburg A 68560,Y,2016,222
2016-08-10,,,14.5,Y,14.5,Hoburg A 68560,Y,2016,223
2016-08-11,,,14,Y,14,Hoburg A 68560,Y,2016,224
2016-08-12,,,14.8,Y,14.8,Hoburg A 68560,Y,2016,225
2016-08-13,,,16.4,Y,16.4,Hoburg A 68560,Y,2016,226
2016-08-14,,,16.4,Y,16.4,Hoburg A 68560,Y,2016,227
2016-08-15,,,16.1,Y,16.1,Hoburg A 68560,Y,2016,228
2016-08-16,,,15.8,Y,15.8,Hoburg A 68560,Y,2016,229
2016-08-17,,,13.5,Y,13.5,Hoburg A 68560,Y,2016,230
2016-08-18,,,14.6,Y,14.6,Hoburg A 68560,Y,2016,231
2016-08-19,,,15.8,Y,15.8,Hoburg A 68560,Y,2016,232
2016-08-20,,,16.8,Y,16.8,Hoburg A 68560,Y,2016,233
2016-08-21,,,17,Y,17,Hoburg A 68560,Y,2016,234
2016-08-22,,,16.5,Y,16.5,Hoburg A 68560,Y,2016,235
2016-08-23,,,16,Y,16,Hoburg A 68560,Y,2016,236
2016-08-24,,,16.8,Y,16.8,Hoburg A 68560,Y,2016,237
2016-08-25,,,18,Y,18,Hoburg A 68560,Y,2016,238
2016-08-26,,,19.3,Y,19.3,Hoburg A 68560,Y,2016,239
2016-08-27,,,17.9,Y,17.9,Hoburg A 68560,Y,2016,240
2016-08-28,,,15.9,Y,15.9,Hoburg A 68560,Y,2016,241
2016-08-29,,,17.6,Y,17.6,Hoburg A 68560,Y,2016,242
2016-08-30,,,15.8,Y,15.8,Hoburg A 68560,Y,2016,243
2016-08-31,,,16.9,Y,16.9,Hoburg A 68560,Y,2016,244
2016-09-01,,,17.7,Y,17.7,Hoburg A 68560,Y,2016,245
2016-09-02,,,16.7,Y,16.7,Hoburg A 68560,Y,2016,246
2016-09-03,,,16.2,Y,16.2,Hoburg A 68560,Y,2016,247
2016-09-04,,,15.3,Y,15.3,Hoburg A 68560,Y,2016,248
2016-09-05,,,15,Y,15,Hoburg A 68560,Y,2016,249
2016-09-06,,,15.7,Y,15.7,Hoburg A 68560,Y,2016,250
2016-09-07,,,18,Y,18,Hoburg A 68560,Y,2016,251
2016-09-08,,,18.1,Y,18.1,Hoburg A 68560,Y,2016,252
2016-09-09,,,16.6,Y,16.6,Hoburg A 68560,Y,2016,253
2016-09-10,,,15.8,Y,15.8,Hoburg A 68560,Y,2016,254
2016-09-11,,,17.1,Y,17.1,Hoburg A 68560,Y,2016,255
2016-09-12,,,15.7,Y,15.7,Hoburg A 68560,Y,2016,256
2016-09-13,,,16.9,Y,16.9,Hoburg A 68560,Y,2016,257
2016-09-14,,,17.2,Y,17.2,Hoburg A 68560,Y,2016,258
2016-09-15,,,17.4,Y,17.4,Hoburg A 68560,Y,2016,259
2016-09-16,,,14.7,Y,14.7,Hoburg A 68560,Y,2016,260
2016-09-17,,,14.8,Y,14.8,Hoburg A 68560,Y,2016,261
2016-09-18,,,14.1,Y,14.1,Hoburg A 68560,Y,2016,262
2016-09-19,,,13.8,Y,13.8,Hoburg A 68560,Y,2016,263
2016-09-20,,,14.6,Y,14.6,Hoburg A 68560,Y,2016,264
2016-09-21,,,13.7,Y,13.7,Hoburg A 68560,Y,2016,265
2016-09-22,,,13.2,Y,13.2,Hoburg A 68560,Y,2016,266
2016-09-23,,,14,Y,14,Hoburg A 68560,Y,2016,267
2016-09-24,,,13.8,Y,13.8,Hoburg A 68560,Y,2016,268
2016-09-25,,,15.2,Y,15.2,Hoburg A 68560,Y,2016,269
2016-09-26,,,15.7,Y,15.7,Hoburg A 68560,Y,2016,270
2016-09-27,,,15,Y,15,Hoburg A 68560,Y,2016,271
2016-09-28,,,15.7,Y,15.7,Hoburg A 68560,Y,2016,272
2016-09-29,,,15.6,Y,15.6,Hoburg A 68560,Y,2016,273
2016-09-30,,,14.4,Y,14.4,Hoburg A 68560,Y,2016,274
2016-10-01,,,13.8,Y,13.8,Hoburg A 68560,Y,2016,275
2016-10-02,,,12.4,Y,12.4,Hoburg A 68560,Y,2016,276
2016-10-03,,,12.1,Y,12.1,Hoburg A 68560,Y,2016,277
2016-10-04,,,9.6,Y,9.6,Hoburg A 68560,Y,2016,278
2016-10-05,,,9.4,Y,9.4,Hoburg A 68560,Y,2016,279
2016-10-06,,,10.9,Y,10.9,Hoburg A 68560,Y,2016,280
2016-10-07,,,10.1,Y,10.1,Hoburg A 68560,Y,2016,281
2016-10-08,,,7.9,Y,7.9,Hoburg A 68560,Y,2016,282
2016-10-09,,,9.1,Y,9.1,Hoburg A 68560,Y,2016,283
2016-10-10,,,8.4,Y,8.4,Hoburg A 68560,Y,2016,284
2016-10-11,,,8.3,Y,8.3,Hoburg A 68560,Y,2016,285
2016-10-12,,,6.8,Y,6.8,Hoburg A 68560,Y,2016,286
2016-10-13,,,7.1,Y,7.1,Hoburg A 68560,Y,2016,287
2016-10-14,,,6.7,Y,6.7,Hoburg A 68560,Y,2016,288
2016-10-15,,,5.4,Y,5.4,Hoburg A 68560,Y,2016,289
2016-10-16,,,7.3,Y,7.3,Hoburg A 68560,Y,2016,290
2016-10-17,,,8.8,Y,8.8,Hoburg A 68560,Y,2016,291
2016-10-18,,,8.7,Y,8.7,Hoburg A 68560,Y,2016,292
2016-10-19,,,8.9,Y,8.9,Hoburg A 68560,Y,2016,293
2016-10-20,,,8.1,Y,8.1,Hoburg A 68560,Y,2016,294
2016-10-21,,,5.9,Y,5.9,Hoburg A 68560,Y,2016,295
2016-10-22,,,4.8,Y,4.8,Hoburg A 68560,Y,2016,296
2016-10-23,,,7.6,Y,7.6,Hoburg A 68560,Y,2016,297
2016-10-24,,,7.2,Y,7.2,Hoburg A 68560,Y,2016,298
2016-10-25,,,5.7,Y,5.7,Hoburg A 68560,Y,2016,299
2016-10-26,,,6.6,Y,6.6,Hoburg A 68560,Y,2016,300
2016-10-27,,,9.6,Y,9.6,Hoburg A 68560,Y,2016,301
2016-10-28,,,10.6,Y,10.6,Hoburg A 68560,Y,2016,302
2016-10-29,,,8.4,Y,8.4,Hoburg A 68560,Y,2016,303
2016-10-30,,,7.8,Y,7.8,Hoburg A 68560,Y,2016,304
2016-10-31,,,5.8,Y,5.8,Hoburg A 68560,Y,2016,305
2016-11-01,,,7.4,Y,7.4,Hoburg A 68560,Y,2016,306
2016-11-02,,,3.9,Y,3.9,Hoburg A 68560,Y,2016,307
2016-11-03,,,2.5,Y,2.5,Hoburg A 68560,Y,2016,308
2016-11-04,,,2.8,Y,2.8,Hoburg A 68560,Y,2016,309
2016-11-05,,,3.7,Y,3.7,Hoburg A 68560,Y,2016,310
2016-11-06,,,1.6,Y,1.6,Hoburg A 68560,Y,2016,311
2016-11-07,,,0.3,Y,0.3,Hoburg A 68560,Y,2016,312
2016-11-08,,,-0.8,Y,-0.8,Hoburg A 68560,Y,2016,313
2016-11-09,,,2.2,Y,2.2,Hoburg A 68560,Y,2016,314
2016-11-10,,,1.3,Y,1.3,Hoburg A 68560,Y,2016,315
2016-11-11,,,1.1,Y,1.1,Hoburg A 68560,Y,2016,316
2016-11-12,,,2.2,Y,2.2,Hoburg A 68560,Y,2016,317
2016-11-13,,,3.1,Y,3.1,Hoburg A 68560,Y,2016,318
2016-11-14,,,3.4,Y,3.4,Hoburg A 68560,Y,2016,319
2016-11-15,,,6,Y,6,Hoburg A 68560,Y,2016,320
2016-11-16,,,5.2,Y,5.2,Hoburg A 68560,Y,2016,321
2016-11-17,,,6.7,Y,6.7,Hoburg A 68560,Y,2016,322
2016-11-18,,,7.5,Y,7.5,Hoburg A 68560,Y,2016,323
2016-11-19,,,6.2,Y,6.2,Hoburg A 68560,Y,2016,324
2016-11-20,,,6.2,Y,6.2,Hoburg A 68560,Y,2016,325
2016-11-21,,,7.8,Y,7.8,Hoburg A 68560,Y,2016,326
2016-11-22,,,7.2,Y,7.2,Hoburg A 68560,Y,2016,327
2016-11-23,,,7,Y,7,Hoburg A 68560,Y,2016,328
2016-11-24,,,5.6,Y,5.6,Hoburg A 68560,Y,2016,329
2016-11-25,,,4.9,Y,4.9,Hoburg A 68560,Y,2016,330
2016-11-26,,,7.1,Y,7.1,Hoburg A 68560,Y,2016,331
2016-11-27,,,3.1,Y,3.1,Hoburg A 68560,Y,2016,332
2016-11-28,,,1.3,Y,1.3,Hoburg A 68560,Y,2016,333
2016-11-29,,,4,Y,4,Hoburg A 68560,Y,2016,334
2016-11-30,,,4.7,Y,4.7,Hoburg A 68560,Y,2016,335
2016-12-01,,,2.6,Y,2.6,Hoburg A 68560,Y,2016,336
2016-12-02,,,2.5,Y,2.5,Hoburg A 68560,Y,2016,337
2016-12-03,,,1.1,Y,1.1,Hoburg A 68560,Y,2016,338
2016-12-04,,,1.9,Y,1.9,Hoburg A 68560,Y,2016,339
2016-12-05,,,5.3,Y,5.3,Hoburg A 68560,Y,2016,340
2016-12-06,,,1,Y,1,Hoburg A 68560,Y,2016,341
2016-12-07,,,3.7,Y,3.7,Hoburg A 68560,Y,2016,342
2016-12-08,,,7.8,Y,7.8,Hoburg A 68560,Y,2016,343
2016-12-09,,,6.7,Y,6.7,Hoburg A 68560,Y,2016,344
2016-12-10,,,5.4,Y,5.4,Hoburg A 68560,Y,2016,345
2016-12-11,,,2.7,Y,2.7,Hoburg A 68560,Y,2016,346
2016-12-12,,,-0.6,Y,-0.6,Hoburg A 68560,Y,2016,347
2016-12-13,,,3.1,Y,3.1,Hoburg A 68560,Y,2016,348
2016-12-14,,,3.6,Y,3.6,Hoburg A 68560,Y,2016,349
2016-12-15,,,2.1,Y,2.1,Hoburg A 68560,Y,2016,350
2016-12-16,,,0.9,Y,0.9,Hoburg A 68560,Y,2016,351
2016-12-17,,,0.5,Y,0.5,Hoburg A 68560,Y,2016,352
2016-12-18,,,4.1,Y,4.1,Hoburg A 68560,Y,2016,353
2016-12-19,,,4.1,Y,4.1,Hoburg A 68560,Y,2016,354
2016-12-20,,,3.9,Y,3.9,Hoburg A 68560,Y,2016,355
2016-12-21,,,3.9,Y,3.9,Hoburg A 68560,Y,2016,356
2016-12-22,,,4.9,Y,4.9,Hoburg A 68560,Y,2016,357
2016-12-23,,,4.9,Y,4.9,Hoburg A 68560,Y,2016,358
2016-12-24,,,5.1,Y,5.1,Hoburg A 68560,Y,2016,359
2016-12-25,,,4.6,Y,4.6,Hoburg A 68560,Y,2016,360
2016-12-26,,,5.5,Y,5.5,Hoburg A 68560,Y,2016,361
2016-12-27,,,4.1,Y,4.1,Hoburg A 68560,Y,2016,362
2016-12-28,,,2.2,Y,2.2,Hoburg A 68560,Y,2016,363
2016-12-29,,,3.6,Y,3.6,Hoburg A 68560,Y,2016,364
2016-12-30,,,4,Y,4,Hoburg A 68560,Y,2016,365
2016-12-31,,,5.7,Y,5.7,Hoburg A 68560,Y,2016,366
2017-01-01,,,5.2,Y,5.2,Hoburg A 68560,Y,2017,1
2017-01-02,,,1.2,Y,1.2,Hoburg A 68560,Y,2017,2
2017-01-03,,,0.7,Y,0.7,Hoburg A 68560,Y,2017,3
2017-01-04,,,-1.1,Y,-1.1,Hoburg A 68560,Y,2017,4
2017-01-05,,,-7,Y,-7,Hoburg A 68560,Y,2017,5
2017-01-06,,,-5.8,Y,-5.8,Hoburg A 68560,Y,2017,6
2017-01-07,,,-1.2,Y,-1.2,Hoburg A 68560,Y,2017,7
2017-01-08,,,0.5,Y,0.5,Hoburg A 68560,Y,2017,8
2017-01-09,,,1.8,Y,1.8,Hoburg A 68560,Y,2017,9
2017-01-10,,,0.8,Y,0.8,Hoburg A 68560,Y,2017,10
2017-01-11,,,-0.4,Y,-0.4,Hoburg A 68560,Y,2017,11
2017-01-12,,,2.8,Y,2.8,Hoburg A 68560,Y,2017,12
2017-01-13,,,1.2,Y,1.2,Hoburg A 68560,Y,2017,13
2017-01-14,,,0.5,Y,0.5,Hoburg A 68560,Y,2017,14
2017-01-15,,,-0.3,Y,-0.3,Hoburg A 68560,Y,2017,15
2017-01-16,,,-1.4,Y,-1.4,Hoburg A 68560,Y,2017,16
2017-01-17,,,-0.8,Y,-0.8,Hoburg A 68560,Y,2017,17
2017-01-18,,,1.9,Y,1.9,Hoburg A 68560,Y,2017,18
2017-01-19,,,3.9,Y,3.9,Hoburg A 68560,Y,2017,19
2017-01-20,,,3.7,Y,3.7,Hoburg A 68560,Y,2017,20
2017-01-21,,,3.2,Y,3.2,Hoburg A 68560,Y,2017,21
2017-01-22,,,1,Y,1,Hoburg A 68560,Y,2017,22
2017-01-23,,,2.3,Y,2.3,Hoburg A 68560,Y,2017,23
2017-01-24,,,1.8,Y,1.8,Hoburg A 68560,Y,2017,24
2017-01-25,,,1.5,Y,1.5,Hoburg A 68560,Y,2017,25
2017-01-26,,,1.5,Y,1.5,Hoburg A 68560,Y,2017,26
2017-01-27,,,0.8,Y,0.8,Hoburg A 68560,Y,2017,27
2017-01-28,,,2,Y,2,Hoburg A 68560,Y,2017,28
2017-01-29,,,1.9,Y,1.9,Hoburg A 68560,Y,2017,29
2017-01-30,,,2.7,Y,2.7,Hoburg A 68560,Y,2017,30
2017-01-31,,,0.5,Y,0.5,Hoburg A 68560,Y,2017,31
2017-02-01,,,0.3,Y,0.3,Hoburg A 68560,Y,2017,32
2017-02-02,,,0.2,Y,0.2,Hoburg A 68560,Y,2017,33
2017-02-03,,,1.5,Y,1.5,Hoburg A 68560,Y,2017,34
2017-02-04,,,0.7,Y,0.7,Hoburg A 68560,Y,2017,35
2017-02-05,,,2.1,Y,2.1,Hoburg A 68560,Y,2017,36
2017-02-06,,,-1.2,Y,-1.2,Hoburg A 68560,Y,2017,37
2017-02-07,,,-3.8,Y,-3.8,Hoburg A 68560,Y,2017,38
2017-02-08,,,-3.2,Y,-3.2,Hoburg A 68560,Y,2017,39
2017-02-09,,,-2.4,Y,-2.4,Hoburg A 68560,Y,2017,40
2017-02-10,,,-0.2,Y,-0.2,Hoburg A 68560,Y,2017,41
2017-02-11,,,-0.4,Y,-0.4,Hoburg A 68560,Y,2017,42
2017-02-12,,,-0.9,Y,-0.9,Hoburg A 68560,Y,2017,43
2017-02-13,,,0.2,Y,0.2,Hoburg A 68560,Y,2017,44
2017-02-14,,,1.6,Y,1.6,Hoburg A 68560,Y,2017,45
2017-02-15,,,1.9,Y,1.9,Hoburg A 68560,Y,2017,46
2017-02-16,,,2.2,Y,2.2,Hoburg A 68560,Y,2017,47
2017-02-17,,,2.8,Y,2.8,Hoburg A 68560,Y,2017,48
2017-02-18,,,0.5,Y,0.5,Hoburg A 68560,Y,2017,49
2017-02-19,,,3,Y,3,Hoburg A 68560,Y,2017,50
2017-02-20,,,3.6,Y,3.6,Hoburg A 68560,Y,2017,51
2017-02-21,,,2.7,Y,2.7,Hoburg A 68560,Y,2017,52
2017-02-22,,,3.3,Y,3.3,Hoburg A 68560,Y,2017,53
2017-02-23,,,2.7,Y,2.7,Hoburg A 68560,Y,2017,54
2017-02-24,,,0.7,Y,0.7,Hoburg A 68560,Y,2017,55
2017-02-25,,,0.8,Y,0.8,Hoburg A 68560,Y,2017,56
2017-02-26,,,2.7,Y,2.7,Hoburg A 68560,Y,2017,57
2017-02-27,,,3.4,Y,3.4,Hoburg A 68560,Y,2017,58
2017-02-28,,,3.6,Y,3.6,Hoburg A 68560,Y,2017,59
2017-03-01,,,3.3,Y,3.3,Hoburg A 68560,Y,2017,60
2017-03-02,,,2.6,Y,2.6,Hoburg A 68560,Y,2017,61
2017-03-03,,,3.1,Y,3.1,Hoburg A 68560,Y,2017,62
2017-03-04,,,3.1,Y,3.1,Hoburg A 68560,Y,2017,63
2017-03-05,,,1.1,Y,1.1,Hoburg A 68560,Y,2017,64
2017-03-06,,,-0.5,Y,-0.5,Hoburg A 68560,Y,2017,65
2017-03-07,,,-0.7,Y,-0.7,Hoburg A 68560,Y,2017,66
2017-03-08,,,0,Y,0,Hoburg A 68560,Y,2017,67
2017-03-09,,,2,Y,2,Hoburg A 68560,Y,2017,68
2017-03-10,,,2.5,Y,2.5,Hoburg A 68560,Y,2017,69
2017-03-11,,,1.5,Y,1.5,Hoburg A 68560,Y,2017,70
2017-03-12,,,0.6,Y,0.6,Hoburg A 68560,Y,2017,71
2017-03-13,,,1.2,Y,1.2,Hoburg A 68560,Y,2017,72
2017-03-14,,,3.2,Y,3.2,Hoburg A 68560,Y,2017,73
2017-03-15,,,5,Y,5,Hoburg A 68560,Y,2017,74
2017-03-16,,,4.2,Y,4.2,Hoburg A 68560,Y,2017,75
2017-03-17,,,4.4,Y,4.4,Hoburg A 68560,Y,2017,76
2017-03-18,,,2.4,Y,2.4,Hoburg A 68560,Y,2017,77
2017-03-19,,,2.5,Y,2.5,Hoburg A 68560,Y,2017,78
2017-03-20,,,2.8,Y,2.8,Hoburg A 68560,Y,2017,79
2017-03-21,,,4.7,Y,4.7,Hoburg A 68560,Y,2017,80
2017-03-22,,,4.1,Y,4.1,Hoburg A 68560,Y,2017,81
2017-03-23,,,4.2,Y,4.2,Hoburg A 68560,Y,2017,82
2017-03-24,,,2.9,Y,2.9,Hoburg A 68560,Y,2017,83
2017-03-25,,,4.3,Y,4.3,Hoburg A 68560,Y,2017,84
2017-03-26,,,5.1,Y,5.1,Hoburg A 68560,Y,2017,85
2017-03-27,,,6.4,Y,6.4,Hoburg A 68560,Y,2017,86
2017-03-28,,,4.3,Y,4.3,Hoburg A 68560,Y,2017,87
2017-03-29,,,2.5,Y,2.5,Hoburg A 68560,Y,2017,88
2017-03-30,,,2.6,Y,2.6,Hoburg A 68560,Y,2017,89
2017-03-31,,,6,Y,6,Hoburg A 68560,Y,2017,90
2017-04-01,,,6.8,Y,6.8,Hoburg A 68560,Y,2017,91
2017-04-02,,,7.1,Y,7.1,Hoburg A 68560,Y,2017,92
2017-04-03,,,4.2,Y,4.2,Hoburg A 68560,Y,2017,93
2017-04-04,,,1.7,Y,1.7,Hoburg A 68560,Y,2017,94
2017-04-05,,,4.8,Y,4.8,Hoburg A 68560,Y,2017,95
2017-04-06,,,4.9,Y,4.9,Hoburg A 68560,Y,2017,96
2017-04-07,,,5.3,Y,5.3,Hoburg A 68560,Y,2017,97
2017-04-08,,,4.4,Y,4.4,Hoburg A 68560,Y,2017,98
2017-04-09,,,5.7,Y,5.7,Hoburg A 68560,Y,2017,99
2017-04-10,,,6.6,Y,6.6,Hoburg A 68560,Y,2017,100
2017-04-11,,,5,Y,5,Hoburg A 68560,Y,2017,101
2017-04-12,,,4.9,Y,4.9,Hoburg A 68560,Y,2017,102
2017-04-13,,,3.1,Y,3.1,Hoburg A 68560,Y,2017,103
2017-04-14,,,2.1,Y,2.1,Hoburg A 68560,Y,2017,104
2017-04-15,,,1.3,Y,1.3,Hoburg A 68560,Y,2017,105
2017-04-16,,,0.8,Y,0.8,Hoburg A 68560,Y,2017,106
2017-04-17,,,0.2,Y,0.2,Hoburg A 68560,Y,2017,107
2017-04-18,,,-0.1,Y,-0.1,Hoburg A 68560,Y,2017,108
2017-04-19,,,1.6,Y,1.6,Hoburg A 68560,Y,2017,109
2017-04-20,,,4.4,Y,4.4,Hoburg A 68560,Y,2017,110
2017-04-21,,,7,Y,7,Hoburg A 68560,Y,2017,111
2017-04-22,,,5.3,Y,5.3,Hoburg A 68560,Y,2017,112
2017-04-23,,,4.8,Y,4.8,Hoburg A 68560,Y,2017,113
2017-04-24,,,4.1,Y,4.1,Hoburg A 68560,Y,2017,114
2017-04-25,,,4.4,Y,4.4,Hoburg A 68560,Y,2017,115
2017-04-26,,,4.1,Y,4.1,Hoburg A 68560,Y,2017,116
2017-04-27,,,5.3,Y,5.3,Hoburg A 68560,Y,2017,117
2017-04-28,,,5.9,Y,5.9,Hoburg A 68560,Y,2017,118
2017-04-29,,,4.9,Y,4.9,Hoburg A 68560,Y,2017,119
2017-04-30,,,5.3,Y,5.3,Hoburg A 68560,Y,2017,120
2017-05-01,,,5.7,Y,5.7,Hoburg A 68560,Y,2017,121
2017-05-02,,,8,Y,8,Hoburg A 68560,Y,2017,122
2017-05-03,,,7.7,Y,7.7,Hoburg A 68560,Y,2017,123
2017-05-04,,,8.1,Y,8.1,Hoburg A 68560,Y,2017,124
2017-05-05,,,9.8,Y,9.8,Hoburg A 68560,Y,2017,125
2017-05-06,,,9.6,Y,9.6,Hoburg A 68560,Y,2017,126
2017-05-07,,,7.4,Y,7.4,Hoburg A 68560,Y,2017,127
2017-05-08,,,3.4,Y,3.4,Hoburg A 68560,Y,2017,128
2017-05-09,,,2.6,Y,2.6,Hoburg A 68560,Y,2017,129
2017-05-10,,,3.1,Y,3.1,Hoburg A 68560,Y,2017,130
2017-05-11,,,4.4,Y,4.4,Hoburg A 68560,Y,2017,131
2017-05-12,,,6,Y,6,Hoburg A 68560,Y,2017,132
2017-05-13,,,9.3,Y,9.3,Hoburg A 68560,Y,2017,133
2017-05-14,,,11.2,Y,11.2,Hoburg A 68560,Y,2017,134
2017-05-15,,,8.9,Y,8.9,Hoburg A 68560,Y,2017,135
2017-05-16,,,7.5,Y,7.5,Hoburg A 68560,Y,2017,136
2017-05-17,,,7.8,Y,7.8,Hoburg A 68560,Y,2017,137
2017-05-18,,,11.9,Y,11.9,Hoburg A 68560,Y,2017,138
2017-05-19,,,12.7,Y,12.7,Hoburg A 68560,Y,2017,139
2017-05-20,,,15.9,Y,15.9,Hoburg A 68560,Y,2017,140
2017-05-21,,,11.6,Y,11.6,Hoburg A 68560,Y,2017,141
2017-05-22,,,12.1,Y,12.1,Hoburg A 68560,Y,2017,142
2017-05-23,,,12.1,Y,12.1,Hoburg A 68560,Y,2017,143
2017-05-24,,,12.9,Y,12.9,Hoburg A 68560,Y,2017,144
2017-05-25,,,12.6,Y,12.6,Hoburg A 68560,Y,2017,145
2017-05-26,,,13.2,Y,13.2,Hoburg A 68560,Y,2017,146
2017-05-27,,,13.4,Y,13.4,Hoburg A 68560,Y,2017,147
2017-05-28,,,14.9,Y,14.9,Hoburg A 68560,Y,2017,148
2017-05-29,,,12.8,Y,12.8,Hoburg A 68560,Y,2017,149
2017-05-30,,,11.7,Y,11.7,Hoburg A 68560,Y,2017,150
2017-05-31,,,12.8,Y,12.8,Hoburg A 68560,Y,2017,151
2017-06-01,,,11.1,Y,11.1,Hoburg A 68560,Y,2017,152
2017-06-02,,,10.4,Y,10.4,Hoburg A 68560,Y,2017,153
2017-06-03,,,9.9,Y,9.9,Hoburg A 68560,Y,2017,154
2017-06-04,,,11.9,Y,11.9,Hoburg A 68560,Y,2017,155
2017-06-05,,,12.6,Y,12.6,Hoburg A 68560,Y,2017,156
2017-06-06,,,13.6,Y,13.6,Hoburg A 68560,Y,2017,157
2017-06-07,,,12.4,Y,12.4,Hoburg A 68560,Y,2017,158
2017-06-08,,,12.2,Y,12.2,Hoburg A 68560,Y,2017,159
2017-06-09,,,12.8,Y,12.8,Hoburg A 68560,Y,2017,160
2017-06-10,,,14.6,Y,14.6,Hoburg A 68560,Y,2017,161
2017-06-11,,,13.8,Y,13.8,Hoburg A 68560,Y,2017,162
2017-06-12,,,13.6,Y,13.6,Hoburg A 68560,Y,2017,163
2017-06-13,,,13.3,Y,13.3,Hoburg A 68560,Y,2017,164
2017-06-14,,,14.5,Y,14.5,Hoburg A 68560,Y,2017,165
2017-06-15,,,15.3,Y,15.3,Hoburg A 68560,Y,2017,166
2017-06-16,,,13.2,Y,13.2,Hoburg A 68560,Y,2017,167
2017-06-17,,,13.9,Y,13.9,Hoburg A 68560,Y,2017,168
2017-06-18,,,16.8,Y,16.8,Hoburg A 68560,Y,2017,169
2017-06-19,,,17.7,Y,17.7,Hoburg A 68560,Y,2017,170
2017-06-20,,,17.2,Y,17.2,Hoburg A 68560,Y,2017,171
2017-06-21,,,15.4,Y,15.4,Hoburg A 68560,Y,2017,172
2017-06-22,,,15.3,Y,15.3,Hoburg A 68560,Y,2017,173
2017-06-23,,,14.8,Y,14.8,Hoburg A 68560,Y,2017,174
2017-06-24,,,14.8,Y,14.8,Hoburg A 68560,Y,2017,175
2017-06-25,,,14.9,Y,14.9,Hoburg A 68560,Y,2017,176
2017-06-26,,,14.8,Y,14.8,Hoburg A 68560,Y,2017,177
2017-06-27,,,14.2,Y,14.2,Hoburg A 68560,Y,2017,178
2017-06-28,,,14.7,Y,14.7,Hoburg A 68560,Y,2017,179
2017-06-29,,,15.2,Y,15.2,Hoburg A 68560,Y,2017,180
2017-06-30,,,14.5,Y,14.5,Hoburg A 68560,Y,2017,181
2017-07-01,,,12.9,Y,12.9,Hoburg A 68560,Y,2017,182
2017-07-02,,,14.7,Y,14.7,Hoburg A 68560,Y,2017,183
2017-07-03,,,15,Y,15,Hoburg A 68560,Y,2017,184
2017-07-04,,,14.2,Y,14.2,Hoburg A 68560,Y,2017,185
2017-07-05,,,14.9,Y,14.9,Hoburg A 68560,Y,2017,186
2017-07-06,,,14.8,Y,14.8,Hoburg A 68560,Y,2017,187
2017-07-07,,,15.2,Y,15.2,Hoburg A 68560,Y,2017,188
2017-07-08,,,14.9,Y,14.9,Hoburg A 68560,Y,2017,189
2017-07-09,,,15.4,Y,15.4,Hoburg A 68560,Y,2017,190
2017-07-10,,,15.7,Y,15.7,Hoburg A 68560,Y,2017,191
2017-07-11,,,15.7,Y,15.7,Hoburg A 68560,Y,2017,192
2017-07-12,,,16.3,Y,16.3,Hoburg A 68560,Y,2017,193
2017-07-13,,,16.2,Y,16.2,Hoburg A 68560,Y,2017,194
2017-07-14,,,15.9,Y,15.9,Hoburg A 68560,Y,2017,195
2017-07-15,,,15.3,Y,15.3,Hoburg A 68560,Y,2017,196
2017-07-16,,,15.9,Y,15.9,Hoburg A 68560,Y,2017,197
2017-07-17,,,16.5,Y,16.5,Hoburg A 68560,Y,2017,198
2017-07-18,,,16.5,Y,16.5,Hoburg A 68560,Y,2017,199
2017-07-19,,,17.5,Y,17.5,Hoburg A 68560,Y,2017,200
2017-07-20,,,16.8,Y,16.8,Hoburg A 68560,Y,2017,201
2017-07-21,,,16.2,Y,16.2,Hoburg A 68560,Y,2017,202
2017-07-22,,,16.2,Y,16.2,Hoburg A 68560,Y,2017,203
2017-07-23,,,16.7,Y,16.7,Hoburg A 68560,Y,2017,204
2017-07-24,,,18.2,Y,18.2,Hoburg A 68560,Y,2017,205
2017-07-25,,,17.8,Y,17.8,Hoburg A 68560,Y,2017,206
2017-07-26,,,18.4,Y,18.4,Hoburg A 68560,Y,2017,207
2017-07-27,,,18.4,Y,18.4,Hoburg A 68560,Y,2017,208
2017-07-28,,,17.9,Y,17.9,Hoburg A 68560,Y,2017,209
2017-07-29,,,17.5,Y,17.5,Hoburg A 68560,Y,2017,210
2017-07-30,,,17.4,Y,17.4,Hoburg A 68560,Y,2017,211
2017-07-31,,,18,Y,18,Hoburg A 68560,Y,2017,212
2017-08-01,,,17.6,Y,17.6,Hoburg A 68560,Y,2017,213
2017-08-02,,,18.3,Y,18.3,Hoburg A 68560,Y,2017,214
2017-08-03,,,17.5,Y,17.5,Hoburg A 68560,Y,2017,215
2017-08-04,,,17.6,Y,17.6,Hoburg A 68560,Y,2017,216
2017-08-05,,,17.5,Y,17.5,Hoburg A 68560,Y,2017,217
2017-08-06,,,17,Y,17,Hoburg A 68560,Y,2017,218
2017-08-07,,,16.2,Y,16.2,Hoburg A 68560,Y,2017,219
2017-08-08,,,16.5,Y,16.5,Hoburg A 68560,Y,2017,220
2017-08-09,,,17.5,Y,17.5,Hoburg A 68560,Y,2017,221
2017-08-10,,,17.5,Y,17.5,Hoburg A 68560,Y,2017,222
2017-08-11,,,17.2,Y,17.2,Hoburg A 68560,Y,2017,223
2017-08-12,,,17.5,Y,17.5,Hoburg A 68560,Y,2017,224
2017-08-13,,,17.5,Y,17.5,Hoburg A 68560,Y,2017,225
2017-08-14,,,15.4,Y,15.4,Hoburg A 68560,Y,2017,226
2017-08-15,,,16.8,Y,16.8,Hoburg A 68560,Y,2017,227
2017-08-16,,,17.2,Y,17.2,Hoburg A 68560,Y,2017,228
2017-08-17,,,17.7,Y,17.7,Hoburg A 68560,Y,2017,229
2017-08-18,,,17.8,Y,17.8,Hoburg A 68560,Y,2017,230
2017-08-19,,,17.4,Y,17.4,Hoburg A 68560,Y,2017,231
2017-08-20,,,16.7,Y,16.7,Hoburg A 68560,Y,2017,232
2017-08-21,,,15.2,Y,15.2,Hoburg A 68560,Y,2017,233
2017-08-22,,,15.9,Y,15.9,Hoburg A 68560,Y,2017,234
2017-08-23,,,14.7,Y,14.7,Hoburg A 68560,Y,2017,235
2017-08-24,,,15.3,Y,15.3,Hoburg A 68560,Y,2017,236
2017-08-25,,,15.9,Y,15.9,Hoburg A 68560,Y,2017,237
2017-08-26,,,15.1,Y,15.1,Hoburg A 68560,Y,2017,238
2017-08-27,,,14.8,Y,14.8,Hoburg A 68560,Y,2017,239
2017-08-28,,,13.8,Y,13.8,Hoburg A 68560,Y,2017,240
2017-08-29,,,16.3,Y,16.3,Hoburg A 68560,Y,2017,241
2017-08-30,,,17.8,Y,17.8,Hoburg A 68560,Y,2017,242
2017-08-31,,,18.4,Y,18.4,Hoburg A 68560,Y,2017,243
2017-09-01,,,14.9,Y,14.9,Hoburg A 68560,Y,2017,244
2017-09-02,,,13.6,Y,13.6,Hoburg A 68560,Y,2017,245
2017-09-03,,,13.6,Y,13.6,Hoburg A 68560,Y,2017,246
2017-09-04,,,15.2,Y,15.2,Hoburg A 68560,Y,2017,247
2017-09-05,,,14.6,Y,14.6,Hoburg A 68560,Y,2017,248
2017-09-06,,,13.7,Y,13.7,Hoburg A 68560,Y,2017,249
2017-09-07,,,12.5,Y,12.5,Hoburg A 68560,Y,2017,250
2017-09-08,,,12.9,Y,12.9,Hoburg A 68560,Y,2017,251
2017-09-09,,,15.5,Y,15.5,Hoburg A 68560,Y,2017,252
2017-09-10,,,15.3,Y,15.3,Hoburg A 68560,Y,2017,253
2017-09-11,,,15.8,Y,15.8,Hoburg A 68560,Y,2017,254
2017-09-12,,,15.9,Y,15.9,Hoburg A 68560,Y,2017,255
2017-09-13,,,13.2,Y,13.2,Hoburg A 68560,Y,2017,256
2017-09-14,,,13.2,Y,13.2,Hoburg A 68560,Y,2017,257
2017-09-15,,,14.1,Y,14.1,Hoburg A 68560,Y,2017,258
2017-09-16,,,13.9,Y,13.9,Hoburg A 68560,Y,2017,259
2017-09-17,,,12,Y,12,Hoburg A 68560,Y,2017,260
2017-09-18,,,12.6,Y,12.6,Hoburg A 68560,Y,2017,261
2017-09-19,,,11.8,Y,11.8,Hoburg A 68560,Y,2017,262
2017-09-20,,,13.3,Y,13.3,Hoburg A 68560,Y,2017,263
2017-09-21,,,14,Y,14,Hoburg A 68560,Y,2017,264
2017-09-22,,,13.8,Y,13.8,Hoburg A 68560,Y,2017,265
2017-09-23,,,14.8,Y,14.8,Hoburg A 68560,Y,2017,266
2017-09-24,,,15,Y,15,Hoburg A 68560,Y,2017,267
2017-09-25,,,15,Y,15,Hoburg A 68560,Y,2017,268
2017-09-26,,,14.9,Y,14.9,Hoburg A 68560,Y,2017,269
2017-09-27,,,14.4,Y,14.4,Hoburg A 68560,Y,2017,270
2017-09-28,,,14.1,Y,14.1,Hoburg A 68560,Y,2017,271
2017-09-29,,,12.5,Y,12.5,Hoburg A 68560,Y,2017,272
2017-09-30,,,13,Y,13,Hoburg A 68560,Y,2017,273
2017-10-01,,,13.2,Y,13.2,Hoburg A 68560,Y,2017,274
2017-10-02,,,13.3,Y,13.3,Hoburg A 68560,Y,2017,275
2017-10-03,,,13.4,Y,13.4,Hoburg A 68560,Y,2017,276
2017-10-04,,,10.8,Y,10.8,Hoburg A 68560,Y,2017,277
2017-10-05,,,10.8,Y,10.8,Hoburg A 68560,Y,2017,278
2017-10-06,,,10.8,Y,10.8,Hoburg A 68560,Y,2017,279
2017-10-07,,,10.2,Y,10.2,Hoburg A 68560,Y,2017,280
2017-10-08,,,7.6,Y,7.6,Hoburg A 68560,Y,2017,281
2017-10-09,,,8.9,Y,8.9,Hoburg A 68560,Y,2017,282
2017-10-10,,,8.7,Y,8.7,Hoburg A 68560,Y,2017,283
2017-10-11,,,8.6,Y,8.6,Hoburg A 68560,Y,2017,284
2017-10-12,,,11.7,Y,11.7,Hoburg A 68560,Y,2017,285
2017-10-13,,,8,Y,8,Hoburg A 68560,Y,2017,286
2017-10-14,,,11.5,Y,11.5,Hoburg A 68560,Y,2017,287
2017-10-15,,,11.3,Y,11.3,Hoburg A 68560,Y,2017,288
2017-10-16,,,12.4,Y,12.4,Hoburg A 68560,Y,2017,289
2017-10-17,,,11.7,Y,11.7,Hoburg A 68560,Y,2017,290
2017-10-18,,,9.6,Y,9.6,Hoburg A 68560,Y,2017,291
2017-10-19,,,7.7,Y,7.7,Hoburg A 68560,Y,2017,292
2017-10-20,,,9.2,Y,9.2,Hoburg A 68560,Y,2017,293
2017-10-21,,,9.3,Y,9.3,Hoburg A 68560,Y,2017,294
2017-10-22,,,7.9,Y,7.9,Hoburg A 68560,Y,2017,295
2017-10-23,,,5.9,Y,5.9,Hoburg A 68560,Y,2017,296
2017-10-24,,,5.4,Y,5.4,Hoburg A 68560,Y,2017,297
2017-10-25,,,9.8,Y,9.8,Hoburg A 68560,Y,2017,298
2017-10-26,,,10.4,Y,10.4,Hoburg A 68560,Y,2017,299
2017-10-27,,,6.4,Y,6.4,Hoburg A 68560,Y,2017,300
2017-10-28,,,9,Y,9,Hoburg A 68560,Y,2017,301
2017-10-29,,,5.7,Y,5.7,Hoburg A 68560,Y,2017,302
2017-10-30,,,5,Y,5,Hoburg A 68560,Y,2017,303
2017-10-31,,,6,Y,6,Hoburg A 68560,Y,2017,304
2017-11-01,,,8.8,Y,8.8,Hoburg A 68560,Y,2017,305
2017-11-02,,,9,Y,9,Hoburg A 68560,Y,2017,306
2017-11-03,,,7.5,Y,7.5,Hoburg A 68560,Y,2017,307
2017-11-04,,,8.6,Y,8.6,Hoburg A 68560,Y,2017,308
2017-11-05,,,8.4,Y,8.4,Hoburg A 68560,Y,2017,309
2017-11-06,,,7.9,Y,7.9,Hoburg A 68560,Y,2017,310
2017-11-07,,,6.4,Y,6.4,Hoburg A 68560,Y,2017,311
2017-11-08,,,7.1,Y,7.1,Hoburg A 68560,Y,2017,312
2017-11-09,,,7.6,Y,7.6,Hoburg A 68560,Y,2017,313
2017-11-10,,,7.2,Y,7.2,Hoburg A 68560,Y,2017,314
2017-11-11,,,4.2,Y,4.2,Hoburg A 68560,Y,2017,315
2017-11-12,,,5.4,Y,5.4,Hoburg A 68560,Y,2017,316
2017-11-13,,,2.8,Y,2.8,Hoburg A 68560,Y,2017,317
2017-11-14,,,4.5,Y,4.5,Hoburg A 68560,Y,2017,318
2017-11-15,,,6.4,Y,6.4,Hoburg A 68560,Y,2017,319
2017-11-16,,,5.6,Y,5.6,Hoburg A 68560,Y,2017,320
2017-11-17,,,6.6,Y,6.6,Hoburg A 68560,Y,2017,321
2017-11-18,,,5.9,Y,5.9,Hoburg A 68560,Y,2017,322
2017-11-19,,,4.5,Y,4.5,Hoburg A 68560,Y,2017,323
2017-11-20,,,2.1,Y,2.1,Hoburg A 68560,Y,2017,324
2017-11-21,,,1.1,Y,1.1,Hoburg A 68560,Y,2017,325
2017-11-22,,,3.3,Y,3.3,Hoburg A 68560,Y,2017,326
2017-11-23,,,7.3,Y,7.3,Hoburg A 68560,Y,2017,327
2017-11-24,,,6,Y,6,Hoburg A 68560,Y,2017,328
2017-11-25,,,4.2,Y,4.2,Hoburg A 68560,Y,2017,329
2017-11-26,,,4.2,Y,4.2,Hoburg A 68560,Y,2017,330
2017-11-27,,,6,Y,6,Hoburg A 68560,Y,2017,331
2017-11-28,,,5.2,Y,5.2,Hoburg A 68560,Y,2017,332
2017-11-29,,,5,Y,5,Hoburg A 68560,Y,2017,333
2017-11-30,,,2.9,Y,2.9,Hoburg A 68560,Y,2017,334
2017-12-01,,,3.1,Y,3.1,Hoburg A 68560,Y,2017,335
2017-12-02,,,2.4,Y,2.4,Hoburg A 68560,Y,2017,336
2017-12-03,,,4.7,Y,4.7,Hoburg A 68560,Y,2017,337
2017-12-04,,,3.1,Y,3.1,Hoburg A 68560,Y,2017,338
2017-12-05,,,4.4,Y,4.4,Hoburg A 68560,Y,2017,339
2017-12-06,,,4.3,Y,4.3,Hoburg A 68560,Y,2017,340
2017-12-07,,,6.1,Y,6.1,Hoburg A 68560,Y,2017,341
2017-12-08,,,5.2,Y,5.2,Hoburg A 68560,Y,2017,342
2017-12-09,,,4.2,Y,4.2,Hoburg A 68560,Y,2017,343
2017-12-10,,,2.6,Y,2.6,Hoburg A 68560,Y,2017,344
2017-12-11,,,3,Y,3,Hoburg A 68560,Y,2017,345
2017-12-12,,,4,Y,4,Hoburg A 68560,Y,2017,346
2017-12-13,,,3.4,Y,3.4,Hoburg A 68560,Y,2017,347
2017-12-14,,,3.1,Y,3.1,Hoburg A 68560,Y,2017,348
2017-12-15,,,3.6,Y,3.6,Hoburg A 68560,Y,2017,349
2017-12-16,,,2.3,Y,2.3,Hoburg A 68560,Y,2017,350
2017-12-17,,,1.4,Y,1.4,Hoburg A 68560,Y,2017,351
2017-12-18,,,1.9,Y,1.9,Hoburg A 68560,Y,2017,352
2017-12-19,,,3.1,Y,3.1,Hoburg A 68560,Y,2017,353
2017-12-20,,,3.4,Y,3.4,Hoburg A 68560,Y,2017,354
2017-12-21,,,4.4,Y,4.4,Hoburg A 68560,Y,2017,355
2017-12-22,,,3.5,Y,3.5,Hoburg A 68560,Y,2017,356
2017-12-23,,,5.9,Y,5.9,Hoburg A 68560,Y,2017,357
2017-12-24,,,4.9,Y,4.9,Hoburg A 68560,Y,2017,358
2017-12-25,,,5.4,Y,5.4,Hoburg A 68560,Y,2017,359
2017-12-26,,,5.5,Y,5.5,Hoburg A 68560,Y,2017,360
2017-12-27,,,4.7,Y,4.7,Hoburg A 68560,Y,2017,361
2017-12-28,,,4.8,Y,4.8,Hoburg A 68560,Y,2017,362
2017-12-29,,,4,Y,4,Hoburg A 68560,Y,2017,363
2017-12-30,,,3.1,Y,3.1,Hoburg A 68560,Y,2017,364
2017-12-31,,,3.1,Y,3.1,Hoburg A 68560,Y,2017,365
2018-01-01,,,5.1,Y,5.1,Hoburg A 68560,Y,2018,1
2018-01-02,,,4.7,Y,4.7,Hoburg A 68560,Y,2018,2
2018-01-03,,,4.2,Y,4.2,Hoburg A 68560,Y,2018,3
2018-01-04,,,4.1,Y,4.1,Hoburg A 68560,Y,2018,4
2018-01-05,,,3.8,Y,3.8,Hoburg A 68560,Y,2018,5
2018-01-06,,,1.3,Y,1.3,Hoburg A 68560,Y,2018,6
2018-01-07,,,0.4,Y,0.4,Hoburg A 68560,Y,2018,7
2018-01-08,,,2.4,Y,2.4,Hoburg A 68560,Y,2018,8
2018-01-09,,,0.6,Y,0.6,Hoburg A 68560,Y,2018,9
2018-01-10,,,3.6,Y,3.6,Hoburg A 68560,Y,2018,10
2018-01-11,,,2.1,Y,2.1,Hoburg A 68560,Y,2018,11
2018-01-12,,,0.1,Y,0.1,Hoburg A 68560,Y,2018,12
2018-01-13,,,0.4,Y,0.4,Hoburg A 68560,Y,2018,13
2018-01-14,,,-0.6,Y,-0.6,Hoburg A 68560,Y,2018,14
2018-01-15,,,-1.4,Y,-1.4,Hoburg A 68560,Y,2018,15
2018-01-16,,,0.2,Y,0.2,Hoburg A 68560,Y,2018,16
2018-01-17,,,1.1,Y,1.1,Hoburg A 68560,Y,2018,17
2018-01-18,,,1.2,Y,1.2,Hoburg A 68560,Y,2018,18
2018-01-19,,,-0.4,Y,-0.4,Hoburg A 68560,Y,2018,19
2018-01-20,,,1,Y,1,Hoburg A 68560,Y,2018,20
2018-01-21,,,0.4,Y,0.4,Hoburg A 68560,Y,2018,21
2018-01-22,,,0.7,Y,0.7,Hoburg A 68560,Y,2018,22
2018-01-23,,,-0.3,Y,-0.3,Hoburg A 68560,Y,2018,23
2018-01-24,,,4,Y,4,Hoburg A 68560,Y,2018,24
2018-01-25,,,5,Y,5,Hoburg A 68560,Y,2018,25
2018-01-26,,,3.5,Y,3.5,Hoburg A 68560,Y,2018,26
2018-01-27,,,2.7,Y,2.7,Hoburg A 68560,Y,2018,27
2018-01-28,,,4.1,Y,4.1,Hoburg A 68560,Y,2018,28
2018-01-29,,,3.8,Y,3.8,Hoburg A 68560,Y,2018,29
2018-01-30,,,1.9,Y,1.9,Hoburg A 68560,Y,2018,30
2018-01-31,,,2.7,Y,2.7,Hoburg A 68560,Y,2018,31
2018-02-01,,,3.2,Y,3.2,Hoburg A 68560,Y,2018,32
2018-02-02,,,2.6,Y,2.6,Hoburg A 68560,Y,2018,33
2018-02-03,,,2,Y,2,Hoburg A 68560,Y,2018,34
2018-02-04,,,-1.1,Y,-1.1,Hoburg A 68560,Y,2018,35
2018-02-05,,,-1.6,Y,-1.6,Hoburg A 68560,Y,2018,36
2018-02-06,,,-3.4,Y,-3.4,Hoburg A 68560,Y,2018,37
2018-02-07,,,-1,Y,-1,Hoburg A 68560,Y,2018,38
2018-02-08,,,0.5,Y,0.5,Hoburg A 68560,Y,2018,39
2018-02-09,,,0.2,Y,0.2,Hoburg A 68560,Y,2018,40
2018-02-10,,,-0.2,Y,-0.2,Hoburg A 68560,Y,2018,41
2018-02-11,,,0.3,Y,0.3,Hoburg A 68560,Y,2018,42
2018-02-12,,,2.6,Y,2.6,Hoburg A 68560,Y,2018,43
2018-02-13,,,1.9,Y,1.9,Hoburg A 68560,Y,2018,44
2018-02-14,,,1.5,Y,1.5,Hoburg A 68560,Y,2018,45
2018-02-15,,,0.8,Y,0.8,Hoburg A 68560,Y,2018,46
2018-02-16,,,0.6,Y,0.6,Hoburg A 68560,Y,2018,47
2018-02-17,,,0,Y,0,Hoburg A 68560,Y,2018,48
2018-02-18,,,0.5,Y,0.5,Hoburg A 68560,Y,2018,49
2018-02-19,,,0.7,Y,0.7,Hoburg A 68560,Y,2018,50
2018-02-20,,,-1.7,Y,-1.7,Hoburg A 68560,Y,2018,51
2018-02-21,,,-3.1,Y,-3.1,Hoburg A 68560,Y,2018,52
2018-02-22,,,-3.6,Y,-3.6,Hoburg A 68560,Y,2018,53
2018-02-23,,,-2.3,Y,-2.3,Hoburg A 68560,Y,2018,54
2018-02-24,,,-5.2,Y,-5.2,Hoburg A 68560,Y,2018,55
2018-02-25,,,-6.3,Y,-6.3,Hoburg A 68560,Y,2018,56
2018-02-26,,,-5.5,Y,-5.5,Hoburg A 68560,Y,2018,57
2018-02-27,,,-9.2,Y,-9.2,Hoburg A 68560,Y,2018,58
2018-02-28,,,-8.7,Y,-8.7,Hoburg A 68560,Y,2018,59
2018-03-01,,,-5.8,Y,-5.8,Hoburg A 68560,Y,2018,60
2018-03-02,,,-3.8,Y,-3.8,Hoburg A 68560,Y,2018,61
2018-03-03,,,-3.5,Y,-3.5,Hoburg A 68560,Y,2018,62
2018-03-04,,,-3.6,Y,-3.6,Hoburg A 68560,Y,2018,63
2018-03-05,,,-1.7,Y,-1.7,Hoburg A 68560,Y,2018,64
2018-03-06,,,0.7,Y,0.7,Hoburg A 68560,Y,2018,65
2018-03-07,,,0.3,Y,0.3,Hoburg A 68560,Y,2018,66
2018-03-08,,,0.7,Y,0.7,Hoburg A 68560,Y,2018,67
2018-03-09,,,1.5,Y,1.5,Hoburg A 68560,Y,2018,68
2018-03-10,,,0.4,Y,0.4,Hoburg A 68560,Y,2018,69
2018-03-11,,,1.3,Y,1.3,Hoburg A 68560,Y,2018,70
2018-03-12,,,3,Y,3,Hoburg A 68560,Y,2018,71
2018-03-13,,,2.2,Y,2.2,Hoburg A 68560,Y,2018,72
2018-03-14,,,-0.5,Y,-0.5,Hoburg A 68560,Y,2018,73
2018-03-15,,,-1.8,Y,-1.8,Hoburg A 68560,Y,2018,74
2018-03-16,,,-4,Y,-4,Hoburg A 68560,Y,2018,75
2018-03-17,,,-3.1,Y,-3.1,Hoburg A 68560,Y,2018,76
2018-03-18,,,-1.7,Y,-1.7,Hoburg A 68560,Y,2018,77
2018-03-19,,,0.8,Y,0.8,Hoburg A 68560,Y,2018,78
2018-03-20,,,-0.4,Y,-0.4,Hoburg A 68560,Y,2018,79
2018-03-21,,,1.2,Y,1.2,Hoburg A 68560,Y,2018,80
2018-03-22,,,1.6,Y,1.6,Hoburg A 68560,Y,2018,81
2018-03-23,,,1.9,Y,1.9,Hoburg A 68560,Y,2018,82
2018-03-24,,,2,Y,2,Hoburg A 68560,Y,2018,83
2018-03-25,,,3.4,Y,3.4,Hoburg A 68560,Y,2018,84
2018-03-26,,,0.2,Y,0.2,Hoburg A 68560,Y,2018,85
2018-03-27,,,-1.3,Y,-1.3,Hoburg A 68560,Y,2018,86
2018-03-28,,,-2.4,Y,-2.4,Hoburg A 68560,Y,2018,87
2018-03-29,,,0.9,Y,0.9,Hoburg A 68560,Y,2018,88
2018-03-30,,,0.1,Y,0.1,Hoburg A 68560,Y,2018,89
2018-03-31,,,1.1,Y,1.1,Hoburg A 68560,Y,2018,90
2018-04-01,,,0.7,Y,0.7,Hoburg A 68560,Y,2018,91
2018-04-02,,,1.3,Y,1.3,Hoburg A 68560,Y,2018,92
2018-04-03,,,1.4,Y,1.4,Hoburg A 68560,Y,2018,93
2018-04-04,,,3.3,Y,3.3,Hoburg A 68560,Y,2018,94
2018-04-05,,,3.6,Y,3.6,Hoburg A 68560,Y,2018,95
2018-04-06,,,4.5,Y,4.5,Hoburg A 68560,Y,2018,96
2018-04-07,,,3.4,Y,3.4,Hoburg A 68560,Y,2018,97
2018-04-08,,,5.6,Y,5.6,Hoburg A 68560,Y,2018,98
2018-04-09,,,9.4,Y,9.4,Hoburg A 68560,Y,2018,99
2018-04-10,,,3.2,Y,3.2,Hoburg A 68560,Y,2018,100
2018-04-11,,,3.9,Y,3.9,Hoburg A 68560,Y,2018,101
2018-04-12,,,5.8,Y,5.8,Hoburg A 68560,Y,2018,102
2018-04-13,,,7.8,Y,7.8,Hoburg A 68560,Y,2018,103
2018-04-14,,,8.2,Y,8.2,Hoburg A 68560,Y,2018,104
2018-04-15,,,5.3,Y,5.3,Hoburg A 68560,Y,2018,105
2018-04-16,,,7.4,Y,7.4,Hoburg A 68560,Y,2018,106
2018-04-17,,,7.5,Y,7.5,Hoburg A 68560,Y,2018,107
2018-04-18,,,8.4,Y,8.4,Hoburg A 68560,Y,2018,108
2018-04-19,,,8.4,Y,8.4,Hoburg A 68560,Y,2018,109
2018-04-20,,,7.3,Y,7.3,Hoburg A 68560,Y,2018,110
2018-04-21,,,9.3,Y,9.3,Hoburg A 68560,Y,2018,111
2018-04-22,,,7,Y,7,Hoburg A 68560,Y,2018,112
2018-04-23,,,5.3,Y,5.3,Hoburg A 68560,Y,2018,113
2018-04-24,,,6.3,Y,6.3,Hoburg A 68560,Y,2018,114
2018-04-25,,,5.8,Y,5.8,Hoburg A 68560,Y,2018,115
2018-04-26,,,6.6,Y,6.6,Hoburg A 68560,Y,2018,116
2018-04-27,,,6.2,Y,6.2,Hoburg A 68560,Y,2018,117
2018-04-28,,,7.5,Y,7.5,Hoburg A 68560,Y,2018,118
2018-04-29,,,7.3,Y,7.3,Hoburg A 68560,Y,2018,119
2018-04-30,,,8.3,Y,8.3,Hoburg A 68560,Y,2018,120
2018-05-01,,,7.7,Y,7.7,Hoburg A 68560,Y,2018,121
2018-05-02,,,6.7,Y,6.7,Hoburg A 68560,Y,2018,122
2018-05-03,,,6.5,Y,6.5,Hoburg A 68560,Y,2018,123
2018-05-04,,,7.5,Y,7.5,Hoburg A 68560,Y,2018,124
2018-05-05,,,8.7,Y,8.7,Hoburg A 68560,Y,2018,125
2018-05-06,,,10.7,Y,10.7,Hoburg A 68560,Y,2018,126
2018-05-07,,,12.9,Y,12.9,Hoburg A 68560,Y,2018,127
2018-05-08,,,13.8,Y,13.8,Hoburg A 68560,Y,2018,128
2018-05-09,,,14.7,Y,14.7,Hoburg A 68560,Y,2018,129
2018-05-10,,,14.2,Y,14.2,Hoburg A 68560,Y,2018,130
2018-05-11,,,13.4,Y,13.4,Hoburg A 68560,Y,2018,131
2018-05-12,,,13.5,Y,13.5,Hoburg A 68560,Y,2018,132
2018-05-13,,,16.9,Y,16.9,Hoburg A 68560,Y,2018,133
2018-05-14,,,17.2,Y,17.2,Hoburg A 68560,Y,2018,134
2018-05-15,,,17.4,Y,17.4,Hoburg A 68560,Y,2018,135
2018-05-16,,,15.2,Y,15.2,Hoburg A 68560,Y,2018,136
2018-05-17,,,14.1,Y,14.1,Hoburg A 68560,Y,2018,137
2018-05-18,,,11.5,Y,11.5,Hoburg A 68560,Y,2018,138
2018-05-19,,,12.3,Y,12.3,Hoburg A 68560,Y,2018,139
2018-05-20,,,13,Y,13,Hoburg A 68560,Y,2018,140
2018-05-21,,,15.2,Y,15.2,Hoburg A 68560,Y,2018,141
2018-05-22,,,14.3,Y,14.3,Hoburg A 68560,Y,2018,142
2018-05-23,,,15.2,Y,15.2,Hoburg A 68560,Y,2018,143
2018-05-24,,,14.7,Y,14.7,Hoburg A 68560,Y,2018,144
2018-05-25,,,15.7,Y,15.7,Hoburg A 68560,Y,2018,145
2018-05-26,,,15.7,Y,15.7,Hoburg A 68560,Y,2018,146
2018-05-27,,,17.2,Y,17.2,Hoburg A 68560,Y,2018,147
2018-05-28,,,17,Y,17,Hoburg A 68560,Y,2018,148
2018-05-29,,,19.4,Y,19.4,Hoburg A 68560,Y,2018,149
2018-05-30,,,20,Y,20,Hoburg A 68560,Y,2018,150
2018-05-31,,,16.5,Y,16.5,Hoburg A 68560,Y,2018,151
2018-06-01,,,17.9,Y,17.9,Hoburg A 68560,Y,2018,152
2018-06-02,,,18,Y,18,Hoburg A 68560,Y,2018,153
2018-06-03,,,19.6,Y,19.6,Hoburg A 68560,Y,2018,154
2018-06-04,,,16.4,Y,16.4,Hoburg A 68560,Y,2018,155
2018-06-05,,,11.9,Y,11.9,Hoburg A 68560,Y,2018,156
2018-06-06,,,13.4,Y,13.4,Hoburg A 68560,Y,2018,157
2018-06-07,,,16.3,Y,16.3,Hoburg A 68560,Y,2018,158
2018-06-08,,,16.8,Y,16.8,Hoburg A 68560,Y,2018,159
2018-06-09,,,15.7,Y,15.7,Hoburg A 68560,Y,2018,160
2018-06-10,,,17.4,Y,17.4,Hoburg A 68560,Y,2018,161
2018-06-11,,,17.5,Y,17.5,Hoburg A 68560,Y,2018,162
2018-06-12,,,15.7,Y,15.7,Hoburg A 68560,Y,2018,163
2018-06-13,,,16,Y,16,Hoburg A 68560,Y,2018,164
2018-06-14,,,16.1,Y,16.1,Hoburg A 68560,Y,2018,165
2018-06-15,,,17.3,Y,17.3,Hoburg A 68560,Y,2018,166
2018-06-16,,,17.1,Y,17.1,Hoburg A 68560,Y,2018,167
2018-06-17,,,17.2,Y,17.2,Hoburg A 68560,Y,2018,168
2018-06-18,,,17.3,Y,17.3,Hoburg A 68560,Y,2018,169
2018-06-19,,,17.9,Y,17.9,Hoburg A 68560,Y,2018,170
2018-06-20,,,15.7,Y,15.7,Hoburg A 68560,Y,2018,171
2018-06-21,,,13.6,Y,13.6,Hoburg A 68560,Y,2018,172
2018-06-22,,,13.7,Y,13.7,Hoburg A 68560,Y,2018,173
2018-06-23,,,14.3,Y,14.3,Hoburg A 68560,Y,2018,174
2018-06-24,,,15.9,Y,15.9,Hoburg A 68560,Y,2018,175
2018-06-25,,,15.8,Y,15.8,Hoburg A 68560,Y,2018,176
2018-06-26,,,15.8,Y,15.8,Hoburg A 68560,Y,2018,177
2018-06-27,,,17.6,Y,17.6,Hoburg A 68560,Y,2018,178
2018-06-28,,,18.7,Y,18.7,Hoburg A 68560,Y,2018,179
2018-06-29,,,15.9,Y,15.9,Hoburg A 68560,Y,2018,180
2018-06-30,,,13.9,Y,13.9,Hoburg A 68560,Y,2018,181
2018-07-01,,,14.4,Y,14.4,Hoburg A 68560,Y,2018,182
2018-07-02,,,14.2,Y,14.2,Hoburg A 68560,Y,2018,183
2018-07-03,,,15.2,Y,15.2,Hoburg A 68560,Y,2018,184
2018-07-04,,,17.1,Y,17.1,Hoburg A 68560,Y,2018,185
2018-07-05,,,16.6,Y,16.6,Hoburg A 68560,Y,2018,186
2018-07-06,,,17.8,Y,17.8,Hoburg A 68560,Y,2018,187
2018-07-07,,,17.6,Y,17.6,Hoburg A 68560,Y,2018,188
2018-07-08,,,18.1,Y,18.1,Hoburg A 68560,Y,2018,189
2018-07-09,,,18,Y,18,Hoburg A 68560,Y,2018,190
2018-07-10,,,18.4,Y,18.4,Hoburg A 68560,Y,2018,191
2018-07-11,,,19,Y,19,Hoburg A 68560,Y,2018,192
2018-07-12,,,19.6,Y,19.6,Hoburg A 68560,Y,2018,193
2018-07-13,,,19.6,Y,19.6,Hoburg A 68560,Y,2018,194
2018-07-14,,,20.4,Y,20.4,Hoburg A 68560,Y,2018,195
2018-07-15,,,21.7,Y,21.7,Hoburg A 68560,Y,2018,196
2018-07-16,,,23.3,Y,23.3,Hoburg A 68560,Y,2018,197
2018-07-17,,,24.7,Y,24.7,Hoburg A 68560,Y,2018,198
2018-07-18,,,25.8,Y,25.8,Hoburg A 68560,Y,2018,199
2018-07-19,,,23.1,Y,23.1,Hoburg A 68560,Y,2018,200
2018-07-20,,,21.7,Y,21.7,Hoburg A 68560,Y,2018,201
2018-07-21,,,22.5,Y,22.5,Hoburg A 68560,Y,2018,202
2018-07-22,,,21.6,Y,21.6,Hoburg A 68560,Y,2018,203
2018-07-23,,,21.2,Y,21.2,Hoburg A 68560,Y,2018,204
2018-07-24,,,22.6,Y,22.6,Hoburg A 68560,Y,2018,205
2018-07-25,,,23.2,Y,23.2,Hoburg A 68560,Y,2018,206
2018-07-26,,,23.2,Y,23.2,Hoburg A 68560,Y,2018,207
2018-07-27,,,24.6,Y,24.6,Hoburg A 68560,Y,2018,208
2018-07-28,,,24.3,Y,24.3,Hoburg A 68560,Y,2018,209
2018-07-29,,,23.5,Y,23.5,Hoburg A 68560,Y,2018,210
2018-07-30,,,22.5,Y,22.5,Hoburg A 68560,Y,2018,211
2018-07-31,,,23.9,Y,23.9,Hoburg A 68560,Y,2018,212
2018-08-01,,,25,Y,25,Hoburg A 68560,Y,2018,213
2018-08-02,,,25.4,Y,25.4,Hoburg A 68560,Y,2018,214
2018-08-03,,,23.7,Y,23.7,Hoburg A 68560,Y,2018,215
2018-08-04,,,24.2,Y,24.2,Hoburg A 68560,Y,2018,216
2018-08-05,,,22.4,Y,22.4,Hoburg A 68560,Y,2018,217
2018-08-06,,,20.5,Y,20.5,Hoburg A 68560,Y,2018,218
2018-08-07,,,21.4,Y,21.4,Hoburg A 68560,Y,2018,219
2018-08-08,,,22.7,Y,22.7,Hoburg A 68560,Y,2018,220
2018-08-09,,,23.5,Y,23.5,Hoburg A 68560,Y,2018,221
2018-08-10,,,21.8,Y,21.8,Hoburg A 68560,Y,2018,222
2018-08-11,,,18.3,Y,18.3,Hoburg A 68560,Y,2018,223
2018-08-12,,,17.2,Y,17.2,Hoburg A 68560,Y,2018,224
2018-08-13,,,16.9,Y,16.9,Hoburg A 68560,Y,2018,225
2018-08-14,,,16.6,Y,16.6,Hoburg A 68560,Y,2018,226
2018-08-15,,,18.7,Y,18.7,Hoburg A 68560,Y,2018,227
2018-08-16,,,19.4,Y,19.4,Hoburg A 68560,Y,2018,228
2018-08-17,,,20.7,Y,20.7,Hoburg A 68560,Y,2018,229
2018-08-18,,,19,Y,19,Hoburg A 68560,Y,2018,230
2018-08-19,,,19.7,Y,19.7,Hoburg A 68560,Y,2018,231
2018-08-20,,,18.7,Y,18.7,Hoburg A 68560,Y,2018,232
2018-08-21,,,16.6,Y,16.6,Hoburg A 68560,Y,2018,233
2018-08-22,,,17.7,Y,17.7,Hoburg A 68560,Y,2018,234
2018-08-23,,,19.6,Y,19.6,Hoburg A 68560,Y,2018,235
2018-08-24,,,19.6,Y,19.6,Hoburg A 68560,Y,2018,236
2018-08-25,,,17.1,Y,17.1,Hoburg A 68560,Y,2018,237
2018-08-26,,,15.5,Y,15.5,Hoburg A 68560,Y,2018,238
2018-08-27,,,16.6,Y,16.6,Hoburg A 68560,Y,2018,239
2018-08-28,,,16.6,Y,16.6,Hoburg A 68560,Y,2018,240
2018-08-29,,,17.5,Y,17.5,Hoburg A 68560,Y,2018,241
2018-08-30,,,17.3,Y,17.3,Hoburg A 68560,Y,2018,242
2018-08-31,,,17.4,Y,17.4,Hoburg A 68560,Y,2018,243
2018-09-01,,,17.2,Y,17.2,Hoburg A 68560,Y,2018,244
2018-09-02,,,16.9,Y,16.9,Hoburg A 68560,Y,2018,245
2018-09-03,,,16.5,Y,16.5,Hoburg A 68560,Y,2018,246
2018-09-04,,,16.8,Y,16.8,Hoburg A 68560,Y,2018,247
2018-09-05,,,17.2,Y,17.2,Hoburg A 68560,Y,2018,248
2018-09-06,,,17.2,Y,17.2,Hoburg A 68560,Y,2018,249
2018-09-07,,,19.1,Y,19.1,Hoburg A 68560,Y,2018,250
2018-09-08,,,17.4,Y,17.4,Hoburg A 68560,Y,2018,251
2018-09-09,,,17.5,Y,17.5,Hoburg A 68560,Y,2018,252
2018-09-10,,,18.6,Y,18.6,Hoburg A 68560,Y,2018,253
2018-09-11,,,15.8,Y,15.8,Hoburg A 68560,Y,2018,254
2018-09-12,,,15.5,Y,15.5,Hoburg A 68560,Y,2018,255
2018-09-13,,,15.1,Y,15.1,Hoburg A 68560,Y,2018,256
2018-09-14,,,15.4,Y,15.4,Hoburg A 68560,Y,2018,257
2018-09-15,,,14.5,Y,14.5,Hoburg A 68560,Y,2018,258
2018-09-16,,,14.1,Y,14.1,Hoburg A 68560,Y,2018,259
2018-09-17,,,15.7,Y,15.7,Hoburg A 68560,Y,2018,260
2018-09-18,,,16.7,Y,16.7,Hoburg A 68560,Y,2018,261
2018-09-19,,,17.1,Y,17.1,Hoburg A 68560,Y,2018,262
2018-09-20,,,17.2,Y,17.2,Hoburg A 68560,Y,2018,263
2018-09-21,,,17.7,Y,17.7,Hoburg A 68560,Y,2018,264
2018-09-22,,,12.5,Y,12.5,Hoburg A 68560,Y,2018,265
2018-09-23,,,12.5,Y,12.5,Hoburg A 68560,Y,2018,266
2018-09-24,,,10.9,Y,10.9,Hoburg A 68560,Y,2018,267
2018-09-25,,,9.9,Y,9.9,Hoburg A 68560,Y,2018,268
2018-09-26,,,10.5,Y,10.5,Hoburg A 68560,Y,2018,269
2018-09-27,,,12.4,Y,12.4,Hoburg A 68560,Y,2018,270
2018-09-28,,,9.8,Y,9.8,Hoburg A 68560,Y,2018,271
2018-09-29,,,9.9,Y,9.9,Hoburg A 68560,Y,2018,272
2018-09-30,,,11.3,Y,11.3,Hoburg A 68560,Y,2018,273
2018-10-01,,,10.5,Y,10.5,Hoburg A 68560,Y,2018,274
2018-10-02,,,9.4,Y,9.4,Hoburg A 68560,Y,2018,275
2018-10-03,,,9,Y,9,Hoburg A 68560,Y,2018,276
2018-10-04,,,8.8,Y,8.8,Hoburg A 68560,Y,2018,277
2018-10-05,,,11,Y,11,Hoburg A 68560,Y,2018,278
2018-10-06,,,11,Y,11,Hoburg A 68560,Y,2018,279
2018-10-07,,,8.4,Y,8.4,Hoburg A 68560,Y,2018,280
2018-10-08,,,9.5,Y,9.5,Hoburg A 68560,Y,2018,281
2018-10-09,,,10.9,Y,10.9,Hoburg A 68560,Y,2018,282
2018-10-10,,,10.3,Y,10.3,Hoburg A 68560,Y,2018,283
2018-10-11,,,10.7,Y,10.7,Hoburg A 68560,Y,2018,284
2018-10-12,,,11.9,Y,11.9,Hoburg A 68560,Y,2018,285
2018-10-13,,,12.3,Y,12.3,Hoburg A 68560,Y,2018,286
2018-10-14,,,12.6,Y,12.6,Hoburg A 68560,Y,2018,287
2018-10-15,,,12.5,Y,12.5,Hoburg A 68560,Y,2018,288
2018-10-16,,,11.8,Y,11.8,Hoburg A 68560,Y,2018,289
2018-10-17,,,11.8,Y,11.8,Hoburg A 68560,Y,2018,290
2018-10-18,,,10.8,Y,10.8,Hoburg A 68560,Y,2018,291
2018-10-19,,,8.6,Y,8.6,Hoburg A 68560,Y,2018,292
2018-10-20,,,8.8,Y,8.8,Hoburg A 68560,Y,2018,293
2018-10-21,,,9.9,Y,9.9,Hoburg A 68560,Y,2018,294
2018-10-22,,,10.4,Y,10.4,Hoburg A 68560,Y,2018,295
2018-10-23,,,8.7,Y,8.7,Hoburg A 68560,Y,2018,296
2018-10-24,,,6.5,Y,6.5,Hoburg A 68560,Y,2018,297
2018-10-25,,,6.7,Y,6.7,Hoburg A 68560,Y,2018,298
2018-10-26,,,5.5,Y,5.5,Hoburg A 68560,Y,2018,299
2018-10-27,,,4.9,Y,4.9,Hoburg A 68560,Y,2018,300
2018-10-28,,,3.3,Y,3.3,Hoburg A 68560,Y,2018,301
2018-10-29,,,4.2,Y,4.2,Hoburg A 68560,Y,2018,302
2018-10-30,,,9,Y,9,Hoburg A 68560,Y,2018,303
2018-10-31,,,9.2,Y,9.2,Hoburg A 68560,Y,2018,304
2018-11-01,,,8.8,Y,8.8,Hoburg A 68560,Y,2018,305
2018-11-02,,,8.6,Y,8.6,Hoburg A 68560,Y,2018,306
2018-11-03,,,7.6,Y,7.6,Hoburg A 68560,Y,2018,307
2018-11-04,,,7.2,Y,7.2,Hoburg A 68560,Y,2018,308
2018-11-05,,,8.7,Y,8.7,Hoburg A 68560,Y,2018,309
2018-11-06,,,8.5,Y,8.5,Hoburg A 68560,Y,2018,310
2018-11-07,,,8.4,Y,8.4,Hoburg A 68560,Y,2018,311
2018-11-08,,,8.4,Y,8.4,Hoburg A 68560,Y,2018,312
2018-11-09,,,7.9,Y,7.9,Hoburg A 68560,Y,2018,313
2018-11-10,,,8.2,Y,8.2,Hoburg A 68560,Y,2018,314
2018-11-11,,,7.9,Y,7.9,Hoburg A 68560,Y,2018,315
2018-11-12,,,8.4,Y,8.4,Hoburg A 68560,Y,2018,316
2018-11-13,,,7.9,Y,7.9,Hoburg A 68560,Y,2018,317
2018-11-14,,,7.6,Y,7.6,Hoburg A 68560,Y,2018,318
2018-11-15,,,7.3,Y,7.3,Hoburg A 68560,Y,2018,319
2018-11-16,,,7.5,Y,7.5,Hoburg A 68560,Y,2018,320
2018-11-17,,,5.6,Y,5.6,Hoburg A 68560,Y,2018,321
2018-11-18,,,5.7,Y,5.7,Hoburg A 68560,Y,2018,322
2018-11-19,,,3.7,Y,3.7,Hoburg A 68560,Y,2018,323
2018-11-20,,,3.2,Y,3.2,Hoburg A 68560,Y,2018,324
2018-11-21,,,3.9,Y,3.9,Hoburg A 68560,Y,2018,325
2018-11-22,,,2.5,Y,2.5,Hoburg A 68560,Y,2018,326
2018-11-23,,,3.5,Y,3.5,Hoburg A 68560,Y,2018,327
2018-11-24,,,1.9,Y,1.9,Hoburg A 68560,Y,2018,328
2018-11-25,,,2.1,Y,2.1,Hoburg A 68560,Y,2018,329
2018-11-26,,,2.1,Y,2.1,Hoburg A 68560,Y,2018,330
2018-11-27,,,1.3,Y,1.3,Hoburg A 68560,Y,2018,331
2018-11-28,,,0.9,Y,0.9,Hoburg A 68560,Y,2018,332
2018-11-29,,,2.5,Y,2.5,Hoburg A 68560,Y,2018,333
2018-11-30,,,3,Y,3,Hoburg A 68560,Y,2018,334
2018-12-01,,,1.9,Y,1.9,Hoburg A 68560,Y,2018,335
2018-12-02,,,5.4,Y,5.4,Hoburg A 68560,Y,2018,336
2018-12-03,,,6.1,Y,6.1,Hoburg A 68560,Y,2018,337
2018-12-04,,,5.9,Y,5.9,Hoburg A 68560,Y,2018,338
2018-12-05,,,2.9,Y,2.9,Hoburg A 68560,Y,2018,339
2018-12-06,,,4.8,Y,4.8,Hoburg A 68560,Y,2018,340
2018-12-07,,,6,Y,6,Hoburg A 68560,Y,2018,341
2018-12-08,,,6.4,Y,6.4,Hoburg A 68560,Y,2018,342
2018-12-09,,,6.1,Y,6.1,Hoburg A 68560,Y,2018,343
2018-12-10,,,3.1,Y,3.1,Hoburg A 68560,Y,2018,344
2018-12-11,,,2.8,Y,2.8,Hoburg A 68560,Y,2018,345
2018-12-12,,,2.6,Y,2.6,Hoburg A 68560,Y,2018,346
2018-12-13,,,1.4,Y,1.4,Hoburg A 68560,Y,2018,347
2018-12-14,,,1.7,Y,1.7,Hoburg A 68560,Y,2018,348
2018-12-15,,,1.6,Y,1.6,Hoburg A 68560,Y,2018,349
2018-12-16,,,1,Y,1,Hoburg A 68560,Y,2018,350
2018-12-17,,,1.1,Y,1.1,Hoburg A 68560,Y,2018,351
2018-12-18,,,1.1,Y,1.1,Hoburg A 68560,Y,2018,352
2018-12-19,,,3.3,Y,3.3,Hoburg A 68560,Y,2018,353
2018-12-20,,,1,Y,1,Hoburg A 68560,Y,2018,354
2018-12-21,,,-0.8,Y,-0.8,Hoburg A 68560,Y,2018,355
2018-12-22,,,0.6,Y,0.6,Hoburg A 68560,Y,2018,356
2018-12-23,,,-0.7,Y,-0.7,Hoburg A 68560,Y,2018,357
2018-12-24,,,-0.8,Y,-0.8,Hoburg A 68560,Y,2018,358
2018-12-25,,,3,Y,3,Hoburg A 68560,Y,2018,359
2018-12-26,,,4.3,Y,4.3,Hoburg A 68560,Y,2018,360
2018-12-27,,,4.9,Y,4.9,Hoburg A 68560,Y,2018,361
2018-12-28,,,2.9,Y,2.9,Hoburg A 68560,Y,2018,362
2018-12-29,,,2.8,Y,2.8,Hoburg A 68560,Y,2018,363
2018-12-30,,,2.6,Y,2.6,Hoburg A 68560,Y,2018,364
2018-12-31,,,2.1,Y,2.1,Hoburg A 68560,Y,2018,365
2019-01-01,,,5.1,Y,5.1,Hoburg A 68560,Y,2019,1
2019-01-02,,,1,Y,1,Hoburg A 68560,Y,2019,2
2019-01-03,,,-1.6,Y,-1.6,Hoburg A 68560,Y,2019,3
2019-01-04,,,2.7,Y,2.7,Hoburg A 68560,Y,2019,4
2019-01-05,,,1.5,Y,1.5,Hoburg A 68560,Y,2019,5
2019-01-06,,,0.4,Y,0.4,Hoburg A 68560,Y,2019,6
2019-01-07,,,3.1,Y,3.1,Hoburg A 68560,Y,2019,7
2019-01-08,,,4.1,Y,4.1,Hoburg A 68560,Y,2019,8
2019-01-09,,,1.7,Y,1.7,Hoburg A 68560,Y,2019,9
2019-01-10,,,0.4,Y,0.4,Hoburg A 68560,Y,2019,10
2019-01-11,,,2.9,Y,2.9,Hoburg A 68560,Y,2019,11
2019-01-12,,,1.8,Y,1.8,Hoburg A 68560,Y,2019,12
2019-01-13,,,2,Y,2,Hoburg A 68560,Y,2019,13
2019-01-14,,,0.1,Y,0.1,Hoburg A 68560,Y,2019,14
2019-01-15,,,0.1,Y,0.1,Hoburg A 68560,Y,2019,15
2019-01-16,,,1.9,Y,1.9,Hoburg A 68560,Y,2019,16
2019-01-17,,,1.6,Y,1.6,Hoburg A 68560,Y,2019,17
2019-01-18,,,-0.4,Y,-0.4,Hoburg A 68560,Y,2019,18
2019-01-19,,,1.3,Y,1.3,Hoburg A 68560,Y,2019,19
2019-01-20,,,-0.1,Y,-0.1,Hoburg A 68560,Y,2019,20
2019-01-21,,,-0.6,Y,-0.6,Hoburg A 68560,Y,2019,21
2019-01-22,,,1.1,Y,1.1,Hoburg A 68560,Y,2019,22
2019-01-23,,,0.2,Y,0.2,Hoburg A 68560,Y,2019,23
2019-01-24,,,0.1,Y,0.1,Hoburg A 68560,Y,2019,24
2019-01-25,,,-1.1,Y,-1.1,Hoburg A 68560,Y,2019,25
2019-01-26,,,-2,Y,-2,Hoburg A 68560,Y,2019,26
2019-01-27,,,-0.6,Y,-0.6,Hoburg A 68560,Y,2019,27
2019-01-28,,,2,Y,2,Hoburg A 68560,Y,2019,28
2019-01-29,,,1.2,Y,1.2,Hoburg A 68560,Y,2019,29
2019-01-30,,,-2.7,Y,-2.7,Hoburg A 68560,Y,2019,30
2019-01-31,,,-0.2,Y,-0.2,Hoburg A 68560,Y,2019,31
2019-02-01,,,0.6,Y,0.6,Hoburg A 68560,Y,2019,32
2019-02-02,,,1.6,Y,1.6,Hoburg A 68560,Y,2019,33
2019-02-03,,,0.4,Y,0.4,Hoburg A 68560,Y,2019,34
2019-02-04,,,0,Y,0,Hoburg A 68560,Y,2019,35
2019-02-05,,,2.8,Y,2.8,Hoburg A 68560,Y,2019,36
2019-02-06,,,0.3,Y,0.3,Hoburg A 68560,Y,2019,37
2019-02-07,,,2.6,Y,2.6,Hoburg A 68560,Y,2019,38
2019-02-08,,,3.8,Y,3.8,Hoburg A 68560,Y,2019,39
2019-02-09,,,3.7,Y,3.7,Hoburg A 68560,Y,2019,40
2019-02-10,,,4,Y,4,Hoburg A 68560,Y,2019,41
2019-02-11,,,2.4,Y,2.4,Hoburg A 68560,Y,2019,42
2019-02-12,,,1.5,Y,1.5,Hoburg A 68560,Y,2019,43
2019-02-13,,,4.1,Y,4.1,Hoburg A 68560,Y,2019,44
2019-02-14,,,4.2,Y,4.2,Hoburg A 68560,Y,2019,45
2019-02-15,,,4.1,Y,4.1,Hoburg A 68560,Y,2019,46
2019-02-16,,,4.2,Y,4.2,Hoburg A 68560,Y,2019,47
2019-02-17,,,4.4,Y,4.4,Hoburg A 68560,Y,2019,48
2019-02-18,,,2.8,Y,2.8,Hoburg A 68560,Y,2019,49
2019-02-19,,,3.7,Y,3.7,Hoburg A 68560,Y,2019,50
2019-02-20,,,2.8,Y,2.8,Hoburg A 68560,Y,2019,51
2019-02-21,,,-0.1,Y,-0.1,Hoburg A 68560,Y,2019,52
2019-02-22,,,-2.3,Y,-2.3,Hoburg A 68560,Y,2019,53
2019-02-23,,,1.4,Y,1.4,Hoburg A 68560,Y,2019,54
2019-02-24,,,4.4,Y,4.4,Hoburg A 68560,Y,2019,55
2019-02-25,,,3.5,Y,3.5,Hoburg A 68560,Y,2019,56
2019-02-26,,,5.3,Y,5.3,Hoburg A 68560,Y,2019,57
2019-02-27,,,5.4,Y,5.4,Hoburg A 68560,Y,2019,58
2019-02-28,,,4.1,Y,4.1,Hoburg A 68560,Y,2019,59
2019-03-01,,,-0.8,Y,-0.8,Hoburg A 68560,Y,2019,60
2019-03-02,,,1.7,Y,1.7,Hoburg A 68560,Y,2019,61
2019-03-03,,,3.9,Y,3.9,Hoburg A 68560,Y,2019,62
2019-03-04,,,3.9,Y,3.9,Hoburg A 68560,Y,2019,63
2019-03-05,,,0.2,Y,0.2,Hoburg A 68560,Y,2019,64
2019-03-06,,,-0.1,Y,-0.1,Hoburg A 68560,Y,2019,65
2019-03-07,,,4.1,Y,4.1,Hoburg A 68560,Y,2019,66
2019-03-08,,,4,Y,4,Hoburg A 68560,Y,2019,67
2019-03-09,,,3.2,Y,3.2,Hoburg A 68560,Y,2019,68
2019-03-10,,,1.5,Y,1.5,Hoburg A 68560,Y,2019,69
2019-03-11,,,-0.2,Y,-0.2,Hoburg A 68560,Y,2019,70
2019-03-12,,,-0.4,Y,-0.4,Hoburg A 68560,Y,2019,71
2019-03-13,,,3.4,Y,3.4,Hoburg A 68560,Y,2019,72
2019-03-14,,,3.3,Y,3.3,Hoburg A 68560,Y,2019,73
2019-03-15,,,3.2,Y,3.2,Hoburg A 68560,Y,2019,74
2019-03-16,,,3.4,Y,3.4,Hoburg A 68560,Y,2019,75
2019-03-17,,,4,Y,4,Hoburg A 68560,Y,2019,76
2019-03-18,,,3.9,Y,3.9,Hoburg A 68560,Y,2019,77
2019-03-19,,,2.2,Y,2.2,Hoburg A 68560,Y,2019,78
2019-03-20,,,3.1,Y,3.1,Hoburg A 68560,Y,2019,79
2019-03-21,,,5.3,Y,5.3,Hoburg A 68560,Y,2019,80
2019-03-22,,,4,Y,4,Hoburg A 68560,Y,2019,81
2019-03-23,,,4.7,Y,4.7,Hoburg A 68560,Y,2019,82
2019-03-24,,,4.2,Y,4.2,Hoburg A 68560,Y,2019,83
2019-03-25,,,2.8,Y,2.8,Hoburg A 68560,Y,2019,84
2019-03-26,,,2.6,Y,2.6,Hoburg A 68560,Y,2019,85
2019-03-27,,,3.7,Y,3.7,Hoburg A 68560,Y,2019,86
2019-03-28,,,5.2,Y,5.2,Hoburg A 68560,Y,2019,87
2019-03-29,,,6.3,Y,6.3,Hoburg A 68560,Y,2019,88
2019-03-30,,,5.8,Y,5.8,Hoburg A 68560,Y,2019,89
2019-03-31,,,3.5,Y,3.5,Hoburg A 68560,Y,2019,90
2019-04-01,,,3.1,Y,3.1,Hoburg A 68560,Y,2019,91
2019-04-02,,,4.7,Y,4.7,Hoburg A 68560,Y,2019,92
2019-04-03,,,5.9,Y,5.9,Hoburg A 68560,Y,2019,93
2019-04-04,,,6.3,Y,6.3,Hoburg A 68560,Y,2019,94
2019-04-05,,,7.8,Y,7.8,Hoburg A 68560,Y,2019,95
2019-04-06,,,6.7,Y,6.7,Hoburg A 68560,Y,2019,96
2019-04-07,,,7.3,Y,7.3,Hoburg A 68560,Y,2019,97
2019-04-08,,,2.9,Y,2.9,Hoburg A 68560,Y,2019,98
2019-04-09,,,1.7,Y,1.7,Hoburg A 68560,Y,2019,99
2019-04-10,,,0.8,Y,0.8,Hoburg A 68560,Y,2019,100
2019-04-11,,,0.6,Y,0.6,Hoburg A 68560,Y,2019,101
2019-04-12,,,1.1,Y,1.1,Hoburg A 68560,Y,2019,102
2019-04-13,,,2.2,Y,2.2,Hoburg A 68560,Y,2019,103
2019-04-14,,,3.7,Y,3.7,Hoburg A 68560,Y,2019,104
2019-04-15,,,4.7,Y,4.7,Hoburg A 68560,Y,2019,105
2019-04-16,,,6.4,Y,6.4,Hoburg A 68560,Y,2019,106
2019-04-17,,,8.3,Y,8.3,Hoburg A 68560,Y,2019,107
2019-04-18,,,7.5,Y,7.5,Hoburg A 68560,Y,2019,108
2019-04-19,,,7.9,Y,7.9,Hoburg A 68560,Y,2019,109
2019-04-20,,,10.1,Y,10.1,Hoburg A 68560,Y,2019,110
2019-04-21,,,8.7,Y,8.7,Hoburg A 68560,Y,2019,111
2019-04-22,,,8.6,Y,8.6,Hoburg A 68560,Y,2019,112
2019-04-23,,,11.2,Y,11.2,Hoburg A 68560,Y,2019,113
2019-04-24,,,10.9,Y,10.9,Hoburg A 68560,Y,2019,114
2019-04-25,,,10.6,Y,10.6,Hoburg A 68560,Y,2019,115
2019-04-26,,,13.2,Y,13.2,Hoburg A 68560,Y,2019,116
2019-04-27,,,14,Y,14,Hoburg A 68560,Y,2019,117
2019-04-28,,,11.6,Y,11.6,Hoburg A 68560,Y,2019,118
2019-04-29,,,9.2,Y,9.2,Hoburg A 68560,Y,2019,119
2019-04-30,,,8.7,Y,8.7,Hoburg A 68560,Y,2019,120
2019-05-01,,,7.7,Y,7.7,Hoburg A 68560,Y,2019,121
2019-05-02,,,7.4,Y,7.4,Hoburg A 68560,Y,2019,122
2019-05-03,,,4.9,Y,4.9,Hoburg A 68560,Y,2019,123
2019-05-04,,,4.2,Y,4.2,Hoburg A 68560,Y,2019,124
2019-05-05,,,6.2,Y,6.2,Hoburg A 68560,Y,2019,125
2019-05-06,,,7.2,Y,7.2,Hoburg A 68560,Y,2019,126
2019-05-07,,,6.5,Y,6.5,Hoburg A 68560,Y,2019,127
2019-05-08,,,7.7,Y,7.7,Hoburg A 68560,Y,2019,128
2019-05-09,,,9.7,Y,9.7,Hoburg A 68560,Y,2019,129
2019-05-10,,,7.4,Y,7.4,Hoburg A 68560,Y,2019,130
2019-05-11,,,7.2,Y,7.2,Hoburg A 68560,Y,2019,131
2019-05-12,,,8.4,Y,8.4,Hoburg A 68560,Y,2019,132
2019-05-13,,,7.5,Y,7.5,Hoburg A 68560,Y,2019,133
2019-05-14,,,7.5,Y,7.5,Hoburg A 68560,Y,2019,134
2019-05-15,,,9.2,Y,9.2,Hoburg A 68560,Y,2019,135
2019-05-16,,,11.7,Y,11.7,Hoburg A 68560,Y,2019,136
2019-05-17,,,10.5,Y,10.5,Hoburg A 68560,Y,2019,137
2019-05-18,,,12.9,Y,12.9,Hoburg A 68560,Y,2019,138
2019-05-19,,,13.3,Y,13.3,Hoburg A 68560,Y,2019,139
2019-05-20,,,15.8,Y,15.8,Hoburg A 68560,Y,2019,140
2019-05-21,,,16.5,Y,16.5,Hoburg A 68560,Y,2019,141
2019-05-22,,,17.5,Y,17.5,Hoburg A 68560,Y,2019,142
2019-05-23,,,11.4,Y,11.4,Hoburg A 68560,Y,2019,143
2019-05-24,,,11.7,Y,11.7,Hoburg A 68560,Y,2019,144
2019-05-25,,,11.1,Y,11.1,Hoburg A 68560,Y,2019,145
2019-05-26,,,10.3,Y,10.3,Hoburg A 68560,Y,2019,146
2019-05-27,,,10.1,Y,10.1,Hoburg A 68560,Y,2019,147
2019-05-28,,,10.4,Y,10.4,Hoburg A 68560,Y,2019,148
2019-05-29,,,10,Y,10,Hoburg A 68560,Y,2019,149
2019-05-30,,,10.3,Y,10.3,Hoburg A 68560,Y,2019,150
2019-05-31,,,11.8,Y,11.8,Hoburg A 68560,Y,2019,151
2019-06-01,,,11.3,Y,11.3,Hoburg A 68560,Y,2019,152
2019-06-02,,,12.3,Y,12.3,Hoburg A 68560,Y,2019,153
2019-06-03,,,12.5,Y,12.5,Hoburg A 68560,Y,2019,154
2019-06-04,,,15.6,Y,15.6,Hoburg A 68560,Y,2019,155
2019-06-05,,,17.7,Y,17.7,Hoburg A 68560,Y,2019,156
2019-06-06,,,19,Y,19,Hoburg A 68560,Y,2019,157
2019-06-07,,,15.5,Y,15.5,Hoburg A 68560,Y,2019,158
2019-06-08,,,15.9,Y,15.9,Hoburg A 68560,Y,2019,159
2019-06-09,,,14.2,Y,14.2,Hoburg A 68560,Y,2019,160
2019-06-10,,,13.9,Y,13.9,Hoburg A 68560,Y,2019,161
2019-06-11,,,14.3,Y,14.3,Hoburg A 68560,Y,2019,162
2019-06-12,,,15.5,Y,15.5,Hoburg A 68560,Y,2019,163
2019-06-13,,,15.3,Y,15.3,Hoburg A 68560,Y,2019,164
2019-06-14,,,16.3,Y,16.3,Hoburg A 68560,Y,2019,165
2019-06-15,,,17,Y,17,Hoburg A 68560,Y,2019,166
2019-06-16,,,18.8,Y,18.8,Hoburg A 68560,Y,2019,167
2019-06-17,,,16.9,Y,16.9,Hoburg A 68560,Y,2019,168
2019-06-18,,,17.6,Y,17.6,Hoburg A 68560,Y,2019,169
2019-06-19,,,18.2,Y,18.2,Hoburg A 68560,Y,2019,170
2019-06-20,,,18.8,Y,18.8,Hoburg A 68560,Y,2019,171
2019-06-21,,,17.7,Y,17.7,Hoburg A 68560,Y,2019,172
2019-06-22,,,16,Y,16,Hoburg A 68560,Y,2019,173
2019-06-23,,,16.7,Y,16.7,Hoburg A 68560,Y,2019,174
2019-06-24,,,17.6,Y,17.6,Hoburg A 68560,Y,2019,175
2019-06-25,,,17.9,Y,17.9,Hoburg A 68560,Y,2019,176
2019-06-26,,,19.2,Y,19.2,Hoburg A 68560,Y,2019,177
2019-06-27,,,17.2,Y,17.2,Hoburg A 68560,Y,2019,178
2019-06-28,,,16.8,Y,16.8,Hoburg A 68560,Y,2019,179
2019-06-29,,,18.1,Y,18.1,Hoburg A 68560,Y,2019,180
2019-06-30,,,20.1,Y,20.1,Hoburg A 68560,Y,2019,181
2019-07-01,,,18.5,Y,18.5,Hoburg A 68560,Y,2019,182
2019-07-02,,,14.4,Y,14.4,Hoburg A 68560,Y,2019,183
2019-07-03,,,15.2,Y,15.2,Hoburg A 68560,Y,2019,184
2019-07-04,,,14.6,Y,14.6,Hoburg A 68560,Y,2019,185
2019-07-05,,,13.9,Y,13.9,Hoburg A 68560,Y,2019,186
2019-07-06,,,14.9,Y,14.9,Hoburg A 68560,Y,2019,187
2019-07-07,,,14.2,Y,14.2,Hoburg A 68560,Y,2019,188
2019-07-08,,,15.3,Y,15.3,Hoburg A 68560,Y,2019,189
2019-07-09,,,13,Y,13,Hoburg A 68560,Y,2019,190
2019-07-10,,,13.4,Y,13.4,Hoburg A 68560,Y,2019,191
2019-07-11,,,15.4,Y,15.4,Hoburg A 68560,Y,2019,192
2019-07-12,,,15,Y,15,Hoburg A 68560,Y,2019,193
2019-07-13,,,15.8,Y,15.8,Hoburg A 68560,Y,2019,194
2019-07-14,,,16.6,Y,16.6,Hoburg A 68560,Y,2019,195
2019-07-15,,,16.6,Y,16.6,Hoburg A 68560,Y,2019,196
2019-07-16,,,14,Y,14,Hoburg A 68560,Y,2019,197
2019-07-17,,,14.9,Y,14.9,Hoburg A 68560,Y,2019,198
2019-07-18,,,16.7,Y,16.7,Hoburg A 68560,Y,2019,199
2019-07-19,,,17.2,Y,17.2,Hoburg A 68560,Y,2019,200
2019-07-20,,,18,Y,18,Hoburg A 68560,Y,2019,201
2019-07-21,,,18.4,Y,18.4,Hoburg A 68560,Y,2019,202
2019-07-22,,,18,Y,18,Hoburg A 68560,Y,2019,203
2019-07-23,,,17.2,Y,17.2,Hoburg A 68560,Y,2019,204
2019-07-24,,,18.5,Y,18.5,Hoburg A 68560,Y,2019,205
2019-07-25,,,20.7,Y,20.7,Hoburg A 68560,Y,2019,206
2019-07-26,,,21.3,Y,21.3,Hoburg A 68560,Y,2019,207
2019-07-27,,,21.9,Y,21.9,Hoburg A 68560,Y,2019,208
2019-07-28,,,22.4,Y,22.4,Hoburg A 68560,Y,2019,209
2019-07-29,,,22.2,Y,22.2,Hoburg A 68560,Y,2019,210
2019-07-30,,,17.3,Y,17.3,Hoburg A 68560,Y,2019,211
2019-07-31,,,15.5,Y,15.5,Hoburg A 68560,Y,2019,212
2019-08-01,,,15.1,Y,15.1,Hoburg A 68560,Y,2019,213
2019-08-02,,,16.8,Y,16.8,Hoburg A 68560,Y,2019,214
2019-08-03,,,16.7,Y,16.7,Hoburg A 68560,Y,2019,215
2019-08-04,,,15.5,Y,15.5,Hoburg A 68560,Y,2019,216
2019-08-05,,,17.6,Y,17.6,Hoburg A 68560,Y,2019,217
2019-08-06,,,18.9,Y,18.9,Hoburg A 68560,Y,2019,218
2019-08-07,,,19.3,Y,19.3,Hoburg A 68560,Y,2019,219
2019-08-08,,,18.9,Y,18.9,Hoburg A 68560,Y,2019,220
2019-08-09,,,19.1,Y,19.1,Hoburg A 68560,Y,2019,221
2019-08-10,,,17.1,Y,17.1,Hoburg A 68560,Y,2019,222
2019-08-11,,,19.7,Y,19.7,Hoburg A 68560,Y,2019,223
2019-08-12,,,18.8,Y,18.8,Hoburg A 68560,Y,2019,224
2019-08-13,,,17.2,Y,17.2,Hoburg A 68560,Y,2019,225
2019-08-14,,,16.7,Y,16.7,Hoburg A 68560,Y,2019,226
2019-08-15,,,16.7,Y,16.7,Hoburg A 68560,Y,2019,227
2019-08-16,,,18.5,Y,18.5,Hoburg A 68560,Y,2019,228
2019-08-17,,,18.4,Y,18.4,Hoburg A 68560,Y,2019,229
2019-08-18,,,18.9,Y,18.9,Hoburg A 68560,Y,2019,230
2019-08-19,,,17.8,Y,17.8,Hoburg A 68560,Y,2019,231
2019-08-20,,,18.4,Y,18.4,Hoburg A 68560,Y,2019,232
2019-08-21,,,17.9,Y,17.9,Hoburg A 68560,Y,2019,233
2019-08-22,,,17.5,Y,17.5,Hoburg A 68560,Y,2019,234
2019-08-23,,,19.2,Y,19.2,Hoburg A 68560,Y,2019,235
2019-08-24,,,18.5,Y,18.5,Hoburg A 68560,Y,2019,236
2019-08-25,,,17.8,Y,17.8,Hoburg A 68560,Y,2019,237
2019-08-26,,,19.3,Y,19.3,Hoburg A 68560,Y,2019,238
2019-08-27,,,20.5,Y,20.5,Hoburg A 68560,Y,2019,239
2019-08-28,,,21.4,Y,21.4,Hoburg A 68560,Y,2019,240
2019-08-29,,,20.8,Y,20.8,Hoburg A 68560,Y,2019,241
2019-08-30,,,19.4,Y,19.4,Hoburg A 68560,Y,2019,242
2019-08-31,,,19.9,Y,19.9,Hoburg A 68560,Y,2019,243
2019-09-01,,,21.5,Y,21.5,Hoburg A 68560,Y,2019,244
2019-09-02,,,17.4,Y,17.4,Hoburg A 68560,Y,2019,245
2019-09-03,,,16,Y,16,Hoburg A 68560,Y,2019,246
2019-09-04,,,16.4,Y,16.4,Hoburg A 68560,Y,2019,247
2019-09-05,,,17.3,Y,17.3,Hoburg A 68560,Y,2019,248
2019-09-06,,,15.1,Y,15.1,Hoburg A 68560,Y,2019,249
2019-09-07,,,15.9,Y,15.9,Hoburg A 68560,Y,2019,250
2019-09-08,,,14.4,Y,14.4,Hoburg A 68560,Y,2019,251
2019-09-09,,,17.3,Y,17.3,Hoburg A 68560,Y,2019,252
2019-09-10,,,16.8,Y,16.8,Hoburg A 68560,Y,2019,253
2019-09-11,,,16,Y,16,Hoburg A 68560,Y,2019,254
2019-09-12,,,16.3,Y,16.3,Hoburg A 68560,Y,2019,255
2019-09-13,,,15.7,Y,15.7,Hoburg A 68560,Y,2019,256
2019-09-14,,,14.3,Y,14.3,Hoburg A 68560,Y,2019,257
2019-09-15,,,14.6,Y,14.6,Hoburg A 68560,Y,2019,258
2019-09-16,,,13.9,Y,13.9,Hoburg A 68560,Y,2019,259
2019-09-17,,,10.3,Y,10.3,Hoburg A 68560,Y,2019,260
2019-09-18,,,11,Y,11,Hoburg A 68560,Y,2019,261
2019-09-19,,,10.6,Y,10.6,Hoburg A 68560,Y,2019,262
2019-09-20,,,11.2,Y,11.2,Hoburg A 68560,Y,2019,263
2019-09-21,,,13.5,Y,13.5,Hoburg A 68560,Y,2019,264
2019-09-22,,,13.4,Y,13.4,Hoburg A 68560,Y,2019,265
2019-09-23,,,10.6,Y,10.6,Hoburg A 68560,Y,2019,266
2019-09-24,,,11.9,Y,11.9,Hoburg A 68560,Y,2019,267
2019-09-25,,,12.7,Y,12.7,Hoburg A 68560,Y,2019,268
2019-09-26,,,11.1,Y,11.1,Hoburg A 68560,Y,2019,269
2019-09-27,,,12.8,Y,12.8,Hoburg A 68560,Y,2019,270
2019-09-28,,,13.6,Y,13.6,Hoburg A 68560,Y,2019,271
2019-09-29,,,13.4,Y,13.4,Hoburg A 68560,Y,2019,272
2019-09-30,,,13.3,Y,13.3,Hoburg A 68560,Y,2019,273
2019-10-01,,,10.7,Y,10.7,Hoburg A 68560,Y,2019,274
2019-10-02,,,10.5,Y,10.5,Hoburg A 68560,Y,2019,275
2019-10-03,,,8.3,Y,8.3,Hoburg A 68560,Y,2019,276
2019-10-04,,,6.8,Y,6.8,Hoburg A 68560,Y,2019,277
2019-10-05,,,5.7,Y,5.7,Hoburg A 68560,Y,2019,278
2019-10-06,,,5.7,Y,5.7,Hoburg A 68560,Y,2019,279
2019-10-07,,,6.1,Y,6.1,Hoburg A 68560,Y,2019,280
2019-10-08,,,7.6,Y,7.6,Hoburg A 68560,Y,2019,281
2019-10-09,,,10.6,Y,10.6,Hoburg A 68560,Y,2019,282
2019-10-10,,,11.1,Y,11.1,Hoburg A 68560,Y,2019,283
2019-10-11,,,11.7,Y,11.7,Hoburg A 68560,Y,2019,284
2019-10-12,,,11.6,Y,11.6,Hoburg A 68560,Y,2019,285
2019-10-13,,,10.9,Y,10.9,Hoburg A 68560,Y,2019,286
2019-10-14,,,11.8,Y,11.8,Hoburg A 68560,Y,2019,287
2019-10-15,,,11.5,Y,11.5,Hoburg A 68560,Y,2019,288
2019-10-16,,,11.7,Y,11.7,Hoburg A 68560,Y,2019,289
2019-10-17,,,10.4,Y,10.4,Hoburg A 68560,Y,2019,290
2019-10-18,,,11.5,Y,11.5,Hoburg A 68560,Y,2019,291
2019-10-19,,,11.1,Y,11.1,Hoburg A 68560,Y,2019,292
2019-10-20,,,11.3,Y,11.3,Hoburg A 68560,Y,2019,293
2019-10-21,,,10.5,Y,10.5,Hoburg A 68560,Y,2019,294
2019-10-22,,,11.1,Y,11.1,Hoburg A 68560,Y,2019,295
2019-10-23,,,10.1,Y,10.1,Hoburg A 68560,Y,2019,296
2019-10-24,,,10.9,Y,10.9,Hoburg A 68560,Y,2019,297
2019-10-25,,,11.5,Y,11.5,Hoburg A 68560,Y,2019,298
2019-10-26,,,11.5,Y,11.5,Hoburg A 68560,Y,2019,299
2019-10-27,,,10,Y,10,Hoburg A 68560,Y,2019,300
2019-10-28,,,6.8,Y,6.8,Hoburg A 68560,Y,2019,301
2019-10-29,,,6.1,Y,6.1,Hoburg A 68560,Y,2019,302
2019-10-30,,,5.2,Y,5.2,Hoburg A 68560,Y,2019,303
2019-10-31,,,6.9,Y,6.9,Hoburg A 68560,Y,2019,304
2019-11-01,,,7,Y,7,Hoburg A 68560,Y,2019,305
2019-11-02,,,7.4,Y,7.4,Hoburg A 68560,Y,2019,306
2019-11-03,,,8.5,Y,8.5,Hoburg A 68560,Y,2019,307
2019-11-04,,,7.5,Y,7.5,Hoburg A 68560,Y,2019,308
2019-11-05,,,5.5,Y,5.5,Hoburg A 68560,Y,2019,309
2019-11-06,,,4.5,Y,4.5,Hoburg A 68560,Y,2019,310
2019-11-07,,,5.3,Y,5.3,Hoburg A 68560,Y,2019,311
2019-11-08,,,7.9,Y,7.9,Hoburg A 68560,Y,2019,312
2019-11-09,,,7.9,Y,7.9,Hoburg A 68560,Y,2019,313
2019-11-10,,,5.1,Y,5.1,Hoburg A 68560,Y,2019,314
2019-11-11,,,5.3,Y,5.3,Hoburg A 68560,Y,2019,315
2019-11-12,,,7.3,Y,7.3,Hoburg A 68560,Y,2019,316
2019-11-13,,,5.7,Y,5.7,Hoburg A 68560,Y,2019,317
2019-11-14,,,5.6,Y,5.6,Hoburg A 68560,Y,2019,318
2019-11-15,,,6.9,Y,6.9,Hoburg A 68560,Y,2019,319
2019-11-16,,,8.3,Y,8.3,Hoburg A 68560,Y,2019,320
2019-11-17,,,7.5,Y,7.5,Hoburg A 68560,Y,2019,321
2019-11-18,,,8.6,Y,8.6,Hoburg A 68560,Y,2019,322
2019-11-19,,,8,Y,8,Hoburg A 68560,Y,2019,323
2019-11-20,,,6.8,Y,6.8,Hoburg A 68560,Y,2019,324
2019-11-21,,,7.2,Y,7.2,Hoburg A 68560,Y,2019,325
2019-11-22,,,5.8,Y,5.8,Hoburg A 68560,Y,2019,326
2019-11-23,,,4,Y,4,Hoburg A 68560,Y,2019,327
2019-11-24,,,4,Y,4,Hoburg A 68560,Y,2019,328
2019-11-25,,,4,Y,4,Hoburg A 68560,Y,2019,329
2019-11-26,,,5.4,Y,5.4,Hoburg A 68560,Y,2019,330
2019-11-27,,,6.3,Y,6.3,Hoburg A 68560,Y,2019,331
2019-11-28,,,7.5,Y,7.5,Hoburg A 68560,Y,2019,332
2019-11-29,,,4.6,Y,4.6,Hoburg A 68560,Y,2019,333
2019-11-30,,,2.5,Y,2.5,Hoburg A 68560,Y,2019,334
2019-12-01,,,2,Y,2,Hoburg A 68560,Y,2019,335
2019-12-02,,,2.5,Y,2.5,Hoburg A 68560,Y,2019,336
2019-12-03,,,3.2,Y,3.2,Hoburg A 68560,Y,2019,337
2019-12-04,,,5.8,Y,5.8,Hoburg A 68560,Y,2019,338
2019-12-05,,,6.1,Y,6.1,Hoburg A 68560,Y,2019,339
2019-12-06,,,6.5,Y,6.5,Hoburg A 68560,Y,2019,340
2019-12-07,,,6.4,Y,6.4,Hoburg A 68560,Y,2019,341
2019-12-08,,,6.1,Y,6.1,Hoburg A 68560,Y,2019,342
2019-12-09,,,6.8,Y,6.8,Hoburg A 68560,Y,2019,343
2019-12-10,,,1.8,Y,1.8,Hoburg A 68560,Y,2019,344
2019-12-11,,,4.2,Y,4.2,Hoburg A 68560,Y,2019,345
2019-12-12,,,3.5,Y,3.5,Hoburg A 68560,Y,2019,346
2019-12-13,,,4.3,Y,4.3,Hoburg A 68560,Y,2019,347
2019-12-14,,,4.4,Y,4.4,Hoburg A 68560,Y,2019,348
2019-12-15,,,5,Y,5,Hoburg A 68560,Y,2019,349
2019-12-16,,,5.2,Y,5.2,Hoburg A 68560,Y,2019,350
2019-12-17,,,5.6,Y,5.6,Hoburg A 68560,Y,2019,351
2019-12-18,,,6.4,Y,6.4,Hoburg A 68560,Y,2019,352
2019-12-19,,,4.5,Y,4.5,Hoburg A 68560,Y,2019,353
2019-12-20,,,5.2,Y,5.2,Hoburg A 68560,Y,2019,354
2019-12-21,,,5.5,Y,5.5,Hoburg A 68560,Y,2019,355
2019-12-22,,,5.6,Y,5.6,Hoburg A 68560,Y,2019,356
2019-12-23,,,4.9,Y,4.9,Hoburg A 68560,Y,2019,357
2019-12-24,,,4.7,Y,4.7,Hoburg A 68560,Y,2019,358
2019-12-25,,,4.7,Y,4.7,Hoburg A 68560,Y,2019,359
2019-12-26,,,3.9,Y,3.9,Hoburg A 68560,Y,2019,360
2019-12-27,,,1.3,Y,1.3,Hoburg A 68560,Y,2019,361
2019-12-28,,,1,Y,1,Hoburg A 68560,Y,2019,362
2019-12-29,,,3.3,Y,3.3,Hoburg A 68560,Y,2019,363
2019-12-30,,,5.8,Y,5.8,Hoburg A 68560,Y,2019,364
2019-12-31,,,5,Y,5,Hoburg A 68560,Y,2019,365
2020-01-01,,,4.1,Y,4.1,Hoburg A 68560,Y,2020,1
2020-01-02,,,3.6,Y,3.6,Hoburg A 68560,Y,2020,2
2020-01-03,,,4.4,Y,4.4,Hoburg A 68560,Y,2020,3
2020-01-04,,,3.3,Y,3.3,Hoburg A 68560,Y,2020,4
2020-01-05,,,2.8,Y,2.8,Hoburg A 68560,Y,2020,5
2020-01-06,,,4.7,Y,4.7,Hoburg A 68560,Y,2020,6
2020-01-07,,,4.7,Y,4.7,Hoburg A 68560,Y,2020,7
2020-01-08,,,5.6,Y,5.6,Hoburg A 68560,Y,2020,8
2020-01-09,,,4.2,Y,4.2,Hoburg A 68560,Y,2020,9
2020-01-10,,,4.7,Y,4.7,Hoburg A 68560,Y,2020,10
2020-01-11,,,3.3,Y,3.3,Hoburg A 68560,Y,2020,11
2020-01-12,,,5.4,Y,5.4,Hoburg A 68560,Y,2020,12
2020-01-13,,,4.2,Y,4.2,Hoburg A 68560,Y,2020,13
2020-01-14,,,5.1,Y,5.1,Hoburg A 68560,Y,2020,14
2020-01-15,,,7,Y,7,Hoburg A 68560,Y,2020,15
2020-01-16,,,5.4,Y,5.4,Hoburg A 68560,Y,2020,16
2020-01-17,,,4.9,Y,4.9,Hoburg A 68560,Y,2020,17
2020-01-18,,,5.1,Y,5.1,Hoburg A 68560,Y,2020,18
2020-01-19,,,4.3,Y,4.3,Hoburg A 68560,Y,2020,19
2020-01-20,,,4,Y,4,Hoburg A 68560,Y,2020,20
2020-01-21,,,5.8,Y,5.8,Hoburg A 68560,Y,2020,21
2020-01-22,,,4.7,Y,4.7,Hoburg A 68560,Y,2020,22
2020-01-23,,,3.2,Y,3.2,Hoburg A 68560,Y,2020,23
2020-01-24,,,5.7,Y,5.7,Hoburg A 68560,Y,2020,24
2020-01-25,,,4.4,Y,4.4,Hoburg A 68560,Y,2020,25
2020-01-26,,,4.9,Y,4.9,Hoburg A 68560,Y,2020,26
2020-01-27,,,4.1,Y,4.1,Hoburg A 68560,Y,2020,27
2020-01-28,,,4.2,Y,4.2,Hoburg A 68560,Y,2020,28
2020-01-29,,,3.6,Y,3.6,Hoburg A 68560,Y,2020,29
2020-01-30,,,3.4,Y,3.4,Hoburg A 68560,Y,2020,30
2020-01-31,,,4,Y,4,Hoburg A 68560,Y,2020,31
2020-02-01,,,5.8,Y,5.8,Hoburg A 68560,Y,2020,32
2020-02-02,,,5.1,Y,5.1,Hoburg A 68560,Y,2020,33
2020-02-03,,,2.4,Y,2.4,Hoburg A 68560,Y,2020,34
2020-02-04,,,2.1,Y,2.1,Hoburg A 68560,Y,2020,35
2020-02-05,,,2.3,Y,2.3,Hoburg A 68560,Y,2020,36
2020-02-06,,,3.7,Y,3.7,Hoburg A 68560,Y,2020,37
2020-02-07,,,1.8,Y,1.8,Hoburg A 68560,Y,2020,38
2020-02-08,,,3.5,Y,3.5,Hoburg A 68560,Y,2020,39
2020-02-09,,,5.3,Y,5.3,Hoburg A 68560,Y,2020,40
2020-02-10,,,5.8,Y,5.8,Hoburg A 68560,Y,2020,41
2020-02-11,,,4,Y,4,Hoburg A 68560,Y,2020,42
2020-02-12,,,4.3,Y,4.3,Hoburg A 68560,Y,2020,43
2020-02-13,,,3.8,Y,3.8,Hoburg A 68560,Y,2020,44
2020-02-14,,,2.5,Y,2.5,Hoburg A 68560,Y,2020,45
2020-02-15,,,4.1,Y,4.1,Hoburg A 68560,Y,2020,46
2020-02-16,,,6.3,Y,6.3,Hoburg A 68560,Y,2020,47
2020-02-17,,,5.8,Y,5.8,Hoburg A 68560,Y,2020,48
2020-02-18,,,5.1,Y,5.1,Hoburg A 68560,Y,2020,49
2020-02-19,,,4.3,Y,4.3,Hoburg A 68560,Y,2020,50
2020-02-20,,,3.3,Y,3.3,Hoburg A 68560,Y,2020,51
2020-02-21,,,5.1,Y,5.1,Hoburg A 68560,Y,2020,52
2020-02-22,,,5.1,Y,5.1,Hoburg A 68560,Y,2020,53
2020-02-23,,,5.2,Y,5.2,Hoburg A 68560,Y,2020,54
2020-02-24,,,3.4,Y,3.4,Hoburg A 68560,Y,2020,55
2020-02-25,,,3.3,Y,3.3,Hoburg A 68560,Y,2020,56
2020-02-26,,,2.8,Y,2.8,Hoburg A 68560,Y,2020,57
2020-02-27,,,0.6,Y,0.6,Hoburg A 68560,Y,2020,58
2020-02-28,,,0.1,Y,0.1,Hoburg A 68560,Y,2020,59
2020-02-29,,,3.2,Y,3.2,Hoburg A 68560,Y,2020,60
2020-03-01,,,4.9,Y,4.9,Hoburg A 68560,Y,2020,61
2020-03-02,,,4.3,Y,4.3,Hoburg A 68560,Y,2020,62
2020-03-03,,,4.9,Y,4.9,Hoburg A 68560,Y,2020,63
2020-03-04,,,4.4,Y,4.4,Hoburg A 68560,Y,2020,64
2020-03-05,,,3.7,Y,3.7,Hoburg A 68560,Y,2020,65
2020-03-06,,,4,Y,4,Hoburg A 68560,Y,2020,66
2020-03-07,,,4.1,Y,4.1,Hoburg A 68560,Y,2020,67
2020-03-08,,,3.6,Y,3.6,Hoburg A 68560,Y,2020,68
2020-03-09,,,5,Y,5,Hoburg A 68560,Y,2020,69
2020-03-10,,,4.7,Y,4.7,Hoburg A 68560,Y,2020,70
2020-03-11,,,6.5,Y,6.5,Hoburg A 68560,Y,2020,71
2020-03-12,,,5,Y,5,Hoburg A 68560,Y,2020,72
2020-03-13,,,3.6,Y,3.6,Hoburg A 68560,Y,2020,73
2020-03-14,,,0.1,Y,0.1,Hoburg A 68560,Y,2020,74
2020-03-15,,,4.1,Y,4.1,Hoburg A 68560,Y,2020,75
2020-03-16,,,4.6,Y,4.6,Hoburg A 68560,Y,2020,76
2020-03-17,,,4.8,Y,4.8,Hoburg A 68560,Y,2020,77
2020-03-18,,,5.7,Y,5.7,Hoburg A 68560,Y,2020,78
2020-03-19,,,5.5,Y,5.5,Hoburg A 68560,Y,2020,79
2020-03-20,,,3.4,Y,3.4,Hoburg A 68560,Y,2020,80
2020-03-21,,,1.7,Y,1.7,Hoburg A 68560,Y,2020,81
2020-03-22,,,1.4,Y,1.4,Hoburg A 68560,Y,2020,82
2020-03-23,,,2,Y,2,Hoburg A 68560,Y,2020,83
2020-03-24,,,3.8,Y,3.8,Hoburg A 68560,Y,2020,84
2020-03-25,,,4.7,Y,4.7,Hoburg A 68560,Y,2020,85
2020-03-26,,,4.7,Y,4.7,Hoburg A 68560,Y,2020,86
2020-03-27,,,5.2,Y,5.2,Hoburg A 68560,Y,2020,87
2020-03-28,,,5.4,Y,5.4,Hoburg A 68560,Y,2020,88
2020-03-29,,,1.2,Y,1.2,Hoburg A 68560,Y,2020,89
2020-03-30,,,1,Y,1,Hoburg A 68560,Y,2020,90
2020-03-31,,,2,Y,2,Hoburg A 68560,Y,2020,91
2020-04-01,,,5.5,Y,5.5,Hoburg A 68560,Y,2020,92
2020-04-02,,,6.2,Y,6.2,Hoburg A 68560,Y,2020,93
2020-04-03,,,4.9,Y,4.9,Hoburg A 68560,Y,2020,94
2020-04-04,,,4.8,Y,4.8,Hoburg A 68560,Y,2020,95
2020-04-05,,,5.5,Y,5.5,Hoburg A 68560,Y,2020,96
2020-04-06,,,6.7,Y,6.7,Hoburg A 68560,Y,2020,97
2020-04-07,,,8.5,Y,8.5,Hoburg A 68560,Y,2020,98
2020-04-08,,,6.5,Y,6.5,Hoburg A 68560,Y,2020,99
2020-04-09,,,6.8,Y,6.8,Hoburg A 68560,Y,2020,100
2020-04-10,,,5.4,Y,5.4,Hoburg A 68560,Y,2020,101
2020-04-11,,,6.1,Y,6.1,Hoburg A 68560,Y,2020,102
2020-04-12,,,7.1,Y,7.1,Hoburg A 68560,Y,2020,103
2020-04-13,,,4.9,Y,4.9,Hoburg A 68560,Y,2020,104
2020-04-14,,,4.6,Y,4.6,Hoburg A 68560,Y,2020,105
2020-04-15,,,7.8,Y,7.8,Hoburg A 68560,Y,2020,106
2020-04-16,,,7.5,Y,7.5,Hoburg A 68560,Y,2020,107
2020-04-17,,,6.2,Y,6.2,Hoburg A 68560,Y,2020,108
2020-04-18,,,4.6,Y,4.6,Hoburg A 68560,Y,2020,109
2020-04-19,,,6,Y,6,Hoburg A 68560,Y,2020,110
2020-04-20,,,8.1,Y,8.1,Hoburg A 68560,Y,2020,111
2020-04-21,,,8.6,Y,8.6,Hoburg A 68560,Y,2020,112
2020-04-22,,,8.8,Y,8.8,Hoburg A 68560,Y,2020,113
2020-04-23,,,9.5,Y,9.5,Hoburg A 68560,Y,2020,114
2020-04-24,,,8.1,Y,8.1,Hoburg A 68560,Y,2020,115
2020-04-25,,,6.8,Y,6.8,Hoburg A 68560,Y,2020,116
2020-04-26,,,7.9,Y,7.9,Hoburg A 68560,Y,2020,117
2020-04-27,,,7.7,Y,7.7,Hoburg A 68560,Y,2020,118
2020-04-28,,,6,Y,6,Hoburg A 68560,Y,2020,119
2020-04-29,,,4.2,Y,4.2,Hoburg A 68560,Y,2020,120
2020-04-30,,,5.6,Y,5.6,Hoburg A 68560,Y,2020,121
2020-05-01,,,7.8,Y,7.8,Hoburg A 68560,Y,2020,122
2020-05-02,,,7.1,Y,7.1,Hoburg A 68560,Y,2020,123
2020-05-03,,,7,Y,7,Hoburg A 68560,Y,2020,124
2020-05-04,,,7.9,Y,7.9,Hoburg A 68560,Y,2020,125
2020-05-05,,,7.1,Y,7.1,Hoburg A 68560,Y,2020,126
2020-05-06,,,8.7,Y,8.7,Hoburg A 68560,Y,2020,127
2020-05-07,,,8.5,Y,8.5,Hoburg A 68560,Y,2020,128
2020-05-08,,,8.5,Y,8.5,Hoburg A 68560,Y,2020,129
2020-05-09,,,9.2,Y,9.2,Hoburg A 68560,Y,2020,130
2020-05-10,,,9.3,Y,9.3,Hoburg A 68560,Y,2020,131
2020-05-11,,,5.8,Y,5.8,Hoburg A 68560,Y,2020,132
2020-05-12,,,7.3,Y,7.3,Hoburg A 68560,Y,2020,133
2020-05-13,,,6.3,Y,6.3,Hoburg A 68560,Y,2020,134
2020-05-14,,,7.6,Y,7.6,Hoburg A 68560,Y,2020,135
2020-05-15,,,8.4,Y,8.4,Hoburg A 68560,Y,2020,136
2020-05-16,,,8.2,Y,8.2,Hoburg A 68560,Y,2020,137
2020-05-17,,,8.2,Y,8.2,Hoburg A 68560,Y,2020,138
2020-05-18,,,8.6,Y,8.6,Hoburg A 68560,Y,2020,139
2020-05-19,,,9.2,Y,9.2,Hoburg A 68560,Y,2020,140
2020-05-20,,,9.2,Y,9.2,Hoburg A 68560,Y,2020,141
2020-05-21,,,9.5,Y,9.5,Hoburg A 68560,Y,2020,142
2020-05-22,,,10.7,Y,10.7,Hoburg A 68560,Y,2020,143
2020-05-23,,,9.1,Y,9.1,Hoburg A 68560,Y,2020,144
2020-05-24,,,10,Y,10,Hoburg A 68560,Y,2020,145
2020-05-25,,,10.7,Y,10.7,Hoburg A 68560,Y,2020,146
2020-05-26,,,10.7,Y,10.7,Hoburg A 68560,Y,2020,147
2020-05-27,,,12.3,Y,12.3,Hoburg A 68560,Y,2020,148
2020-05-28,,,11.8,Y,11.8,Hoburg A 68560,Y,2020,149
2020-05-29,,,12,Y,12,Hoburg A 68560,Y,2020,150
2020-05-30,,,13.5,Y,13.5,Hoburg A 68560,Y,2020,151
2020-05-31,,,15.8,Y,15.8,Hoburg A 68560,Y,2020,152
2020-06-01,,,14,Y,14,Hoburg A 68560,Y,2020,153
2020-06-02,,,13.2,Y,13.2,Hoburg A 68560,Y,2020,154
2020-06-03,,,13.5,Y,13.5,Hoburg A 68560,Y,2020,155
2020-06-04,,,14.5,Y,14.5,Hoburg A 68560,Y,2020,156
2020-06-05,,,12.7,Y,12.7,Hoburg A 68560,Y,2020,157
2020-06-06,,,10.9,Y,10.9,Hoburg A 68560,Y,2020,158
2020-06-07,,,12.2,Y,12.2,Hoburg A 68560,Y,2020,159
2020-06-08,,,11.9,Y,11.9,Hoburg A 68560,Y,2020,160
2020-06-09,,,14.5,Y,14.5,Hoburg A 68560,Y,2020,161
2020-06-10,,,15.5,Y,15.5,Hoburg A 68560,Y,2020,162
2020-06-11,,,16.7,Y,16.7,Hoburg A 68560,Y,2020,163
2020-06-12,,,16.1,Y,16.1,Hoburg A 68560,Y,2020,164
2020-06-13,,,17.4,Y,17.4,Hoburg A 68560,Y,2020,165
2020-06-14,,,18.1,Y,18.1,Hoburg A 68560,Y,2020,166
2020-06-15,,,14,Y,14,Hoburg A 68560,Y,2020,167
2020-06-16,,,12.8,Y,12.8,Hoburg A 68560,Y,2020,168
2020-06-17,,,14.5,Y,14.5,Hoburg A 68560,Y,2020,169
2020-06-18,,,17.1,Y,17.1,Hoburg A 68560,Y,2020,170
2020-06-19,,,18.3,Y,18.3,Hoburg A 68560,Y,2020,171
2020-06-20,,,19.1,Y,19.1,Hoburg A 68560,Y,2020,172
2020-06-21,,,18.3,Y,18.3,Hoburg A 68560,Y,2020,173
2020-06-22,,,15.7,Y,15.7,Hoburg A 68560,Y,2020,174
2020-06-23,,,16.3,Y,16.3,Hoburg A 68560,Y,2020,175
2020-06-24,,,19.2,Y,19.2,Hoburg A 68560,Y,2020,176
2020-06-25,,,20.6,Y,20.6,Hoburg A 68560,Y,2020,177
2020-06-26,,,21.4,Y,21.4,Hoburg A 68560,Y,2020,178
2020-06-27,,,22.1,Y,22.1,Hoburg A 68560,Y,2020,179
2020-06-28,,,21.2,Y,21.2,Hoburg A 68560,Y,2020,180
2020-06-29,,,19,Y,19,Hoburg A 68560,Y,2020,181
2020-06-30,,,17,Y,17,Hoburg A 68560,Y,2020,182
2020-07-01,,,16.3,Y,16.3,Hoburg A 68560,Y,2020,183
2020-07-02,,,16.5,Y,16.5,Hoburg A 68560,Y,2020,184
2020-07-03,,,16,Y,16,Hoburg A 68560,Y,2020,185
2020-07-04,,,15.2,Y,15.2,Hoburg A 68560,Y,2020,186
2020-07-05,,,16,Y,16,Hoburg A 68560,Y,2020,187
2020-07-06,,,15.1,Y,15.1,Hoburg A 68560,Y,2020,188
2020-07-07,,,14.9,Y,14.9,Hoburg A 68560,Y,2020,189
2020-07-08,,,13.8,Y,13.8,Hoburg A 68560,Y,2020,190
2020-07-09,,,14.6,Y,14.6,Hoburg A 68560,Y,2020,191
2020-07-10,,,14.4,Y,14.4,Hoburg A 68560,Y,2020,192
2020-07-11,,,14.4,Y,14.4,Hoburg A 68560,Y,2020,193
2020-07-12,,,15.1,Y,15.1,Hoburg A 68560,Y,2020,194
2020-07-13,,,16,Y,16,Hoburg A 68560,Y,2020,195
2020-07-14,,,15.9,Y,15.9,Hoburg A 68560,Y,2020,196
2020-07-15,,,16,Y,16,Hoburg A 68560,Y,2020,197
2020-07-16,,,18.1,Y,18.1,Hoburg A 68560,Y,2020,198
2020-07-17,,,19.2,Y,19.2,Hoburg A 68560,Y,2020,199
2020-07-18,,,18.5,Y,18.5,Hoburg A 68560,Y,2020,200
2020-07-19,,,19.9,Y,19.9,Hoburg A 68560,Y,2020,201
2020-07-20,,,19.6,Y,19.6,Hoburg A 68560,Y,2020,202
2020-07-21,,,17.1,Y,17.1,Hoburg A 68560,Y,2020,203
2020-07-22,,,16.4,Y,16.4,Hoburg A 68560,Y,2020,204
2020-07-23,,,16,Y,16,Hoburg A 68560,Y,2020,205
2020-07-24,,,15,Y,15,Hoburg A 68560,Y,2020,206
2020-07-25,,,16.6,Y,16.6,Hoburg A 68560,Y,2020,207
2020-07-26,,,17.1,Y,17.1,Hoburg A 68560,Y,2020,208
2020-07-27,,,17,Y,17,Hoburg A 68560,Y,2020,209
2020-07-28,,,17.3,Y,17.3,Hoburg A 68560,Y,2020,210
2020-07-29,,,16.9,Y,16.9,Hoburg A 68560,Y,2020,211
2020-07-30,,,16.3,Y,16.3,Hoburg A 68560,Y,2020,212
2020-07-31,,,17,Y,17,Hoburg A 68560,Y,2020,213
2020-08-01,,,17.9,Y,17.9,Hoburg A 68560,Y,2020,214
2020-08-02,,,17.2,Y,17.2,Hoburg A 68560,Y,2020,215
2020-08-03,,,17.6,Y,17.6,Hoburg A 68560,Y,2020,216
2020-08-04,,,17.3,Y,17.3,Hoburg A 68560,Y,2020,217
2020-08-05,,,17.4,Y,17.4,Hoburg A 68560,Y,2020,218
2020-08-06,,,19.2,Y,19.2,Hoburg A 68560,Y,2020,219
2020-08-07,,,20.1,Y,20.1,Hoburg A 68560,Y,2020,220
2020-08-08,,,20.7,Y,20.7,Hoburg A 68560,Y,2020,221
2020-08-09,,,22.4,Y,22.4,Hoburg A 68560,Y,2020,222
2020-08-10,,,20.2,Y,20.2,Hoburg A 68560,Y,2020,223
2020-08-11,,,17.7,Y,17.7,Hoburg A 68560,Y,2020,224
2020-08-12,,,17.5,Y,17.5,Hoburg A 68560,Y,2020,225
2020-08-13,,,18.2,Y,18.2,Hoburg A 68560,Y,2020,226
2020-08-14,,,19.1,Y,19.1,Hoburg A 68560,Y,2020,227
2020-08-15,,,20.7,Y,20.7,Hoburg A 68560,Y,2020,228
2020-08-16,,,21.7,Y,21.7,Hoburg A 68560,Y,2020,229
2020-08-17,,,21.3,Y,21.3,Hoburg A 68560,Y,2020,230
2020-08-18,,,20.6,Y,20.6,Hoburg A 68560,Y,2020,231
2020-08-19,,,18.9,Y,18.9,Hoburg A 68560,Y,2020,232
2020-08-20,,,18.5,Y,18.5,Hoburg A 68560,Y,2020,233
2020-08-21,,,20,Y,20,Hoburg A 68560,Y,2020,234
2020-08-22,,,21.3,Y,21.3,Hoburg A 68560,Y,2020,235
2020-08-23,,,18.7,Y,18.7,Hoburg A 68560,Y,2020,236
2020-08-24,,,16.9,Y,16.9,Hoburg A 68560,Y,2020,237
2020-08-25,,,14.6,Y,14.6,Hoburg A 68560,Y,2020,238
2020-08-26,,,13.1,Y,13.1,Hoburg A 68560,Y,2020,239
2020-08-27,,,15.8,Y,15.8,Hoburg A 68560,Y,2020,240
2020-08-28,,,15.7,Y,15.7,Hoburg A 68560,Y,2020,241
2020-08-29,,,16.9,Y,16.9,Hoburg A 68560,Y,2020,242
2020-08-30,,,15.8,Y,15.8,Hoburg A 68560,Y,2020,243
2020-08-31,,,14.8,Y,14.8,Hoburg A 68560,Y,2020,244
2020-09-01,,,16.1,Y,16.1,Hoburg A 68560,Y,2020,245
2020-09-02,,,16.2,Y,16.2,Hoburg A 68560,Y,2020,246
2020-09-03,,,17,Y,17,Hoburg A 68560,Y,2020,247
2020-09-04,,,17.3,Y,17.3,Hoburg A 68560,Y,2020,248
2020-09-05,,,15.5,Y,15.5,Hoburg A 68560,Y,2020,249
2020-09-06,,,15.1,Y,15.1,Hoburg A 68560,Y,2020,250
2020-09-07,,,14.9,Y,14.9,Hoburg A 68560,Y,2020,251
2020-09-08,,,15.9,Y,15.9,Hoburg A 68560,Y,2020,252
2020-09-09,,,15.8,Y,15.8,Hoburg A 68560,Y,2020,253
2020-09-10,,,14.7,Y,14.7,Hoburg A 68560,Y,2020,254
2020-09-11,,,13.7,Y,13.7,Hoburg A 68560,Y,2020,255
2020-09-12,,,15.8,Y,15.8,Hoburg A 68560,Y,2020,256
2020-09-13,,,15.3,Y,15.3,Hoburg A 68560,Y,2020,257
2020-09-14,,,16.9,Y,16.9,Hoburg A 68560,Y,2020,258
2020-09-15,,,16.6,Y,16.6,Hoburg A 68560,Y,2020,259
2020-09-16,,,16.3,Y,16.3,Hoburg A 68560,Y,2020,260
2020-09-17,,,12.3,Y,12.3,Hoburg A 68560,Y,2020,261
2020-09-18,,,13.6,Y,13.6,Hoburg A 68560,Y,2020,262
2020-09-19,,,14.3,Y,14.3,Hoburg A 68560,Y,2020,263
2020-09-20,,,13.7,Y,13.7,Hoburg A 68560,Y,2020,264
2020-09-21,,,13.3,Y,13.3,Hoburg A 68560,Y,2020,265
2020-09-22,,,14.2,Y,14.2,Hoburg A 68560,Y,2020,266
2020-09-23,,,15.4,Y,15.4,Hoburg A 68560,Y,2020,267
2020-09-24,,,16,Y,16,Hoburg A 68560,Y,2020,268
2020-09-25,,,14.9,Y,14.9,Hoburg A 68560,Y,2020,269
2020-09-26,,,17.5,Y,17.5,Hoburg A 68560,Y,2020,270
2020-09-27,,,17.3,Y,17.3,Hoburg A 68560,Y,2020,271
2020-09-28,,,15.2,Y,15.2,Hoburg A 68560,Y,2020,272
2020-09-29,,,13.6,Y,13.6,Hoburg A 68560,Y,2020,273
2020-09-30,,,12.8,Y,12.8,Hoburg A 68560,Y,2020,274
2020-10-01,,,14.8,Y,14.8,Hoburg A 68560,Y,2020,275
2020-10-02,,,15.1,Y,15.1,Hoburg A 68560,Y,2020,276
2020-10-03,,,14.5,Y,14.5,Hoburg A 68560,Y,2020,277
2020-10-04,,,15.8,Y,15.8,Hoburg A 68560,Y,2020,278
2020-10-05,,,14.9,Y,14.9,Hoburg A 68560,Y,2020,279
2020-10-06,,,13.7,Y,13.7,Hoburg A 68560,Y,2020,280
2020-10-07,,,13.8,Y,13.8,Hoburg A 68560,Y,2020,281
2020-10-08,,,13.9,Y,13.9,Hoburg A 68560,Y,2020,282
2020-10-09,,,13.3,Y,13.3,Hoburg A 68560,Y,2020,283
2020-10-10,,,12,Y,12,Hoburg A 68560,Y,2020,284
2020-10-11,,,11.5,Y,11.5,Hoburg A 68560,Y,2020,285
2020-10-12,,,10.7,Y,10.7,Hoburg A 68560,Y,2020,286
2020-10-13,,,10.1,Y,10.1,Hoburg A 68560,Y,2020,287
2020-10-14,,,10.4,Y,10.4,Hoburg A 68560,Y,2020,288
2020-10-15,,,9.7,Y,9.7,Hoburg A 68560,Y,2020,289
2020-10-16,,,8.4,Y,8.4,Hoburg A 68560,Y,2020,290
2020-10-17,,,8.3,Y,8.3,Hoburg A 68560,Y,2020,291
2020-10-18,,,8.2,Y,8.2,Hoburg A 68560,Y,2020,292
2020-10-19,,,8.1,Y,8.1,Hoburg A 68560,Y,2020,293
2020-10-20,,,9.3,Y,9.3,Hoburg A 68560,Y,2020,294
2020-10-21,,,11.6,Y,11.6,Hoburg A 68560,Y,2020,295
2020-10-22,,,13,Y,13,Hoburg A 68560,Y,2020,296
2020-10-23,,,11,Y,11,Hoburg A 68560,Y,2020,297
2020-10-24,,,11,Y,11,Hoburg A 68560,Y,2020,298
2020-10-25,,,11.6,Y,11.6,Hoburg A 68560,Y,2020,299
2020-10-26,,,11.3,Y,11.3,Hoburg A 68560,Y,2020,300
2020-10-27,,,10.7,Y,10.7,Hoburg A 68560,Y,2020,301
2020-10-28,,,10.4,Y,10.4,Hoburg A 68560,Y,2020,302
2020-10-29,,,10.1,Y,10.1,Hoburg A 68560,Y,2020,303
2020-10-30,,,9.7,Y,9.7,Hoburg A 68560,Y,2020,304
2020-10-31,,,9.6,Y,9.6,Hoburg A 68560,Y,2020,305
2020-11-01,,,9.7,Y,9.7,Hoburg A 68560,Y,2020,306
2020-11-02,,,12,Y,12,Hoburg A 68560,Y,2020,307
2020-11-03,,,11.1,Y,11.1,Hoburg A 68560,Y,2020,308
2020-11-04,,,9.5,Y,9.5,Hoburg A 68560,Y,2020,309
2020-11-05,,,9.4,Y,9.4,Hoburg A 68560,Y,2020,310
2020-11-06,,,11.4,Y,11.4,Hoburg A 68560,Y,2020,311
2020-11-07,,,9.6,Y,9.6,Hoburg A 68560,Y,2020,312
2020-11-08,,,9.4,Y,9.4,Hoburg A 68560,Y,2020,313
2020-11-09,,,8.5,Y,8.5,Hoburg A 68560,Y,2020,314
2020-11-10,,,8,Y,8,Hoburg A 68560,Y,2020,315
2020-11-11,,,8.4,Y,8.4,Hoburg A 68560,Y,2020,316
2020-11-12,,,7.8,Y,7.8,Hoburg A 68560,Y,2020,317
2020-11-13,,,8.3,Y,8.3,Hoburg A 68560,Y,2020,318
2020-11-14,,,9.3,Y,9.3,Hoburg A 68560,Y,2020,319
2020-11-15,,,9.7,Y,9.7,Hoburg A 68560,Y,2020,320
2020-11-16,,,9.6,Y,9.6,Hoburg A 68560,Y,2020,321
2020-11-17,,,9.8,Y,9.8,Hoburg A 68560,Y,2020,322
2020-11-18,,,10.8,Y,10.8,Hoburg A 68560,Y,2020,323
2020-11-19,,,7.8,Y,7.8,Hoburg A 68560,Y,2020,324
2020-11-20,,,5.1,Y,5.1,Hoburg A 68560,Y,2020,325
2020-11-21,,,6.6,Y,6.6,Hoburg A 68560,Y,2020,326
2020-11-22,,,7.7,Y,7.7,Hoburg A 68560,Y,2020,327
2020-11-23,,,7.8,Y,7.8,Hoburg A 68560,Y,2020,328
2020-11-24,,,7.9,Y,7.9,Hoburg A 68560,Y,2020,329
2020-11-25,,,8.5,Y,8.5,Hoburg A 68560,Y,2020,330
2020-11-26,,,7,Y,7,Hoburg A 68560,Y,2020,331
2020-11-27,,,5.3,Y,5.3,Hoburg A 68560,Y,2020,332
2020-11-28,,,3,Y,3,Hoburg A 68560,Y,2020,333
2020-11-29,,,3.2,Y,3.2,Hoburg A 68560,Y,2020,334
2020-11-30,,,2.9,Y,2.9,Hoburg A 68560,Y,2020,335
2020-12-01,,,3.5,Y,3.5,Hoburg A 68560,Y,2020,336
2020-12-02,,,3.4,Y,3.4,Hoburg A 68560,Y,2020,337
2020-12-03,,,3,Y,3,Hoburg A 68560,Y,2020,338
2020-12-04,,,4.9,Y,4.9,Hoburg A 68560,Y,2020,339
2020-12-05,,,7.4,Y,7.4,Hoburg A 68560,Y,2020,340
2020-12-06,,,7,Y,7,Hoburg A 68560,Y,2020,341
2020-12-07,,,4.7,Y,4.7,Hoburg A 68560,Y,2020,342
2020-12-08,,,2.5,Y,2.5,Hoburg A 68560,Y,2020,343
2020-12-09,,,2.5,Y,2.5,Hoburg A 68560,Y,2020,344
2020-12-10,,,1.9,Y,1.9,Hoburg A 68560,Y,2020,345
2020-12-11,,,3.4,Y,3.4,Hoburg A 68560,Y,2020,346
2020-12-12,,,4.4,Y,4.4,Hoburg A 68560,Y,2020,347
2020-12-13,,,3.2,Y,3.2,Hoburg A 68560,Y,2020,348
2020-12-14,,,4,Y,4,Hoburg A 68560,Y,2020,349
2020-12-15,,,5.8,Y,5.8,Hoburg A 68560,Y,2020,350
2020-12-16,,,6.7,Y,6.7,Hoburg A 68560,Y,2020,351
2020-12-17,,,6.7,Y,6.7,Hoburg A 68560,Y,2020,352
2020-12-18,,,6.9,Y,6.9,Hoburg A 68560,Y,2020,353
2020-12-19,,,6.6,Y,6.6,Hoburg A 68560,Y,2020,354
2020-12-20,,,6.1,Y,6.1,Hoburg A 68560,Y,2020,355
2020-12-21,,,6.1,Y,6.1,Hoburg A 68560,Y,2020,356
2020-12-22,,,5.4,Y,5.4,Hoburg A 68560,Y,2020,357
2020-12-23,,,5.8,Y,5.8,Hoburg A 68560,Y,2020,358
2020-12-24,,,3.8,Y,3.8,Hoburg A 68560,Y,2020,359
2020-12-25,,,2,Y,2,Hoburg A 68560,Y,2020,360
2020-12-26,,,2.2,Y,2.2,Hoburg A 68560,Y,2020,361
2020-12-27,,,4,Y,4,Hoburg A 68560,Y,2020,362
2020-12-28,,,4.6,Y,4.6,Hoburg A 68560,Y,2020,363
2020-12-29,,,5.5,Y,5.5,Hoburg A 68560,Y,2020,364
2020-12-30,,,4.7,Y,4.7,Hoburg A 68560,Y,2020,365
2020-12-31,,,4.5,Y,4.5,Hoburg A 68560,Y,2020,366
2021-01-01,,,3.8,Y,3.8,Hoburg A 68560,Y,2021,1
2021-01-02,,,3.1,Y,3.1,Hoburg A 68560,Y,2021,2
2021-01-03,,,0.7,Y,0.7,Hoburg A 68560,Y,2021,3
2021-01-04,,,0.5,Y,0.5,Hoburg A 68560,Y,2021,4
2021-01-05,,,1,Y,1,Hoburg A 68560,Y,2021,5
2021-01-06,,,2.2,Y,2.2,Hoburg A 68560,Y,2021,6
2021-01-07,,,1.1,Y,1.1,Hoburg A 68560,Y,2021,7
2021-01-08,,,2.2,Y,2.2,Hoburg A 68560,Y,2021,8
2021-01-09,,,0,Y,0,Hoburg A 68560,Y,2021,9
2021-01-10,,,1.9,Y,1.9,Hoburg A 68560,Y,2021,10
2021-01-11,,,2.8,Y,2.8,Hoburg A 68560,Y,2021,11
2021-01-12,,,1.9,Y,1.9,Hoburg A 68560,Y,2021,12
2021-01-13,,,0.3,Y,0.3,Hoburg A 68560,Y,2021,13
2021-01-14,,,-0.3,Y,-0.3,Hoburg A 68560,Y,2021,14
2021-01-15,,,-3.5,Y,-3.5,Hoburg A 68560,Y,2021,15
2021-01-16,,,-1,Y,-1,Hoburg A 68560,Y,2021,16
2021-01-17,,,-2.2,Y,-2.2,Hoburg A 68560,Y,2021,17
2021-01-18,,,0.4,Y,0.4,Hoburg A 68560,Y,2021,18
2021-01-19,,,1,Y,1,Hoburg A 68560,Y,2021,19
2021-01-20,,,3.2,Y,3.2,Hoburg A 68560,Y,2021,20
2021-01-21,,,5.1,Y,5.1,Hoburg A 68560,Y,2021,21
2021-01-22,,,5.3,Y,5.3,Hoburg A 68560,Y,2021,22
2021-01-23,,,3.9,Y,3.9,Hoburg A 68560,Y,2021,23
2021-01-24,,,2.8,Y,2.8,Hoburg A 68560,Y,2021,24
2021-01-25,,,1.1,Y,1.1,Hoburg A 68560,Y,2021,25
2021-01-26,,,0.3,Y,0.3,Hoburg A 68560,Y,2021,26
2021-01-27,,,0.1,Y,0.1,Hoburg A 68560,Y,2021,27
2021-01-28,,,1,Y,1,Hoburg A 68560,Y,2021,28
2021-01-29,,,-0.7,Y,-0.7,Hoburg A 68560,Y,2021,29
2021-01-30,,,-1.7,Y,-1.7,Hoburg A 68560,Y,2021,30
2021-01-31,,,-0.8,Y,-0.8,Hoburg A 68560,Y,2021,31
2021-02-01,,,-0.2,Y,-0.2,Hoburg A 68560,Y,2021,32
2021-02-02,,,0.6,Y,0.6,Hoburg A 68560,Y,2021,33
2021-02-03,,,-2.3,Y,-2.3,Hoburg A 68560,Y,2021,34
2021-02-04,,,-2.6,Y,-2.6,Hoburg A 68560,Y,2021,35
2021-02-05,,,-4.4,Y,-4.4,Hoburg A 68560,Y,2021,36
2021-02-06,,,-5.8,Y,-5.8,Hoburg A 68560,Y,2021,37
2021-02-07,,,-4.9,Y,-4.9,Hoburg A 68560,Y,2021,38
2021-02-08,,,-3.8,Y,-3.8,Hoburg A 68560,Y,2021,39
2021-02-09,,,-4.1,Y,-4.1,Hoburg A 68560,Y,2021,40
2021-02-10,,,-4.9,Y,-4.9,Hoburg A 68560,Y,2021,41
2021-02-11,,,-5.9,Y,-5.9,Hoburg A 68560,Y,2021,42
2021-02-12,,,-2.4,Y,-2.4,Hoburg A 68560,Y,2021,43
2021-02-13,,,-0.3,Y,-0.3,Hoburg A 68560,Y,2021,44
2021-02-14,,,0,Y,0,Hoburg A 68560,Y,2021,45
2021-02-15,,,-0.7,Y,-0.7,Hoburg A 68560,Y,2021,46
2021-02-16,,,0.5,Y,0.5,Hoburg A 68560,Y,2021,47
2021-02-17,,,-1.1,Y,-1.1,Hoburg A 68560,Y,2021,48
2021-02-18,,,-2.5,Y,-2.5,Hoburg A 68560,Y,2021,49
2021-02-19,,,1.3,Y,1.3,Hoburg A 68560,Y,2021,50
2021-02-20,,,2.6,Y,2.6,Hoburg A 68560,Y,2021,51
2021-02-21,,,3.2,Y,3.2,Hoburg A 68560,Y,2021,52
2021-02-22,,,4.6,Y,4.6,Hoburg A 68560,Y,2021,53
2021-02-23,,,4.3,Y,4.3,Hoburg A 68560,Y,2021,54
2021-02-24,,,4.7,Y,4.7,Hoburg A 68560,Y,2021,55
2021-02-25,,,5.9,Y,5.9,Hoburg A 68560,Y,2021,56
2021-02-26,,,5.1,Y,5.1,Hoburg A 68560,Y,2021,57
2021-02-27,,,3.5,Y,3.5,Hoburg A 68560,Y,2021,58
2021-02-28,,,4.6,Y,4.6,Hoburg A 68560,Y,2021,59
2021-03-01,,,5,Y,5,Hoburg A 68560,Y,2021,60
2021-03-02,,,4.5,Y,4.5,Hoburg A 68560,Y,2021,61
2021-03-03,,,1.8,Y,1.8,Hoburg A 68560,Y,2021,62
2021-03-04,,,0.8,Y,0.8,Hoburg A 68560,Y,2021,63
2021-03-05,,,0.2,Y,0.2,Hoburg A 68560,Y,2021,64
2021-03-06,,,2.1,Y,2.1,Hoburg A 68560,Y,2021,65
2021-03-07,,,1.7,Y,1.7,Hoburg A 68560,Y,2021,66
2021-03-08,,,0.1,Y,0.1,Hoburg A 68560,Y,2021,67
2021-03-09,,,1.1,Y,1.1,Hoburg A 68560,Y,2021,68
2021-03-10,,,-0.6,Y,-0.6,Hoburg A 68560,Y,2021,69
2021-03-11,,,1.3,Y,1.3,Hoburg A 68560,Y,2021,70
2021-03-12,,,4.1,Y,4.1,Hoburg A 68560,Y,2021,71
2021-03-13,,,3.1,Y,3.1,Hoburg A 68560,Y,2021,72
2021-03-14,,,2.7,Y,2.7,Hoburg A 68560,Y,2021,73
2021-03-15,,,3.5,Y,3.5,Hoburg A 68560,Y,2021,74
2021-03-16,,,3,Y,3,Hoburg A 68560,Y,2021,75
2021-03-17,,,1.2,Y,1.2,Hoburg A 68560,Y,2021,76
2021-03-18,,,1.7,Y,1.7,Hoburg A 68560,Y,2021,77
2021-03-19,,,-1.7,Y,-1.7,Hoburg A 68560,Y,2021,78
2021-03-20,,,1.3,Y,1.3,Hoburg A 68560,Y,2021,79
2021-03-21,,,3.9,Y,3.9,Hoburg A 68560,Y,2021,80
2021-03-22,,,3.8,Y,3.8,Hoburg A 68560,Y,2021,81
2021-03-23,,,4.4,Y,4.4,Hoburg A 68560,Y,2021,82
2021-03-24,,,4.7,Y,4.7,Hoburg A 68560,Y,2021,83
2021-03-25,,,5.6,Y,5.6,Hoburg A 68560,Y,2021,84
2021-03-26,,,4.8,Y,4.8,Hoburg A 68560,Y,2021,85
2021-03-27,,,5.2,Y,5.2,Hoburg A 68560,Y,2021,86
2021-03-28,,,4.5,Y,4.5,Hoburg A 68560,Y,2021,87
2021-03-29,,,4.8,Y,4.8,Hoburg A 68560,Y,2021,88
2021-03-30,,,7.1,Y,7.1,Hoburg A 68560,Y,2021,89
2021-03-31,,,7.1,Y,7.1,Hoburg A 68560,Y,2021,90
2021-04-01,,,3.6,Y,3.6,Hoburg A 68560,Y,2021,91
2021-04-02,,,4.1,Y,4.1,Hoburg A 68560,Y,2021,92
2021-04-03,,,3.2,Y,3.2,Hoburg A 68560,Y,2021,93
2021-04-04,,,4.2,Y,4.2,Hoburg A 68560,Y,2021,94
2021-04-05,,,2.3,Y,2.3,Hoburg A 68560,Y,2021,95
2021-04-06,,,3.6,Y,3.6,Hoburg A 68560,Y,2021,96
2021-04-07,,,3.1,Y,3.1,Hoburg A 68560,Y,2021,97
2021-04-08,,,4.8,Y,4.8,Hoburg A 68560,Y,2021,98
2021-04-09,,,4.2,Y,4.2,Hoburg A 68560,Y,2021,99
2021-04-10,,,4.1,Y,4.1,Hoburg A 68560,Y,2021,100
2021-04-11,,,4.3,Y,4.3,Hoburg A 68560,Y,2021,101
2021-04-12,,,5.1,Y,5.1,Hoburg A 68560,Y,2021,102
2021-04-13,,,4.5,Y,4.5,Hoburg A 68560,Y,2021,103
2021-04-14,,,3.4,Y,3.4,Hoburg A 68560,Y,2021,104
2021-04-15,,,4.9,Y,4.9,Hoburg A 68560,Y,2021,105
2021-04-16,,,6,Y,6,Hoburg A 68560,Y,2021,106
2021-04-17,,,9.3,Y,9.3,Hoburg A 68560,Y,2021,107
2021-04-18,,,9.9,Y,9.9,Hoburg A 68560,Y,2021,108
2021-04-19,,,10.2,Y,10.2,Hoburg A 68560,Y,2021,109
2021-04-20,,,8.2,Y,8.2,Hoburg A 68560,Y,2021,110
2021-04-21,,,6.1,Y,6.1,Hoburg A 68560,Y,2021,111
2021-04-22,,,3,Y,3,Hoburg A 68560,Y,2021,112
2021-04-23,,,4.3,Y,4.3,Hoburg A 68560,Y,2021,113
2021-04-24,,,4.4,Y,4.4,Hoburg A 68560,Y,2021,114
2021-04-25,,,4.1,Y,4.1,Hoburg A 68560,Y,2021,115
2021-04-26,,,3.1,Y,3.1,Hoburg A 68560,Y,2021,116
2021-04-27,,,4.3,Y,4.3,Hoburg A 68560,Y,2021,117
2021-04-28,,,4.9,Y,4.9,Hoburg A 68560,Y,2021,118
2021-04-29,,,6.7,Y,6.7,Hoburg A 68560,Y,2021,119
2021-04-30,,,6.2,Y,6.2,Hoburg A 68560,Y,2021,120
2021-05-01,,,5.8,Y,5.8,Hoburg A 68560,Y,2021,121
2021-05-02,,,6.2,Y,6.2,Hoburg A 68560,Y,2021,122
2021-05-03,,,6.3,Y,6.3,Hoburg A 68560,Y,2021,123
2021-05-04,,,6.3,Y,6.3,Hoburg A 68560,Y,2021,124
2021-05-05,,,6.3,Y,6.3,Hoburg A 68560,Y,2021,125
2021-05-06,,,5.4,Y,5.4,Hoburg A 68560,Y,2021,126
2021-05-07,,,4.4,Y,4.4,Hoburg A 68560,Y,2021,127
2021-05-08,,,5.9,Y,5.9,Hoburg A 68560,Y,2021,128
2021-05-09,,,7,Y,7,Hoburg A 68560,Y,2021,129
2021-05-10,,,9.8,Y,9.8,Hoburg A 68560,Y,2021,130
2021-05-11,,,11.5,Y,11.5,Hoburg A 68560,Y,2021,131
2021-05-12,,,11.9,Y,11.9,Hoburg A 68560,Y,2021,132
2021-05-13,,,13.8,Y,13.8,Hoburg A 68560,Y,2021,133
2021-05-14,,,11.3,Y,11.3,Hoburg A 68560,Y,2021,134
2021-05-15,,,8.1,Y,8.1,Hoburg A 68560,Y,2021,135
2021-05-16,,,9,Y,9,Hoburg A 68560,Y,2021,136
2021-05-17,,,8.4,Y,8.4,Hoburg A 68560,Y,2021,137
2021-05-18,,,9.8,Y,9.8,Hoburg A 68560,Y,2021,138
2021-05-19,,,11.3,Y,11.3,Hoburg A 68560,Y,2021,139
2021-05-20,,,10.1,Y,10.1,Hoburg A 68560,Y,2021,140
2021-05-21,,,9.6,Y,9.6,Hoburg A 68560,Y,2021,141
2021-05-22,,,10.5,Y,10.5,Hoburg A 68560,Y,2021,142
2021-05-23,,,9.9,Y,9.9,Hoburg A 68560,Y,2021,143
2021-05-24,,,10.3,Y,10.3,Hoburg A 68560,Y,2021,144
2021-05-25,,,10.1,Y,10.1,Hoburg A 68560,Y,2021,145
2021-05-26,,,9.6,Y,9.6,Hoburg A 68560,Y,2021,146
2021-05-27,,,9.7,Y,9.7,Hoburg A 68560,Y,2021,147
2021-05-28,,,8.7,Y,8.7,Hoburg A 68560,Y,2021,148
2021-05-29,,,10.2,Y,10.2,Hoburg A 68560,Y,2021,149
2021-05-30,,,11.4,Y,11.4,Hoburg A 68560,Y,2021,150
2021-05-31,,,11.4,Y,11.4,Hoburg A 68560,Y,2021,151
2021-06-01,,,12.2,Y,12.2,Hoburg A 68560,Y,2021,152
2021-06-02,,,15,Y,15,Hoburg A 68560,Y,2021,153
2021-06-03,,,16.7,Y,16.7,Hoburg A 68560,Y,2021,154
2021-06-04,,,16.2,Y,16.2,Hoburg A 68560,Y,2021,155
2021-06-05,,,16.6,Y,16.6,Hoburg A 68560,Y,2021,156
2021-06-06,,,17,Y,17,Hoburg A 68560,Y,2021,157
2021-06-07,,,17.4,Y,17.4,Hoburg A 68560,Y,2021,158
2021-06-08,,,16.9,Y,16.9,Hoburg A 68560,Y,2021,159
2021-06-09,,,17.7,Y,17.7,Hoburg A 68560,Y,2021,160
2021-06-10,,,17.6,Y,17.6,Hoburg A 68560,Y,2021,161
2021-06-11,,,17.7,Y,17.7,Hoburg A 68560,Y,2021,162
2021-06-12,,,17.1,Y,17.1,Hoburg A 68560,Y,2021,163
2021-06-13,,,16.3,Y,16.3,Hoburg A 68560,Y,2021,164
2021-06-14,,,15.4,Y,15.4,Hoburg A 68560,Y,2021,165
2021-06-15,,,15.7,Y,15.7,Hoburg A 68560,Y,2021,166
2021-06-16,,,15.6,Y,15.6,Hoburg A 68560,Y,2021,167
2021-06-17,,,16.5,Y,16.5,Hoburg A 68560,Y,2021,168
2021-06-18,,,18.7,Y,18.7,Hoburg A 68560,Y,2021,169
2021-06-19,,,19.9,Y,19.9,Hoburg A 68560,Y,2021,170
2021-06-20,,,20.8,Y,20.8,Hoburg A 68560,Y,2021,171
2021-06-21,,,21.3,Y,21.3,Hoburg A 68560,Y,2021,172
2021-06-22,,,22.2,Y,22.2,Hoburg A 68560,Y,2021,173
2021-06-23,,,20.2,Y,20.2,Hoburg A 68560,Y,2021,174
2021-06-24,,,18.7,Y,18.7,Hoburg A 68560,Y,2021,175
2021-06-25,,,18,Y,18,Hoburg A 68560,Y,2021,176
2021-06-26,,,18.2,Y,18.2,Hoburg A 68560,Y,2021,177
2021-06-27,,,20,Y,20,Hoburg A 68560,Y,2021,178
2021-06-28,,,19.9,Y,19.9,Hoburg A 68560,Y,2021,179
2021-06-29,,,21,Y,21,Hoburg A 68560,Y,2021,180
2021-06-30,,,20.9,Y,20.9,Hoburg A 68560,Y,2021,181
2021-07-01,,,20.5,Y,20.5,Hoburg A 68560,Y,2021,182
2021-07-02,,,22,Y,22,Hoburg A 68560,Y,2021,183
2021-07-03,,,21.4,Y,21.4,Hoburg A 68560,Y,2021,184
2021-07-04,,,22,Y,22,Hoburg A 68560,Y,2021,185
2021-07-05,,,20.8,Y,20.8,Hoburg A 68560,Y,2021,186
2021-07-06,,,21.3,Y,21.3,Hoburg A 68560,Y,2021,187
2021-07-07,,,19.9,Y,19.9,Hoburg A 68560,Y,2021,188
2021-07-08,,,19.9,Y,19.9,Hoburg A 68560,Y,2021,189
2021-07-09,,,19.6,Y,19.6,Hoburg A 68560,Y,2021,190
2021-07-10,,,20.5,Y,20.5,Hoburg A 68560,Y,2021,191
2021-07-11,,,19.6,Y,19.6,Hoburg A 68560,Y,2021,192
2021-07-12,,,21.1,Y,21.1,Hoburg A 68560,Y,2021,193
2021-07-13,,,23.9,Y,23.9,Hoburg A 68560,Y,2021,194
2021-07-14,,,23.5,Y,23.5,Hoburg A 68560,Y,2021,195
2021-07-15,,,23.5,Y,23.5,Hoburg A 68560,Y,2021,196
2021-07-16,,,23.3,Y,23.3,Hoburg A 68560,Y,2021,197
2021-07-17,,,21,Y,21,Hoburg A 68560,Y,2021,198
2021-07-18,,,21.7,Y,21.7,Hoburg A 68560,Y,2021,199
2021-07-19,,,19.4,Y,19.4,Hoburg A 68560,Y,2021,200
2021-07-20,,,20.8,Y,20.8,Hoburg A 68560,Y,2021,201
2021-07-21,,,19.9,Y,19.9,Hoburg A 68560,Y,2021,202
2021-07-22,,,20.6,Y,20.6,Hoburg A 68560,Y,2021,203
2021-07-23,,,20.7,Y,20.7,Hoburg A 68560,Y,2021,204
2021-07-24,,,18.8,Y,18.8,Hoburg A 68560,Y,2021,205
2021-07-25,,,20.1,Y,20.1,Hoburg A 68560,Y,2021,206
2021-07-26,,,22.8,Y,22.8,Hoburg A 68560,Y,2021,207
2021-07-27,,,22.6,Y,22.6,Hoburg A 68560,Y,2021,208
2021-07-28,,,21.4,Y,21.4,Hoburg A 68560,Y,2021,209
2021-07-29,,,20.3,Y,20.3,Hoburg A 68560,Y,2021,210
2021-07-30,,,17.1,Y,17.1,Hoburg A 68560,Y,2021,211
2021-07-31,,,18.2,Y,18.2,Hoburg A 68560,Y,2021,212
2021-08-01,,,17.7,Y,17.7,Hoburg A 68560,Y,2021,213
2021-08-02,,,16.6,Y,16.6,Hoburg A 68560,Y,2021,214
2021-08-03,,,16.2,Y,16.2,Hoburg A 68560,Y,2021,215
2021-08-04,,,16.5,Y,16.5,Hoburg A 68560,Y,2021,216
2021-08-05,,,17.4,Y,17.4,Hoburg A 68560,Y,2021,217
2021-08-06,,,18.4,Y,18.4,Hoburg A 68560,Y,2021,218
2021-08-07,,,16.8,Y,16.8,Hoburg A 68560,Y,2021,219
2021-08-08,,,17.6,Y,17.6,Hoburg A 68560,Y,2021,220
2021-08-09,,,18.2,Y,18.2,Hoburg A 68560,Y,2021,221
2021-08-10,,,17.7,Y,17.7,Hoburg A 68560,Y,2021,222
2021-08-11,,,18.2,Y,18.2,Hoburg A 68560,Y,2021,223
2021-08-12,,,18.3,Y,18.3,Hoburg A 68560,Y,2021,224
2021-08-13,,,19.3,Y,19.3,Hoburg A 68560,Y,2021,225
2021-08-14,,,18.1,Y,18.1,Hoburg A 68560,Y,2021,226
2021-08-15,,,17,Y,17,Hoburg A 68560,Y,2021,227
2021-08-16,,,15.9,Y,15.9,Hoburg A 68560,Y,2021,228
2021-08-17,,,15,Y,15,Hoburg A 68560,Y,2021,229
2021-08-18,,,15.7,Y,15.7,Hoburg A 68560,Y,2021,230
2021-08-19,,,16.4,Y,16.4,Hoburg A 68560,Y,2021,231
2021-08-20,,,15.8,Y,15.8,Hoburg A 68560,Y,2021,232
2021-08-21,,,15.8,Y,15.8,Hoburg A 68560,Y,2021,233
2021-08-22,,,15.8,Y,15.8,Hoburg A 68560,Y,2021,234
2021-08-23,,,14.7,Y,14.7,Hoburg A 68560,Y,2021,235
2021-08-24,,,14.3,Y,14.3,Hoburg A 68560,Y,2021,236
2021-08-25,,,15,Y,15,Hoburg A 68560,Y,2021,237
2021-08-26,,,14.3,Y,14.3,Hoburg A 68560,Y,2021,238
2021-08-27,,,15.7,Y,15.7,Hoburg A 68560,Y,2021,239
2021-08-28,,,16.1,Y,16.1,Hoburg A 68560,Y,2021,240
2021-08-29,,,16.8,Y,16.8,Hoburg A 68560,Y,2021,241
2021-08-30,,,16.3,Y,16.3,Hoburg A 68560,Y,2021,242
2021-08-31,,,15.2,Y,15.2,Hoburg A 68560,Y,2021,243
2021-09-01,,,14.9,Y,14.9,Hoburg A 68560,Y,2021,244
2021-09-02,,,14.7,Y,14.7,Hoburg A 68560,Y,2021,245
2021-09-03,,,13.1,Y,13.1,Hoburg A 68560,Y,2021,246
2021-09-04,,,12.6,Y,12.6,Hoburg A 68560,Y,2021,247
2021-09-05,,,13.1,Y,13.1,Hoburg A 68560,Y,2021,248
2021-09-06,,,14.7,Y,14.7,Hoburg A 68560,Y,2021,249
2021-09-07,,,15.6,Y,15.6,Hoburg A 68560,Y,2021,250
2021-09-08,,,16.4,Y,16.4,Hoburg A 68560,Y,2021,251
2021-09-09,,,16.8,Y,16.8,Hoburg A 68560,Y,2021,252
2021-09-10,,,17.9,Y,17.9,Hoburg A 68560,Y,2021,253
2021-09-11,,,16.3,Y,16.3,Hoburg A 68560,Y,2021,254
2021-09-12,,,17.2,Y,17.2,Hoburg A 68560,Y,2021,255
2021-09-13,,,14.1,Y,14.1,Hoburg A 68560,Y,2021,256
2021-09-14,,,13.8,Y,13.8,Hoburg A 68560,Y,2021,257
2021-09-15,,,14.9,Y,14.9,Hoburg A 68560,Y,2021,258
2021-09-16,,,13.6,Y,13.6,Hoburg A 68560,Y,2021,259
2021-09-17,,,12.7,Y,12.7,Hoburg A 68560,Y,2021,260
2021-09-18,,,11.5,Y,11.5,Hoburg A 68560,Y,2021,261
2021-09-19,,,10,Y,10,Hoburg A 68560,Y,2021,262
2021-09-20,,,10.1,Y,10.1,Hoburg A 68560,Y,2021,263
2021-09-21,,,9.4,Y,9.4,Hoburg A 68560,Y,2021,264
2021-09-22,,,11.3,Y,11.3,Hoburg A 68560,Y,2021,265
2021-09-23,,,13.3,Y,13.3,Hoburg A 68560,Y,2021,266
2021-09-24,,,12.3,Y,12.3,Hoburg A 68560,Y,2021,267
2021-09-25,,,14.3,Y,14.3,Hoburg A 68560,Y,2021,268
2021-09-26,,,13.4,Y,13.4,Hoburg A 68560,Y,2021,269
2021-09-27,,,13.9,Y,13.9,Hoburg A 68560,Y,2021,270
2021-09-28,,,13.4,Y,13.4,Hoburg A 68560,Y,2021,271
2021-09-29,,,13.6,Y,13.6,Hoburg A 68560,Y,2021,272
2021-09-30,,,12.8,Y,12.8,Hoburg A 68560,Y,2021,273
2021-10-01,,,13.2,Y,13.2,Hoburg A 68560,Y,2021,274
2021-10-02,,,12.9,Y,12.9,Hoburg A 68560,Y,2021,275
2021-10-03,,,13.7,Y,13.7,Hoburg A 68560,Y,2021,276
2021-10-04,,,13.1,Y,13.1,Hoburg A 68560,Y,2021,277
2021-10-05,,,12.6,Y,12.6,Hoburg A 68560,Y,2021,278
2021-10-06,,,12.9,Y,12.9,Hoburg A 68560,Y,2021,279
2021-10-07,,,10.9,Y,10.9,Hoburg A 68560,Y,2021,280
2021-10-08,,,10.9,Y,10.9,Hoburg A 68560,Y,2021,281
2021-10-09,,,11.4,Y,11.4,Hoburg A 68560,Y,2021,282
2021-10-10,,,11.8,Y,11.8,Hoburg A 68560,Y,2021,283
2021-10-11,,,11.1,Y,11.1,Hoburg A 68560,Y,2021,284
2021-10-12,,,9,Y,9,Hoburg A 68560,Y,2021,285
2021-10-13,,,8.2,Y,8.2,Hoburg A 68560,Y,2021,286
2021-10-14,,,10.4,Y,10.4,Hoburg A 68560,Y,2021,287
2021-10-15,,,10.8,Y,10.8,Hoburg A 68560,Y,2021,288
2021-10-16,,,10.1,Y,10.1,Hoburg A 68560,Y,2021,289
2021-10-17,,,9.7,Y,9.7,Hoburg A 68560,Y,2021,290
2021-10-18,,,7.7,Y,7.7,Hoburg A 68560,Y,2021,291
2021-10-19,,,8.7,Y,8.7,Hoburg A 68560,Y,2021,292
2021-10-20,,,12.2,Y,12.2,Hoburg A 68560,Y,2021,293
2021-10-21,,,10.3,Y,10.3,Hoburg A 68560,Y,2021,294
2021-10-22,,,7.8,Y,7.8,Hoburg A 68560,Y,2021,295
2021-10-23,,,6.1,Y,6.1,Hoburg A 68560,Y,2021,296
2021-10-24,,,8,Y,8,Hoburg A 68560,Y,2021,297
2021-10-25,,,8.8,Y,8.8,Hoburg A 68560,Y,2021,298
2021-10-26,,,9.3,Y,9.3,Hoburg A 68560,Y,2021,299
2021-10-27,,,9.9,Y,9.9,Hoburg A 68560,Y,2021,300
2021-10-28,,,10.4,Y,10.4,Hoburg A 68560,Y,2021,301
2021-10-29,,,9.4,Y,9.4,Hoburg A 68560,Y,2021,302
2021-10-30,,,9.2,Y,9.2,Hoburg A 68560,Y,2021,303
2021-10-31,,,9.9,Y,9.9,Hoburg A 68560,Y,2021,304
2021-11-01,,,9.6,Y,9.6,Hoburg A 68560,Y,2021,305
2021-11-02,,,8.4,Y,8.4,Hoburg A 68560,Y,2021,306
2021-11-03,,,8.4,Y,8.4,Hoburg A 68560,Y,2021,307
2021-11-04,,,7,Y,7,Hoburg A 68560,Y,2021,308
2021-11-05,,,7.5,Y,7.5,Hoburg A 68560,Y,2021,309
2021-11-06,,,8.7,Y,8.7,Hoburg A 68560,Y,2021,310
2021-11-07,,,8.7,Y,8.7,Hoburg A 68560,Y,2021,311
2021-11-08,,,4.4,Y,4.4,Hoburg A 68560,Y,2021,312
2021-11-09,,,6.7,Y,6.7,Hoburg A 68560,Y,2021,313
2021-11-10,,,8.9,Y,8.9,Hoburg A 68560,Y,2021,314
2021-11-11,,,8.2,Y,8.2,Hoburg A 68560,Y,2021,315
2021-11-12,,,6.8,Y,6.8,Hoburg A 68560,Y,2021,316
2021-11-13,,,7,Y,7,Hoburg A 68560,Y,2021,317
2021-11-14,,,6.1,Y,6.1,Hoburg A 68560,Y,2021,318
2021-11-15,,,5.5,Y,5.5,Hoburg A 68560,Y,2021,319
2021-11-16,,,6.2,Y,6.2,Hoburg A 68560,Y,2021,320
2021-11-17,,,6.4,Y,6.4,Hoburg A 68560,Y,2021,321
2021-11-18,,,7.3,Y,7.3,Hoburg A 68560,Y,2021,322
2021-11-19,,,9.5,Y,9.5,Hoburg A 68560,Y,2021,323
2021-11-20,,,7.3,Y,7.3,Hoburg A 68560,Y,2021,324
2021-11-21,,,4.7,Y,4.7,Hoburg A 68560,Y,2021,325
2021-11-22,,,1.9,Y,1.9,Hoburg A 68560,Y,2021,326
2021-11-23,,,4.8,Y,4.8,Hoburg A 68560,Y,2021,327
2021-11-24,,,6.9,Y,6.9,Hoburg A 68560,Y,2021,328
2021-11-25,,,5.9,Y,5.9,Hoburg A 68560,Y,2021,329
2021-11-26,,,2.4,Y,2.4,Hoburg A 68560,Y,2021,330
2021-11-27,,,2.5,Y,2.5,Hoburg A 68560,Y,2021,331
2021-11-28,,,2,Y,2,Hoburg A 68560,Y,2021,332
2021-11-29,,,1.5,Y,1.5,Hoburg A 68560,Y,2021,333
2021-11-30,,,-1.5,Y,-1.5,Hoburg A 68560,Y,2021,334
2021-12-01,,,-0.6,Y,-0.6,Hoburg A 68560,Y,2021,335
2021-12-02,,,0.5,Y,0.5,Hoburg A 68560,Y,2021,336
2021-12-03,,,-0.6,Y,-0.6,Hoburg A 68560,Y,2021,337
2021-12-04,,,1,Y,1,Hoburg A 68560,Y,2021,338
2021-12-05,,,-0.1,Y,-0.1,Hoburg A 68560,Y,2021,339
2021-12-06,,,-3.9,Y,-3.9,Hoburg A 68560,Y,2021,340
2021-12-07,,,-3.1,Y,-3.1,Hoburg A 68560,Y,2021,341
2021-12-08,,,-0.2,Y,-0.2,Hoburg A 68560,Y,2021,342
2021-12-09,,,0.9,Y,0.9,Hoburg A 68560,Y,2021,343
2021-12-10,,,2.5,Y,2.5,Hoburg A 68560,Y,2021,344
2021-12-11,,,3.1,Y,3.1,Hoburg A 68560,Y,2021,345
2021-12-12,,,1.9,Y,1.9,Hoburg A 68560,Y,2021,346
2021-12-13,,,2.7,Y,2.7,Hoburg A 68560,Y,2021,347
2021-12-14,,,4.9,Y,4.9,Hoburg A 68560,Y,2021,348
2021-12-15,,,5.5,Y,5.5,Hoburg A 68560,Y,2021,349
2021-12-16,,,6,Y,6,Hoburg A 68560,Y,2021,350
2021-12-17,,,4.6,Y,4.6,Hoburg A 68560,Y,2021,351
2021-12-18,,,5.4,Y,5.4,Hoburg A 68560,Y,2021,352
2021-12-19,,,4.6,Y,4.6,Hoburg A 68560,Y,2021,353
2021-12-20,,,-0.3,Y,-0.3,Hoburg A 68560,Y,2021,354
2021-12-21,,,-1.7,Y,-1.7,Hoburg A 68560,Y,2021,355
2021-12-22,,,-3.7,Y,-3.7,Hoburg A 68560,Y,2021,356
2021-12-23,,,0.8,Y,0.8,Hoburg A 68560,Y,2021,357
2021-12-24,,,-2.3,Y,-2.3,Hoburg A 68560,Y,2021,358
2021-12-25,,,-2.2,Y,-2.2,Hoburg A 68560,Y,2021,359
2021-12-26,,,-0.1,Y,-0.1,Hoburg A 68560,Y,2021,360
2021-12-27,,,0.2,Y,0.2,Hoburg A 68560,Y,2021,361
2021-12-28,,,0.2,Y,0.2,Hoburg A 68560,Y,2021,362
2021-12-29,,,1.4,Y,1.4,Hoburg A 68560,Y,2021,363
2021-12-30,,,3.5,Y,3.5,Hoburg A 68560,Y,2021,364
2021-12-31,,,5.9,Y,5.9,Hoburg A 68560,Y,2021,365
2022-01-01,,,1.6,Y,1.6,Hoburg A 68560,Y,2022,1
2022-01-02,,,4.5,Y,4.5,Hoburg A 68560,Y,2022,2
2022-01-03,,,5.1,Y,5.1,Hoburg A 68560,Y,2022,3
2022-01-04,,,2.9,Y,2.9,Hoburg A 68560,Y,2022,4
2022-01-05,,,2.2,Y,2.2,Hoburg A 68560,Y,2022,5
2022-01-06,,,-1,Y,-1,Hoburg A 68560,Y,2022,6
2022-01-07,,,0.6,Y,0.6,Hoburg A 68560,Y,2022,7
2022-01-08,,,2,Y,2,Hoburg A 68560,Y,2022,8
2022-01-09,,,2.1,Y,2.1,Hoburg A 68560,Y,2022,9
2022-01-10,,,0.7,Y,0.7,Hoburg A 68560,Y,2022,10
2022-01-11,,,0.2,Y,0.2,Hoburg A 68560,Y,2022,11
2022-01-12,,,2.8,Y,2.8,Hoburg A 68560,Y,2022,12
2022-01-13,,,5,Y,5,Hoburg A 68560,Y,2022,13
2022-01-14,,,5.4,Y,5.4,Hoburg A 68560,Y,2022,14
2022-01-15,,,2.5,Y,2.5,Hoburg A 68560,Y,2022,15
2022-01-16,,,3.3,Y,3.3,Hoburg A 68560,Y,2022,16
2022-01-17,,,2.2,Y,2.2,Hoburg A 68560,Y,2022,17
2022-01-18,,,2.3,Y,2.3,Hoburg A 68560,Y,2022,18
2022-01-19,,,3.7,Y,3.7,Hoburg A 68560,Y,2022,19
2022-01-20,,,-0.6,Y,-0.6,Hoburg A 68560,Y,2022,20
2022-01-21,,,0.3,Y,0.3,Hoburg A 68560,Y,2022,21
2022-01-22,,,-0.2,Y,-0.2,Hoburg A 68560,Y,2022,22
2022-01-23,,,0.8,Y,0.8,Hoburg A 68560,Y,2022,23
2022-01-24,,,3.8,Y,3.8,Hoburg A 68560,Y,2022,24
2022-01-25,,,2.5,Y,2.5,Hoburg A 68560,Y,2022,25
2022-01-26,,,2.2,Y,2.2,Hoburg A 68560,Y,2022,26
2022-01-27,,,4,Y,4,Hoburg A 68560,Y,2022,27
2022-01-28,,,2.1,Y,2.1,Hoburg A 68560,Y,2022,28
2022-01-29,,,3.7,Y,3.7,Hoburg A 68560,Y,2022,29
2022-01-30,,,2.1,Y,2.1,Hoburg A 68560,Y,2022,30
2022-01-31,,,-0.2,Y,-0.2,Hoburg A 68560,Y,2022,31
2022-02-01,,,-1.6,Y,-1.6,Hoburg A 68560,Y,2022,32
2022-02-02,,,-1.3,Y,-1.3,Hoburg A 68560,Y,2022,33
2022-02-03,,,1.3,Y,1.3,Hoburg A 68560,Y,2022,34
2022-02-04,,,3.4,Y,3.4,Hoburg A 68560,Y,2022,35
2022-02-05,,,2.9,Y,2.9,Hoburg A 68560,Y,2022,36
2022-02-06,,,3.6,Y,3.6,Hoburg A 68560,Y,2022,37
2022-02-07,,,2.4,Y,2.4,Hoburg A 68560,Y,2022,38
2022-02-08,,,3.7,Y,3.7,Hoburg A 68560,Y,2022,39
2022-02-09,,,3.9,Y,3.9,Hoburg A 68560,Y,2022,40
2022-02-10,,,3.2,Y,3.2,Hoburg A 68560,Y,2022,41
2022-02-11,,,1.9,Y,1.9,Hoburg A 68560,Y,2022,42
2022-02-12,,,1.9,Y,1.9,Hoburg A 68560,Y,2022,43
2022-02-13,,,2.9,Y,2.9,Hoburg A 68560,Y,2022,44
2022-02-14,,,3.8,Y,3.8,Hoburg A 68560,Y,2022,45
2022-02-15,,,3.9,Y,3.9,Hoburg A 68560,Y,2022,46
2022-02-16,,,3.2,Y,3.2,Hoburg A 68560,Y,2022,47
2022-02-17,,,2.9,Y,2.9,Hoburg A 68560,Y,2022,48
2022-02-18,,,3.7,Y,3.7,Hoburg A 68560,Y,2022,49
2022-02-19,,,2.4,Y,2.4,Hoburg A 68560,Y,2022,50
2022-02-20,,,2.8,Y,2.8,Hoburg A 68560,Y,2022,51
2022-02-21,,,3.2,Y,3.2,Hoburg A 68560,Y,2022,52
2022-02-22,,,-0.8,Y,-0.8,Hoburg A 68560,Y,2022,53
2022-02-23,,,1.6,Y,1.6,Hoburg A 68560,Y,2022,54
2022-02-24,,,3.9,Y,3.9,Hoburg A 68560,Y,2022,55
2022-02-25,,,3,Y,3,Hoburg A 68560,Y,2022,56
2022-02-26,,,1.3,Y,1.3,Hoburg A 68560,Y,2022,57
2022-02-27,,,1.3,Y,1.3,Hoburg A 68560,Y,2022,58
2022-02-28,,,1.9,Y,1.9,Hoburg A 68560,Y,2022,59
2022-03-01,,,2.2,Y,2.2,Hoburg A 68560,Y,2022,60
2022-03-02,,,1.5,Y,1.5,Hoburg A 68560,Y,2022,61
2022-03-03,,,2,Y,2,Hoburg A 68560,Y,2022,62
2022-03-04,,,0.2,Y,0.2,Hoburg A 68560,Y,2022,63
2022-03-05,,,-0.2,Y,-0.2,Hoburg A 68560,Y,2022,64
2022-03-06,,,1.6,Y,1.6,Hoburg A 68560,Y,2022,65
2022-03-07,,,2.3,Y,2.3,Hoburg A 68560,Y,2022,66
2022-03-08,,,2.1,Y,2.1,Hoburg A 68560,Y,2022,67
2022-03-09,,,3.2,Y,3.2,Hoburg A 68560,Y,2022,68
2022-03-10,,,1.4,Y,1.4,Hoburg A 68560,Y,2022,69
2022-03-11,,,1.9,Y,1.9,Hoburg A 68560,Y,2022,70
2022-03-12,,,2,Y,2,Hoburg A 68560,Y,2022,71
2022-03-13,,,1.8,Y,1.8,Hoburg A 68560,Y,2022,72
2022-03-14,,,2.7,Y,2.7,Hoburg A 68560,Y,2022,73
2022-03-15,,,3.3,Y,3.3,Hoburg A 68560,Y,2022,74
2022-03-16,,,2.3,Y,2.3,Hoburg A 68560,Y,2022,75
2022-03-17,,,3.3,Y,3.3,Hoburg A 68560,Y,2022,76
2022-03-18,,,4.6,Y,4.6,Hoburg A 68560,Y,2022,77
2022-03-19,,,4.5,Y,4.5,Hoburg A 68560,Y,2022,78
2022-03-20,,,4.1,Y,4.1,Hoburg A 68560,Y,2022,79
2022-03-21,,,4.5,Y,4.5,Hoburg A 68560,Y,2022,80
2022-03-22,,,4.6,Y,4.6,Hoburg A 68560,Y,2022,81
2022-03-23,,,4.3,Y,4.3,Hoburg A 68560,Y,2022,82
2022-03-24,,,5.2,Y,5.2,Hoburg A 68560,Y,2022,83
2022-03-25,,,7.2,Y,7.2,Hoburg A 68560,Y,2022,84
2022-03-26,,,5.3,Y,5.3,Hoburg A 68560,Y,2022,85
2022-03-27,,,3.6,Y,3.6,Hoburg A 68560,Y,2022,86
2022-03-28,,,6.7,Y,6.7,Hoburg A 68560,Y,2022,87
2022-03-29,,,2.2,Y,2.2,Hoburg A 68560,Y,2022,88
2022-03-30,,,-0.8,Y,-0.8,Hoburg A 68560,Y,2022,89
2022-03-31,,,1.5,Y,1.5,Hoburg A 68560,Y,2022,90
2022-04-01,,,0,Y,0,Hoburg A 68560,Y,2022,91
2022-04-02,,,0,Y,0,Hoburg A 68560,Y,2022,92
2022-04-03,,,2.3,Y,2.3,Hoburg A 68560,Y,2022,93
2022-04-04,,,2.7,Y,2.7,Hoburg A 68560,Y,2022,94
2022-04-05,,,2.1,Y,2.1,Hoburg A 68560,Y,2022,95
2022-04-06,,,2.8,Y,2.8,Hoburg A 68560,Y,2022,96
2022-04-07,,,5,Y,5,Hoburg A 68560,Y,2022,97
2022-04-08,,,3.5,Y,3.5,Hoburg A 68560,Y,2022,98
2022-04-09,,,3.4,Y,3.4,Hoburg A 68560,Y,2022,99
2022-04-10,,,4.4,Y,4.4,Hoburg A 68560,Y,2022,100
2022-04-11,,,4.3,Y,4.3,Hoburg A 68560,Y,2022,101
2022-04-12,,,4.9,Y,4.9,Hoburg A 68560,Y,2022,102
2022-04-13,,,4.1,Y,4.1,Hoburg A 68560,Y,2022,103
2022-04-14,,,5.2,Y,5.2,Hoburg A 68560,Y,2022,104
2022-04-15,,,5.7,Y,5.7,Hoburg A 68560,Y,2022,105
2022-04-16,,,4.1,Y,4.1,Hoburg A 68560,Y,2022,106
2022-04-17,,,4.7,Y,4.7,Hoburg A 68560,Y,2022,107
2022-04-18,,,5.3,Y,5.3,Hoburg A 68560,Y,2022,108
2022-04-19,,,8.6,Y,8.6,Hoburg A 68560,Y,2022,109
2022-04-20,,,9.3,Y,9.3,Hoburg A 68560,Y,2022,110
2022-04-21,,,10.1,Y,10.1,Hoburg A 68560,Y,2022,111
2022-04-22,,,8.7,Y,8.7,Hoburg A 68560,Y,2022,112
2022-04-23,,,7.8,Y,7.8,Hoburg A 68560,Y,2022,113
2022-04-24,,,7.3,Y,7.3,Hoburg A 68560,Y,2022,114
2022-04-25,,,5.9,Y,5.9,Hoburg A 68560,Y,2022,115
2022-04-26,,,7,Y,7,Hoburg A 68560,Y,2022,116
2022-04-27,,,5.1,Y,5.1,Hoburg A 68560,Y,2022,117
2022-04-28,,,5.4,Y,5.4,Hoburg A 68560,Y,2022,118
2022-04-29,,,7.6,Y,7.6,Hoburg A 68560,Y,2022,119
2022-04-30,,,6.9,Y,6.9,Hoburg A 68560,Y,2022,120
2022-05-01,,,8.6,Y,8.6,Hoburg A 68560,Y,2022,121
2022-05-02,,,7.3,Y,7.3,Hoburg A 68560,Y,2022,122
2022-05-03,,,7.3,Y,7.3,Hoburg A 68560,Y,2022,123
2022-05-04,,,6.6,Y,6.6,Hoburg A 68560,Y,2022,124
2022-05-05,,,8.5,Y,8.5,Hoburg A 68560,Y,2022,125
2022-05-06,,,9,Y,9,Hoburg A 68560,Y,2022,126
2022-05-07,,,9.7,Y,9.7,Hoburg A 68560,Y,2022,127
2022-05-08,,,8.6,Y,8.6,Hoburg A 68560,Y,2022,128
2022-05-09,,,7.2,Y,7.2,Hoburg A 68560,Y,2022,129
2022-05-10,,,9.2,Y,9.2,Hoburg A 68560,Y,2022,130
2022-05-11,,,10,Y,10,Hoburg A 68560,Y,2022,131
2022-05-12,,,10.1,Y,10.1,Hoburg A 68560,Y,2022,132
2022-05-13,,,9.5,Y,9.5,Hoburg A 68560,Y,2022,133
2022-05-14,,,10.2,Y,10.2,Hoburg A 68560,Y,2022,134
2022-05-15,,,9.6,Y,9.6,Hoburg A 68560,Y,2022,135
2022-05-16,,,9.8,Y,9.8,Hoburg A 68560,Y,2022,136
2022-05-17,,,9,Y,9,Hoburg A 68560,Y,2022,137
2022-05-18,,,8.4,Y,8.4,Hoburg A 68560,Y,2022,138
2022-05-19,,,11.1,Y,11.1,Hoburg A 68560,Y,2022,139
2022-05-20,,,10.5,Y,10.5,Hoburg A 68560,Y,2022,140
2022-05-21,,,8.3,Y,8.3,Hoburg A 68560,Y,2022,141
2022-05-22,,,9.4,Y,9.4,Hoburg A 68560,Y,2022,142
2022-05-23,,,9.5,Y,9.5,Hoburg A 68560,Y,2022,143
2022-05-24,,,11.4,Y,11.4,Hoburg A 68560,Y,2022,144
2022-05-25,,,11.1,Y,11.1,Hoburg A 68560,Y,2022,145
2022-05-26,,,10.9,Y,10.9,Hoburg A 68560,Y,2022,146
2022-05-27,,,10.7,Y,10.7,Hoburg A 68560,Y,2022,147
2022-05-28,,,9.7,Y,9.7,Hoburg A 68560,Y,2022,148
2022-05-29,,,11,Y,11,Hoburg A 68560,Y,2022,149
2022-05-30,,,10.7,Y,10.7,Hoburg A 68560,Y,2022,150
2022-05-31,,,10.9,Y,10.9,Hoburg A 68560,Y,2022,151
2022-06-01,,,12.2,Y,12.2,Hoburg A 68560,Y,2022,152
2022-06-02,,,11.9,Y,11.9,Hoburg A 68560,Y,2022,153
2022-06-03,,,11.9,Y,11.9,Hoburg A 68560,Y,2022,154
2022-06-04,,,13,Y,13,Hoburg A 68560,Y,2022,155
2022-06-05,,,14,Y,14,Hoburg A 68560,Y,2022,156
2022-06-06,,,14.5,Y,14.5,Hoburg A 68560,Y,2022,157
2022-06-07,,,14.3,Y,14.3,Hoburg A 68560,Y,2022,158
2022-06-08,,,14.2,Y,14.2,Hoburg A 68560,Y,2022,159
2022-06-09,,,16,Y,16,Hoburg A 68560,Y,2022,160
2022-06-10,,,16,Y,16,Hoburg A 68560,Y,2022,161
2022-06-11,,,16,Y,16,Hoburg A 68560,Y,2022,162
2022-06-12,,,15.4,Y,15.4,Hoburg A 68560,Y,2022,163
2022-06-13,,,15,Y,15,Hoburg A 68560,Y,2022,164
2022-06-14,,,15.6,Y,15.6,Hoburg A 68560,Y,2022,165
2022-06-15,,,15.6,Y,15.6,Hoburg A 68560,Y,2022,166
2022-06-16,,,16.3,Y,16.3,Hoburg A 68560,Y,2022,167
2022-06-17,,,16.7,Y,16.7,Hoburg A 68560,Y,2022,168
2022-06-18,,,16.4,Y,16.4,Hoburg A 68560,Y,2022,169
2022-06-19,,,12.8,Y,12.8,Hoburg A 68560,Y,2022,170
2022-06-20,,,15,Y,15,Hoburg A 68560,Y,2022,171
2022-06-21,,,15.3,Y,15.3,Hoburg A 68560,Y,2022,172
2022-06-22,,,15.9,Y,15.9,Hoburg A 68560,Y,2022,173
2022-06-23,,,16.4,Y,16.4,Hoburg A 68560,Y,2022,174
2022-06-24,,,18,Y,18,Hoburg A 68560,Y,2022,175
2022-06-25,,,20.1,Y,20.1,Hoburg A 68560,Y,2022,176
2022-06-26,,,22,Y,22,Hoburg A 68560,Y,2022,177
2022-06-27,,,22.2,Y,22.2,Hoburg A 68560,Y,2022,178
2022-06-28,,,20.9,Y,20.9,Hoburg A 68560,Y,2022,179
2022-06-29,,,18.7,Y,18.7,Hoburg A 68560,Y,2022,180
2022-06-30,,,20,Y,20,Hoburg A 68560,Y,2022,181
2022-07-01,,,20.7,Y,20.7,Hoburg A 68560,Y,2022,182
2022-07-02,,,18.7,Y,18.7,Hoburg A 68560,Y,2022,183
2022-07-03,,,19.4,Y,19.4,Hoburg A 68560,Y,2022,184
2022-07-04,,,19.6,Y,19.6,Hoburg A 68560,Y,2022,185
2022-07-05,,,17.7,Y,17.7,Hoburg A 68560,Y,2022,186
2022-07-06,,,17.6,Y,17.6,Hoburg A 68560,Y,2022,187
2022-07-07,,,17.1,Y,17.1,Hoburg A 68560,Y,2022,188
2022-07-08,,,18.7,Y,18.7,Hoburg A 68560,Y,2022,189
2022-07-09,,,18.3,Y,18.3,Hoburg A 68560,Y,2022,190
2022-07-10,,,16.9,Y,16.9,Hoburg A 68560,Y,2022,191
2022-07-11,,,16.1,Y,16.1,Hoburg A 68560,Y,2022,192
2022-07-12,,,18,Y,18,Hoburg A 68560,Y,2022,193
2022-07-13,,,19.9,Y,19.9,Hoburg A 68560,Y,2022,194
2022-07-14,,,17.8,Y,17.8,Hoburg A 68560,Y,2022,195
2022-07-15,,,16.2,Y,16.2,Hoburg A 68560,Y,2022,196
2022-07-16,,,16.1,Y,16.1,Hoburg A 68560,Y,2022,197
2022-07-17,,,16.9,Y,16.9,Hoburg A 68560,Y,2022,198
2022-07-18,,,18.1,Y,18.1,Hoburg A 68560,Y,2022,199
2022-07-19,,,19.8,Y,19.8,Hoburg A 68560,Y,2022,200
2022-07-20,,,19.2,Y,19.2,Hoburg A 68560,Y,2022,201
2022-07-21,,,21.3,Y,21.3,Hoburg A 68560,Y,2022,202
2022-07-22,,,19.7,Y,19.7,Hoburg A 68560,Y,2022,203
2022-07-23,,,17.8,Y,17.8,Hoburg A 68560,Y,2022,204
2022-07-24,,,17.8,Y,17.8,Hoburg A 68560,Y,2022,205
2022-07-25,,,19.3,Y,19.3,Hoburg A 68560,Y,2022,206
2022-07-26,,,18.7,Y,18.7,Hoburg A 68560,Y,2022,207
2022-07-27,,,16.3,Y,16.3,Hoburg A 68560,Y,2022,208
2022-07-28,,,17.1,Y,17.1,Hoburg A 68560,Y,2022,209
2022-07-29,,,16.7,Y,16.7,Hoburg A 68560,Y,2022,210
2022-07-30,,,18,Y,18,Hoburg A 68560,Y,2022,211
2022-07-31,,,19.2,Y,19.2,Hoburg A 68560,Y,2022,212
2022-08-01,,,18.5,Y,18.5,Hoburg A 68560,Y,2022,213
2022-08-02,,,18.5,Y,18.5,Hoburg A 68560,Y,2022,214
2022-08-03,,,20,Y,20,Hoburg A 68560,Y,2022,215
2022-08-04,,,21.9,Y,21.9,Hoburg A 68560,Y,2022,216
2022-08-05,,,19.9,Y,19.9,Hoburg A 68560,Y,2022,217
2022-08-06,,,17.6,Y,17.6,Hoburg A 68560,Y,2022,218
2022-08-07,,,16.8,Y,16.8,Hoburg A 68560,Y,2022,219
2022-08-08,,,17.3,Y,17.3,Hoburg A 68560,Y,2022,220
2022-08-09,,,17.8,Y,17.8,Hoburg A 68560,Y,2022,221
2022-08-10,,,18.7,Y,18.7,Hoburg A 68560,Y,2022,222
2022-08-11,,,19.9,Y,19.9,Hoburg A 68560,Y,2022,223
2022-08-12,,,20.2,Y,20.2,Hoburg A 68560,Y,2022,224
2022-08-13,,,19.5,Y,19.5,Hoburg A 68560,Y,2022,225
2022-08-14,,,22,Y,22,Hoburg A 68560,Y,2022,226
2022-08-15,,,22.7,Y,22.7,Hoburg A 68560,Y,2022,227
2022-08-16,,,22.3,Y,22.3,Hoburg A 68560,Y,2022,228
2022-08-17,,,21.9,Y,21.9,Hoburg A 68560,Y,2022,229
2022-08-18,,,23,Y,23,Hoburg A 68560,Y,2022,230
2022-08-19,,,23.2,Y,23.2,Hoburg A 68560,Y,2022,231
2022-08-20,,,22,Y,22,Hoburg A 68560,Y,2022,232
2022-08-21,,,19.2,Y,19.2,Hoburg A 68560,Y,2022,233
2022-08-22,,,19.6,Y,19.6,Hoburg A 68560,Y,2022,234
2022-08-23,,,19.5,Y,19.5,Hoburg A 68560,Y,2022,235
2022-08-24,,,18.8,Y,18.8,Hoburg A 68560,Y,2022,236
2022-08-25,,,18.9,Y,18.9,Hoburg A 68560,Y,2022,237
2022-08-26,,,20.8,Y,20.8,Hoburg A 68560,Y,2022,238
2022-08-27,,,22,Y,22,Hoburg A 68560,Y,2022,239
2022-08-28,,,22.4,Y,22.4,Hoburg A 68560,Y,2022,240
2022-08-29,,,15.6,Y,15.6,Hoburg A 68560,Y,2022,241
2022-08-30,,,15.7,Y,15.7,Hoburg A 68560,Y,2022,242
2022-08-31,,,15.4,Y,15.4,Hoburg A 68560,Y,2022,243
2022-09-01,,,14.4,Y,14.4,Hoburg A 68560,Y,2022,244
2022-09-02,,,13.3,Y,13.3,Hoburg A 68560,Y,2022,245
2022-09-03,,,13.3,Y,13.3,Hoburg A 68560,Y,2022,246
2022-09-04,,,14.4,Y,14.4,Hoburg A 68560,Y,2022,247
2022-09-05,,,13.4,Y,13.4,Hoburg A 68560,Y,2022,248
2022-09-06,,,13.4,Y,13.4,Hoburg A 68560,Y,2022,249
2022-09-07,,,15,Y,15,Hoburg A 68560,Y,2022,250
2022-09-08,,,14.2,Y,14.2,Hoburg A 68560,Y,2022,251
2022-09-09,,,14.9,Y,14.9,Hoburg A 68560,Y,2022,252
2022-09-10,,,14.4,Y,14.4,Hoburg A 68560,Y,2022,253
2022-09-11,,,14.2,Y,14.2,Hoburg A 68560,Y,2022,254
2022-09-12,,,14.2,Y,14.2,Hoburg A 68560,Y,2022,255
2022-09-13,,,15.6,Y,15.6,Hoburg A 68560,Y,2022,256
2022-09-14,,,16.3,Y,16.3,Hoburg A 68560,Y,2022,257
2022-09-15,,,14.6,Y,14.6,Hoburg A 68560,Y,2022,258
2022-09-16,,,12.7,Y,12.7,Hoburg A 68560,Y,2022,259
2022-09-17,,,13.7,Y,13.7,Hoburg A 68560,Y,2022,260
2022-09-18,,,13.7,Y,13.7,Hoburg A 68560,Y,2022,261
2022-09-19,,,12.1,Y,12.1,Hoburg A 68560,Y,2022,262
2022-09-20,,,11.9,Y,11.9,Hoburg A 68560,Y,2022,263
2022-09-21,,,11.3,Y,11.3,Hoburg A 68560,Y,2022,264
2022-09-22,,,11,Y,11,Hoburg A 68560,Y,2022,265
2022-09-23,,,13.8,Y,13.8,Hoburg A 68560,Y,2022,266
2022-09-24,,,13.5,Y,13.5,Hoburg A 68560,Y,2022,267
2022-09-25,,,13.9,Y,13.9,Hoburg A 68560,Y,2022,268
2022-09-26,,,12.7,Y,12.7,Hoburg A 68560,Y,2022,269
2022-09-27,,,13.1,Y,13.1,Hoburg A 68560,Y,2022,270
2022-09-28,,,13.3,Y,13.3,Hoburg A 68560,Y,2022,271
2022-09-29,,,10.9,Y,10.9,Hoburg A 68560,Y,2022,272
2022-09-30,,,11.3,Y,11.3,Hoburg A 68560,Y,2022,273
2022-10-01,,,13.7,Y,13.7,Hoburg A 68560,Y,2022,274
2022-10-02,,,12,Y,12,Hoburg A 68560,Y,2022,275
2022-10-03,,,11.9,Y,11.9,Hoburg A 68560,Y,2022,276
2022-10-04,,,13.1,Y,13.1,Hoburg A 68560,Y,2022,277
2022-10-05,,,14.4,Y,14.4,Hoburg A 68560,Y,2022,278
2022-10-06,,,14.7,Y,14.7,Hoburg A 68560,Y,2022,279
2022-10-07,,,13.5,Y,13.5,Hoburg A 68560,Y,2022,280
2022-10-08,,,13.2,Y,13.2,Hoburg A 68560,Y,2022,281
2022-10-09,,,11.8,Y,11.8,Hoburg A 68560,Y,2022,282
2022-10-10,,,12.3,Y,12.3,Hoburg A 68560,Y,2022,283
2022-10-11,,,11.7,Y,11.7,Hoburg A 68560,Y,2022,284
2022-10-12,,,11.1,Y,11.1,Hoburg A 68560,Y,2022,285
2022-10-13,,,12,Y,12,Hoburg A 68560,Y,2022,286
2022-10-14,,,12.6,Y,12.6,Hoburg A 68560,Y,2022,287
2022-10-15,,,12.8,Y,12.8,Hoburg A 68560,Y,2022,288
2022-10-16,,,13.4,Y,13.4,Hoburg A 68560,Y,2022,289
2022-10-17,,,11.9,Y,11.9,Hoburg A 68560,Y,2022,290
2022-10-18,,,12.5,Y,12.5,Hoburg A 68560,Y,2022,291
2022-10-19,,,8.4,Y,8.4,Hoburg A 68560,Y,2022,292
2022-10-20,,,8.4,Y,8.4,Hoburg A 68560,Y,2022,293
2022-10-21,,,9,Y,9,Hoburg A 68560,Y,2022,294
2022-10-22,,,10.5,Y,10.5,Hoburg A 68560,Y,2022,295
2022-10-23,,,10.3,Y,10.3,Hoburg A 68560,Y,2022,296
2022-10-24,,,10.7,Y,10.7,Hoburg A 68560,Y,2022,297
2022-10-25,,,12.3,Y,12.3,Hoburg A 68560,Y,2022,298
2022-10-26,,,12,Y,12,Hoburg A 68560,Y,2022,299
2022-10-27,,,11.5,Y,11.5,Hoburg A 68560,Y,2022,300
2022-10-28,,,12.3,Y,12.3,Hoburg A 68560,Y,2022,301
2022-10-29,,,12.3,Y,12.3,Hoburg A 68560,Y,2022,302
2022-10-30,,,9.6,Y,9.6,Hoburg A 68560,Y,2022,303
2022-10-31,,,10.3,Y,10.3,Hoburg A 68560,Y,2022,304
2022-11-01,,,10.1,Y,10.1,Hoburg A 68560,Y,2022,305
2022-11-02,,,11.3,Y,11.3,Hoburg A 68560,Y,2022,306
2022-11-03,,,10.2,Y,10.2,Hoburg A 68560,Y,2022,307
2022-11-04,,,10.3,Y,10.3,Hoburg A 68560,Y,2022,308
2022-11-05,,,9.3,Y,9.3,Hoburg A 68560,Y,2022,309
2022-11-06,,,10.4,Y,10.4,Hoburg A 68560,Y,2022,310
2022-11-07,,,10.6,Y,10.6,Hoburg A 68560,Y,2022,311
2022-11-08,,,11.3,Y,11.3,Hoburg A 68560,Y,2022,312
2022-11-09,,,11.3,Y,11.3,Hoburg A 68560,Y,2022,313
2022-11-10,,,10.7,Y,10.7,Hoburg A 68560,Y,2022,314
2022-11-11,,,11.7,Y,11.7,Hoburg A 68560,Y,2022,315
2022-11-12,,,12.1,Y,12.1,Hoburg A 68560,Y,2022,316
2022-11-13,,,8.3,Y,8.3,Hoburg A 68560,Y,2022,317
2022-11-14,,,9.5,Y,9.5,Hoburg A 68560,Y,2022,318
2022-11-15,,,7.8,Y,7.8,Hoburg A 68560,Y,2022,319
2022-11-16,,,6.1,Y,6.1,Hoburg A 68560,Y,2022,320
2022-11-17,,,3.4,Y,3.4,Hoburg A 68560,Y,2022,321
2022-11-18,,,2,Y,2,Hoburg A 68560,Y,2022,322
2022-11-19,,,-0.8,Y,-0.8,Hoburg A 68560,Y,2022,323
2022-11-20,,,-1.3,Y,-1.3,Hoburg A 68560,Y,2022,324
2022-11-21,,,1.5,Y,1.5,Hoburg A 68560,Y,2022,325
2022-11-22,,,3.1,Y,3.1,Hoburg A 68560,Y,2022,326
2022-11-23,,,2.3,Y,2.3,Hoburg A 68560,Y,2022,327
2022-11-24,,,2.5,Y,2.5,Hoburg A 68560,Y,2022,328
2022-11-25,,,3.3,Y,3.3,Hoburg A 68560,Y,2022,329
2022-11-26,,,4.1,Y,4.1,Hoburg A 68560,Y,2022,330
2022-11-27,,,4,Y,4,Hoburg A 68560,Y,2022,331
2022-11-28,,,4.6,Y,4.6,Hoburg A 68560,Y,2022,332
2022-11-29,,,4.6,Y,4.6,Hoburg A 68560,Y,2022,333
2022-11-30,,,3.1,Y,3.1,Hoburg A 68560,Y,2022,334
2022-12-01,,,3.8,Y,3.8,Hoburg A 68560,Y,2022,335
2022-12-02,,,1.7,Y,1.7,Hoburg A 68560,Y,2022,336
2022-12-03,,,0.7,Y,0.7,Hoburg A 68560,Y,2022,337
2022-12-04,,,1.6,Y,1.6,Hoburg A 68560,Y,2022,338
2022-12-05,,,2.4,Y,2.4,Hoburg A 68560,Y,2022,339
2022-12-06,,,0.8,Y,0.8,Hoburg A 68560,Y,2022,340
2022-12-07,,,1,Y,1,Hoburg A 68560,Y,2022,341
2022-12-08,,,-0.5,Y,-0.5,Hoburg A 68560,Y,2022,342
2022-12-09,,,2,Y,2,Hoburg A 68560,Y,2022,343
2022-12-10,,,-1.2,Y,-1.2,Hoburg A 68560,Y,2022,344
2022-12-11,,,-2.2,Y,-2.2,Hoburg A 68560,Y,2022,345
2022-12-12,,,0.2,Y,0.2,Hoburg A 68560,Y,2022,346
2022-12-13,,,-2.1,Y,-2.1,Hoburg A 68560,Y,2022,347
2022-12-14,,,1.6,Y,1.6,Hoburg A 68560,Y,2022,348
2022-12-15,,,-0.8,Y,-0.8,Hoburg A 68560,Y,2022,349
2022-12-16,,,-2.5,Y,-2.5,Hoburg A 68560,Y,2022,350
2022-12-17,,,-0.8,Y,-0.8,Hoburg A 68560,Y,2022,351
2022-12-18,,,2.8,Y,2.8,Hoburg A 68560,Y,2022,352
2022-12-19,,,2,Y,2,Hoburg A 68560,Y,2022,353
2022-12-20,,,5.2,Y,5.2,Hoburg A 68560,Y,2022,354
2022-12-21,,,5.2,Y,5.2,Hoburg A 68560,Y,2022,355
2022-12-22,,,4.8,Y,4.8,Hoburg A 68560,Y,2022,356
2022-12-23,,,3.2,Y,3.2,Hoburg A 68560,Y,2022,357
2022-12-24,,,0,Y,0,Hoburg A 68560,Y,2022,358
2022-12-25,,,2.3,Y,2.3,Hoburg A 68560,Y,2022,359
2022-12-26,,,3.9,Y,3.9,Hoburg A 68560,Y,2022,360
2022-12-27,,,4.1,Y,4.1,Hoburg A 68560,Y,2022,361
2022-12-28,,,4,Y,4,Hoburg A 68560,Y,2022,362
2022-12-29,,,5.7,Y,5.7,Hoburg A 68560,Y,2022,363
2022-12-30,,,5.2,Y,5.2,Hoburg A 68560,Y,2022,364
2022-12-31,,,6.2,Y,6.2,Hoburg A 68560,Y,2022,365
2023-01-01,,,4.4,Y,4.4,Hoburg A 68560,Y,2023,1
2023-01-02,,,5.6,Y,5.6,Hoburg A 68560,Y,2023,2
2023-01-03,,,2.1,Y,2.1,Hoburg A 68560,Y,2023,3
2023-01-04,,,2.3,Y,2.3,Hoburg A 68560,Y,2023,4
2023-01-05,,,0.4,Y,0.4,Hoburg A 68560,Y,2023,5
2023-01-06,,,-2.6,Y,-2.6,Hoburg A 68560,Y,2023,6
2023-01-07,,,1.5,Y,1.5,Hoburg A 68560,Y,2023,7
2023-01-08,,,4.5,Y,4.5,Hoburg A 68560,Y,2023,8
2023-01-09,,,4.3,Y,4.3,Hoburg A 68560,Y,2023,9
2023-01-10,,,4.6,Y,4.6,Hoburg A 68560,Y,2023,10
2023-01-11,,,4.8,Y,4.8,Hoburg A 68560,Y,2023,11
2023-01-12,,,5.4,Y,5.4,Hoburg A 68560,Y,2023,12
2023-01-13,,,5.5,Y,5.5,Hoburg A 68560,Y,2023,13
2023-01-14,,,5.4,Y,5.4,Hoburg A 68560,Y,2023,14
2023-01-15,,,5.2,Y,5.2,Hoburg A 68560,Y,2023,15
2023-01-16,,,4.5,Y,4.5,Hoburg A 68560,Y,2023,16
2023-01-17,,,3.6,Y,3.6,Hoburg A 68560,Y,2023,17
2023-01-18,,,2.6,Y,2.6,Hoburg A 68560,Y,2023,18
2023-01-19,,,2.4,Y,2.4,Hoburg A 68560,Y,2023,19
2023-01-20,,,2.2,Y,2.2,Hoburg A 68560,Y,2023,20
2023-01-21,,,0.2,Y,0.2,Hoburg A 68560,Y,2023,21
2023-01-22,,,0.7,Y,0.7,Hoburg A 68560,Y,2023,22
2023-01-23,,,-0.3,Y,-0.3,Hoburg A 68560,Y,2023,23
2023-01-24,,,1.1,Y,1.1,Hoburg A 68560,Y,2023,24
2023-01-25,,,2.4,Y,2.4,Hoburg A 68560,Y,2023,25
2023-01-26,,,2.6,Y,2.6,Hoburg A 68560,Y,2023,26
2023-01-27,,,0.6,Y,0.6,Hoburg A 68560,Y,2023,27
2023-01-28,,,1.3,Y,1.3,Hoburg A 68560,Y,2023,28
2023-01-29,,,3.5,Y,3.5,Hoburg A 68560,Y,2023,29
2023-01-30,,,4.5,Y,4.5,Hoburg A 68560,Y,2023,30
2023-01-31,,,2.7,Y,2.7,Hoburg A 68560,Y,2023,31
2023-02-01,,,2.9,Y,2.9,Hoburg A 68560,Y,2023,32
2023-02-02,,,0.8,Y,0.8,Hoburg A 68560,Y,2023,33
2023-02-03,,,0.7,Y,0.7,Hoburg A 68560,Y,2023,34
2023-02-04,,,-0.2,Y,-0.2,Hoburg A 68560,Y,2023,35
2023-02-05,,,0.1,Y,0.1,Hoburg A 68560,Y,2023,36
2023-02-06,,,1.2,Y,1.2,Hoburg A 68560,Y,2023,37
2023-02-07,,,1.5,Y,1.5,Hoburg A 68560,Y,2023,38
2023-02-08,,,2.8,Y,2.8,Hoburg A 68560,Y,2023,39
2023-02-09,,,2.5,Y,2.5,Hoburg A 68560,Y,2023,40
2023-02-10,,,3,Y,3,Hoburg A 68560,Y,2023,41
2023-02-11,,,3.2,Y,3.2,Hoburg A 68560,Y,2023,42
2023-02-12,,,2.8,Y,2.8,Hoburg A 68560,Y,2023,43
2023-02-13,,,4.5,Y,4.5,Hoburg A 68560,Y,2023,44
2023-02-14,,,2.3,Y,2.3,Hoburg A 68560,Y,2023,45
2023-02-15,,,2.2,Y,2.2,Hoburg A 68560,Y,2023,46
2023-02-16,,,2.7,Y,2.7,Hoburg A 68560,Y,2023,47
2023-02-17,,,4.1,Y,4.1,Hoburg A 68560,Y,2023,48
2023-02-18,,,4.3,Y,4.3,Hoburg A 68560,Y,2023,49
2023-02-19,,,2,Y,2,Hoburg A 68560,Y,2023,50
2023-02-20,,,3.8,Y,3.8,Hoburg A 68560,Y,2023,51
2023-02-21,,,2.4,Y,2.4,Hoburg A 68560,Y,2023,52
2023-02-22,,,-0.7,Y,-0.7,Hoburg A 68560,Y,2023,53
2023-02-23,,,1.7,Y,1.7,Hoburg A 68560,Y,2023,54
2023-02-24,,,1.8,Y,1.8,Hoburg A 68560,Y,2023,55
2023-02-25,,,-0.1,Y,-0.1,Hoburg A 68560,Y,2023,56
2023-02-26,,,0.2,Y,0.2,Hoburg A 68560,Y,2023,57
2023-02-27,,,1.4,Y,1.4,Hoburg A 68560,Y,2023,58
2023-02-28,,,2.6,Y,2.6,Hoburg A 68560,Y,2023,59
2023-03-01,,,2.4,Y,2.4,Hoburg A 68560,Y,2023,60
2023-03-02,,,3.3,Y,3.3,Hoburg A 68560,Y,2023,61
2023-03-03,,,3.9,Y,3.9,Hoburg A 68560,Y,2023,62
2023-03-04,,,1,Y,1,Hoburg A 68560,Y,2023,63
2023-03-05,,,0.2,Y,0.2,Hoburg A 68560,Y,2023,64
2023-03-06,,,-1.4,Y,-1.4,Hoburg A 68560,Y,2023,65
2023-03-07,,,0.2,Y,0.2,Hoburg A 68560,Y,2023,66
2023-03-08,,,-0.4,Y,-0.4,Hoburg A 68560,Y,2023,67
2023-03-09,,,-1.1,Y,-1.1,Hoburg A 68560,Y,2023,68
2023-03-10,,,0.3,Y,0.3,Hoburg A 68560,Y,2023,69
2023-03-11,,,-0.8,Y,-0.8,Hoburg A 68560,Y,2023,70
2023-03-12,,,0.2,Y,0.2,Hoburg A 68560,Y,2023,71
2023-03-13,,,3,Y,3,Hoburg A 68560,Y,2023,72
2023-03-14,,,5,Y,5,Hoburg A 68560,Y,2023,73
2023-03-15,,,2.7,Y,2.7,Hoburg A 68560,Y,2023,74
2023-03-16,,,1.3,Y,1.3,Hoburg A 68560,Y,2023,75
2023-03-17,,,2.6,Y,2.6,Hoburg A 68560,Y,2023,76
2023-03-18,,,3.6,Y,3.6,Hoburg A 68560,Y,2023,77
2023-03-19,,,3.6,Y,3.6,Hoburg A 68560,Y,2023,78
2023-03-20,,,3.6,Y,3.6,Hoburg A 68560,Y,2023,79
2023-03-21,,,2.1,Y,2.1,Hoburg A 68560,Y,2023,80
2023-03-22,,,4.1,Y,4.1,Hoburg A 68560,Y,2023,81
2023-03-23,,,4.8,Y,4.8,Hoburg A 68560,Y,2023,82
2023-03-24,,,4.5,Y,4.5,Hoburg A 68560,Y,2023,83
2023-03-25,,,4.2,Y,4.2,Hoburg A 68560,Y,2023,84
2023-03-26,,,2.8,Y,2.8,Hoburg A 68560,Y,2023,85
2023-03-27,,,-0.9,Y,-0.9,Hoburg A 68560,Y,2023,86
2023-03-28,,,-0.6,Y,-0.6,Hoburg A 68560,Y,2023,87
2023-03-29,,,1.8,Y,1.8,Hoburg A 68560,Y,2023,88
2023-03-30,,,1.3,Y,1.3,Hoburg A 68560,Y,2023,89
2023-03-31,,,2.6,Y,2.6,Hoburg A 68560,Y,2023,90
2023-04-01,,,1.9,Y,1.9,Hoburg A 68560,Y,2023,91
2023-04-02,,,2.1,Y,2.1,Hoburg A 68560,Y,2023,92
2023-04-03,,,0.9,Y,0.9,Hoburg A 68560,Y,2023,93
2023-04-04,,,0.4,Y,0.4,Hoburg A 68560,Y,2023,94
2023-04-05,,,0.3,Y,0.3,Hoburg A 68560,Y,2023,95
2023-04-06,,,1.7,Y,1.7,Hoburg A 68560,Y,2023,96
2023-04-07,,,4.4,Y,4.4,Hoburg A 68560,Y,2023,97
2023-04-08,,,5.1,Y,5.1,Hoburg A 68560,Y,2023,98
2023-04-09,,,4.7,Y,4.7,Hoburg A 68560,Y,2023,99
2023-04-10,,,4.9,Y,4.9,Hoburg A 68560,Y,2023,100
2023-04-11,,,5.6,Y,5.6,Hoburg A 68560,Y,2023,101
2023-04-12,,,5.8,Y,5.8,Hoburg A 68560,Y,2023,102
2023-04-13,,,7.1,Y,7.1,Hoburg A 68560,Y,2023,103
2023-04-14,,,7,Y,7,Hoburg A 68560,Y,2023,104
2023-04-15,,,8.3,Y,8.3,Hoburg A 68560,Y,2023,105
2023-04-16,,,7.3,Y,7.3,Hoburg A 68560,Y,2023,106
2023-04-17,,,6.7,Y,6.7,Hoburg A 68560,Y,2023,107
2023-04-18,,,7.6,Y,7.6,Hoburg A 68560,Y,2023,108
2023-04-19,,,7.8,Y,7.8,Hoburg A 68560,Y,2023,109
2023-04-20,,,9.5,Y,9.5,Hoburg A 68560,Y,2023,110
2023-04-21,,,7.9,Y,7.9,Hoburg A 68560,Y,2023,111
2023-04-22,,,8.3,Y,8.3,Hoburg A 68560,Y,2023,112
2023-04-23,,,8.1,Y,8.1,Hoburg A 68560,Y,2023,113
2023-04-24,,,6.5,Y,6.5,Hoburg A 68560,Y,2023,114
2023-04-25,,,6.4,Y,6.4,Hoburg A 68560,Y,2023,115
2023-04-26,,,6.4,Y,6.4,Hoburg A 68560,Y,2023,116
2023-04-27,,,5.2,Y,5.2,Hoburg A 68560,Y,2023,117
2023-04-28,,,5.7,Y,5.7,Hoburg A 68560,Y,2023,118
2023-04-29,,,6.7,Y,6.7,Hoburg A 68560,Y,2023,119
2023-04-30,,,6.6,Y,6.6,Hoburg A 68560,Y,2023,120
2023-05-01,,,5.9,Y,5.9,Hoburg A 68560,Y,2023,121
2023-05-02,,,6.7,Y,6.7,Hoburg A 68560,Y,2023,122
2023-05-03,,,6.9,Y,6.9,Hoburg A 68560,Y,2023,123
2023-05-04,,,6.2,Y,6.2,Hoburg A 68560,Y,2023,124
2023-05-05,,,3.6,Y,3.6,Hoburg A 68560,Y,2023,125
2023-05-06,,,4.6,Y,4.6,Hoburg A 68560,Y,2023,126
2023-05-07,,,6.8,Y,6.8,Hoburg A 68560,Y,2023,127
2023-05-08,,,7.5,Y,7.5,Hoburg A 68560,Y,2023,128
2023-05-09,,,9.1,Y,9.1,Hoburg A 68560,Y,2023,129
2023-05-10,,,10.2,Y,10.2,Hoburg A 68560,Y,2023,130
2023-05-11,,,10.8,Y,10.8,Hoburg A 68560,Y,2023,131
2023-05-12,,,12.1,Y,12.1,Hoburg A 68560,Y,2023,132
2023-05-13,,,13.3,Y,13.3,Hoburg A 68560,Y,2023,133
2023-05-14,,,14.4,Y,14.4,Hoburg A 68560,Y,2023,134
2023-05-15,,,14.8,Y,14.8,Hoburg A 68560,Y,2023,135
2023-05-16,,,10.7,Y,10.7,Hoburg A 68560,Y,2023,136
2023-05-17,,,9,Y,9,Hoburg A 68560,Y,2023,137
2023-05-18,,,9.6,Y,9.6,Hoburg A 68560,Y,2023,138
2023-05-19,,,9.8,Y,9.8,Hoburg A 68560,Y,2023,139
2023-05-20,,,11.9,Y,11.9,Hoburg A 68560,Y,2023,140
2023-05-21,,,14.3,Y,14.3,Hoburg A 68560,Y,2023,141
2023-05-22,,,16.2,Y,16.2,Hoburg A 68560,Y,2023,142
2023-05-23,,,13.5,Y,13.5,Hoburg A 68560,Y,2023,143
2023-05-24,,,16.7,Y,16.7,Hoburg A 68560,Y,2023,144
2023-05-25,,,14.1,Y,14.1,Hoburg A 68560,Y,2023,145
2023-05-26,,,12.4,Y,12.4,Hoburg A 68560,Y,2023,146
2023-05-27,,,12.4,Y,12.4,Hoburg A 68560,Y,2023,147
2023-05-28,,,12.7,Y,12.7,Hoburg A 68560,Y,2023,148
2023-05-29,,,12.8,Y,12.8,Hoburg A 68560,Y,2023,149
2023-05-30,,,12.5,Y,12.5,Hoburg A 68560,Y,2023,150
2023-05-31,,,13.8,Y,13.8,Hoburg A 68560,Y,2023,151
2023-06-01,,,11.6,Y,11.6,Hoburg A 68560,Y,2023,152
2023-06-02,,,9.5,Y,9.5,Hoburg A 68560,Y,2023,153
2023-06-03,,,11.5,Y,11.5,Hoburg A 68560,Y,2023,154
2023-06-04,,,13.1,Y,13.1,Hoburg A 68560,Y,2023,155
2023-06-05,,,12.6,Y,12.6,Hoburg A 68560,Y,2023,156
2023-06-06,,,14,Y,14,Hoburg A 68560,Y,2023,157
2023-06-07,,,15.4,Y,15.4,Hoburg A 68560,Y,2023,158
2023-06-08,,,15.5,Y,15.5,Hoburg A 68560,Y,2023,159
2023-06-09,,,13.2,Y,13.2,Hoburg A 68560,Y,2023,160
2023-06-10,,,14,Y,14,Hoburg A 68560,Y,2023,161
2023-06-11,,,14.7,Y,14.7,Hoburg A 68560,Y,2023,162
2023-06-12,,,16.2,Y,16.2,Hoburg A 68560,Y,2023,163
2023-06-13,,,16.1,Y,16.1,Hoburg A 68560,Y,2023,164
2023-06-14,,,19.1,Y,19.1,Hoburg A 68560,Y,2023,165
2023-06-15,,,20,Y,20,Hoburg A 68560,Y,2023,166
2023-06-16,,,18.8,Y,18.8,Hoburg A 68560,Y,2023,167
2023-06-17,,,16.9,Y,16.9,Hoburg A 68560,Y,2023,168
2023-06-18,,,16.2,Y,16.2,Hoburg A 68560,Y,2023,169
2023-06-19,,,16.8,Y,16.8,Hoburg A 68560,Y,2023,170
2023-06-20,,,18.1,Y,18.1,Hoburg A 68560,Y,2023,171
2023-06-21,,,18.7,Y,18.7,Hoburg A 68560,Y,2023,172
2023-06-22,,,19.3,Y,19.3,Hoburg A 68560,Y,2023,173
2023-06-23,,,19.1,Y,19.1,Hoburg A 68560,Y,2023,174
2023-06-24,,,20.1,Y,20.1,Hoburg A 68560,Y,2023,175
2023-06-25,,,20.2,Y,20.2,Hoburg A 68560,Y,2023,176
2023-06-26,,,19.2,Y,19.2,Hoburg A 68560,Y,2023,177
2023-06-27,,,16.9,Y,16.9,Hoburg A 68560,Y,2023,178
2023-06-28,,,20,Y,20,Hoburg A 68560,Y,2023,179
2023-06-29,,,20.5,Y,20.5,Hoburg A 68560,Y,2023,180
2023-06-30,,,19.6,Y,19.6,Hoburg A 68560,Y,2023,181
2023-07-01,,,17.9,Y,17.9,Hoburg A 68560,Y,2023,182
2023-07-02,,,17.6,Y,17.6,Hoburg A 68560,Y,2023,183
2023-07-03,,,15.8,Y,15.8,Hoburg A 68560,Y,2023,184
2023-07-04,,,14.7,Y,14.7,Hoburg A 68560,Y,2023,185
2023-07-05,,,15.6,Y,15.6,Hoburg A 68560,Y,2023,186
2023-07-06,,,15.9,Y,15.9,Hoburg A 68560,Y,2023,187
2023-07-07,,,16.5,Y,16.5,Hoburg A 68560,Y,2023,188
2023-07-08,,,17.7,Y,17.7,Hoburg A 68560,Y,2023,189
2023-07-09,,,18.4,Y,18.4,Hoburg A 68560,Y,2023,190
2023-07-10,,,16.5,Y,16.5,Hoburg A 68560,Y,2023,191
2023-07-11,,,17.1,Y,17.1,Hoburg A 68560,Y,2023,192
2023-07-12,,,17.2,Y,17.2,Hoburg A 68560,Y,2023,193
2023-07-13,,,17.7,Y,17.7,Hoburg A 68560,Y,2023,194
2023-07-14,,,17.7,Y,17.7,Hoburg A 68560,Y,2023,195
2023-07-15,,,17.7,Y,17.7,Hoburg A 68560,Y,2023,196
2023-07-16,,,18.2,Y,18.2,Hoburg A 68560,Y,2023,197
2023-07-17,,,18.6,Y,18.6,Hoburg A 68560,Y,2023,198
2023-07-18,,,17.3,Y,17.3,Hoburg A 68560,Y,2023,199
2023-07-19,,,16.3,Y,16.3,Hoburg A 68560,Y,2023,200
2023-07-20,,,16.3,Y,16.3,Hoburg A 68560,Y,2023,201
2023-07-21,,,16.4,Y,16.4,Hoburg A 68560,Y,2023,202
2023-07-22,,,15.9,Y,15.9,Hoburg A 68560,Y,2023,203
2023-07-23,,,15.8,Y,15.8,Hoburg A 68560,Y,2023,204
2023-07-24,,,17,Y,17,Hoburg A 68560,Y,2023,205
2023-07-25,,,17.4,Y,17.4,Hoburg A 68560,Y,2023,206
2023-07-26,,,16.7,Y,16.7,Hoburg A 68560,Y,2023,207
2023-07-27,,,16.5,Y,16.5,Hoburg A 68560,Y,2023,208
2023-07-28,,,17.6,Y,17.6,Hoburg A 68560,Y,2023,209
2023-07-29,,,17.5,Y,17.5,Hoburg A 68560,Y,2023,210
2023-07-30,,,17.7,Y,17.7,Hoburg A 68560,Y,2023,211
2023-07-31,,,16.6,Y,16.6,Hoburg A 68560,Y,2023,212
2023-08-01,,,16,Y,16,Hoburg A 68560,Y,2023,213
2023-08-02,,,17.6,Y,17.6,Hoburg A 68560,Y,2023,214
2023-08-03,,,17.7,Y,17.7,Hoburg A 68560,Y,2023,215
2023-08-04,,,18.3,Y,18.3,Hoburg A 68560,Y,2023,216
2023-08-05,,,17.3,Y,17.3,Hoburg A 68560,Y,2023,217
2023-08-06,,,16.7,Y,16.7,Hoburg A 68560,Y,2023,218
2023-08-07,,,16.7,Y,16.7,Hoburg A 68560,Y,2023,219
2023-08-08,,,15,Y,15,Hoburg A 68560,Y,2023,220
2023-08-09,,,13.8,Y,13.8,Hoburg A 68560,Y,2023,221
2023-08-10,,,13,Y,13,Hoburg A 68560,Y,2023,222
2023-08-11,,,14.8,Y,14.8,Hoburg A 68560,Y,2023,223
2023-08-12,,,16,Y,16,Hoburg A 68560,Y,2023,224
2023-08-13,,,17.2,Y,17.2,Hoburg A 68560,Y,2023,225
2023-08-14,,,17.6,Y,17.6,Hoburg A 68560,Y,2023,226
2023-08-15,,,18.4,Y,18.4,Hoburg A 68560,Y,2023,227
2023-08-16,,,17.2,Y,17.2,Hoburg A 68560,Y,2023,228
2023-08-17,,,17.5,Y,17.5,Hoburg A 68560,Y,2023,229
2023-08-18,,,17.8,Y,17.8,Hoburg A 68560,Y,2023,230
2023-08-19,,,18.9,Y,18.9,Hoburg A 68560,Y,2023,231
2023-08-20,,,17.6,Y,17.6,Hoburg A 68560,Y,2023,232
2023-08-21,,,17.4,Y,17.4,Hoburg A 68560,Y,2023,233
2023-08-22,,,18.2,Y,18.2,Hoburg A 68560,Y,2023,234
2023-08-23,,,17.9,Y,17.9,Hoburg A 68560,Y,2023,235
2023-08-24,,,17.6,Y,17.6,Hoburg A 68560,Y,2023,236
2023-08-25,,,16,Y,16,Hoburg A 68560,Y,2023,237
2023-08-26,,,16.8,Y,16.8,Hoburg A 68560,Y,2023,238
2023-08-27,,,16.4,Y,16.4,Hoburg A 68560,Y,2023,239
2023-08-28,,,16.1,Y,16.1,Hoburg A 68560,Y,2023,240
2023-08-29,,,15.7,Y,15.7,Hoburg A 68560,Y,2023,241
2023-08-30,,,15.1,Y,15.1,Hoburg A 68560,Y,2023,242
2023-08-31,,,15.7,Y,15.7,Hoburg A 68560,Y,2023,243
2023-09-01,,,15,Y,15,Hoburg A 68560,Y,2023,244
2023-09-02,,,16.2,Y,16.2,Hoburg A 68560,Y,2023,245
2023-09-03,,,15.6,Y,15.6,Hoburg A 68560,Y,2023,246
2023-09-04,,,17.1,Y,17.1,Hoburg A 68560,Y,2023,247
2023-09-05,,,17.6,Y,17.6,Hoburg A 68560,Y,2023,248
2023-09-06,,,16.5,Y,16.5,Hoburg A 68560,Y,2023,249
2023-09-07,,,16,Y,16,Hoburg A 68560,Y,2023,250
2023-09-08,,,16.9,Y,16.9,Hoburg A 68560,Y,2023,251
2023-09-09,,,16.5,Y,16.5,Hoburg A 68560,Y,2023,252
2023-09-10,,,18.3,Y,18.3,Hoburg A 68560,Y,2023,253
2023-09-11,,,18,Y,18,Hoburg A 68560,Y,2023,254
2023-09-12,,,18,Y,18,Hoburg A 68560,Y,2023,255
2023-09-13,,,16.6,Y,16.6,Hoburg A 68560,Y,2023,256
2023-09-14,,,14.3,Y,14.3,Hoburg A 68560,Y,2023,257
2023-09-15,,,15.7,Y,15.7,Hoburg A 68560,Y,2023,258
2023-09-16,,,16.9,Y,16.9,Hoburg A 68560,Y,2023,259
2023-09-17,,,16.1,Y,16.1,Hoburg A 68560,Y,2023,260
2023-09-18,,,15.9,Y,15.9,Hoburg A 68560,Y,2023,261
2023-09-19,,,16.8,Y,16.8,Hoburg A 68560,Y,2023,262
2023-09-20,,,16.5,Y,16.5,Hoburg A 68560,Y,2023,263
2023-09-21,,,16.4,Y,16.4,Hoburg A 68560,Y,2023,264
2023-09-22,,,16.4,Y,16.4,Hoburg A 68560,Y,2023,265
2023-09-23,,,15.6,Y,15.6,Hoburg A 68560,Y,2023,266
2023-09-24,,,13.9,Y,13.9,Hoburg A 68560,Y,2023,267
2023-09-25,,,14.7,Y,14.7,Hoburg A 68560,Y,2023,268
2023-09-26,,,15.9,Y,15.9,Hoburg A 68560,Y,2023,269
2023-09-27,,,16.3,Y,16.3,Hoburg A 68560,Y,2023,270
2023-09-28,,,16.3,Y,16.3,Hoburg A 68560,Y,2023,271
2023-09-29,,,15.7,Y,15.7,Hoburg A 68560,Y,2023,272
2023-09-30,,,14.5,Y,14.5,Hoburg A 68560,Y,2023,273
2023-10-01,,,13.9,Y,13.9,Hoburg A 68560,Y,2023,274
2023-10-02,,,14.5,Y,14.5,Hoburg A 68560,Y,2023,275
2023-10-03,,,15,Y,15,Hoburg A 68560,Y,2023,276
2023-10-04,,,13,Y,13,Hoburg A 68560,Y,2023,277
2023-10-05,,,11.5,Y,11.5,Hoburg A 68560,Y,2023,278
2023-10-06,,,10.9,Y,10.9,Hoburg A 68560,Y,2023,279
2023-10-07,,,9.5,Y,9.5,Hoburg A 68560,Y,2023,280
2023-10-08,,,7.9,Y,7.9,Hoburg A 68560,Y,2023,281
2023-10-09,,,8.4,Y,8.4,Hoburg A 68560,Y,2023,282
2023-10-10,,,9.8,Y,9.8,Hoburg A 68560,Y,2023,283
2023-10-11,,,12.2,Y,12.2,Hoburg A 68560,Y,2023,284
2023-10-12,,,11.4,Y,11.4,Hoburg A 68560,Y,2023,285
2023-10-13,,,10.9,Y,10.9,Hoburg A 68560,Y,2023,286
2023-10-14,,,11.4,Y,11.4,Hoburg A 68560,Y,2023,287
2023-10-15,,,9.8,Y,9.8,Hoburg A 68560,Y,2023,288
2023-10-16,,,8.1,Y,8.1,Hoburg A 68560,Y,2023,289
2023-10-17,,,8.8,Y,8.8,Hoburg A 68560,Y,2023,290
2023-10-18,,,7,Y,7,Hoburg A 68560,Y,2023,291
2023-10-19,,,4.2,Y,4.2,Hoburg A 68560,Y,2023,292
2023-10-20,,,5.2,Y,5.2,Hoburg A 68560,Y,2023,293
2023-10-21,,,5.6,Y,5.6,Hoburg A 68560,Y,2023,294
2023-10-22,,,9,Y,9,Hoburg A 68560,Y,2023,295
2023-10-23,,,9,Y,9,Hoburg A 68560,Y,2023,296
2023-10-24,,,7.8,Y,7.8,Hoburg A 68560,Y,2023,297
2023-10-25,,,7.2,Y,7.2,Hoburg A 68560,Y,2023,298
2023-10-26,,,5.4,Y,5.4,Hoburg A 68560,Y,2023,299
2023-10-27,,,4.5,Y,4.5,Hoburg A 68560,Y,2023,300
2023-10-28,,,4.7,Y,4.7,Hoburg A 68560,Y,2023,301
2023-10-29,,,4.9,Y,4.9,Hoburg A 68560,Y,2023,302
2023-10-30,,,8.5,Y,8.5,Hoburg A 68560,Y,2023,303
2023-10-31,,,9.3,Y,9.3,Hoburg A 68560,Y,2023,304
2023-11-01,,,4,Y,4,Hoburg A 68560,Y,2023,305
2023-11-02,,,8.8,Y,8.8,Hoburg A 68560,Y,2023,306
2023-11-03,,,9.4,Y,9.4,Hoburg A 68560,Y,2023,307
2023-11-04,,,8.4,Y,8.4,Hoburg A 68560,Y,2023,308
2023-11-05,,,8.8,Y,8.8,Hoburg A 68560,Y,2023,309
2023-11-06,,,8.3,Y,8.3,Hoburg A 68560,Y,2023,310
2023-11-07,,,8.6,Y,8.6,Hoburg A 68560,Y,2023,311
2023-11-08,,,8.1,Y,8.1,Hoburg A 68560,Y,2023,312
2023-11-09,,,8,Y,8,Hoburg A 68560,Y,2023,313
2023-11-10,,,8.2,Y,8.2,Hoburg A 68560,Y,2023,314
2023-11-11,,,7.1,Y,7.1,Hoburg A 68560,Y,2023,315
2023-11-12,,,6.1,Y,6.1,Hoburg A 68560,Y,2023,316
2023-11-13,,,3.9,Y,3.9,Hoburg A 68560,Y,2023,317
2023-11-14,,,4.3,Y,4.3,Hoburg A 68560,Y,2023,318
2023-11-15,,,4.6,Y,4.6,Hoburg A 68560,Y,2023,319
2023-11-16,,,3.6,Y,3.6,Hoburg A 68560,Y,2023,320
2023-11-17,,,2.9,Y,2.9,Hoburg A 68560,Y,2023,321
2023-11-18,,,2,Y,2,Hoburg A 68560,Y,2023,322
2023-11-19,,,3.6,Y,3.6,Hoburg A 68560,Y,2023,323
2023-11-20,,,3.8,Y,3.8,Hoburg A 68560,Y,2023,324
2023-11-21,,,1.8,Y,1.8,Hoburg A 68560,Y,2023,325
2023-11-22,,,2,Y,2,Hoburg A 68560,Y,2023,326
2023-11-23,,,6.9,Y,6.9,Hoburg A 68560,Y,2023,327
2023-11-24,,,2.3,Y,2.3,Hoburg A 68560,Y,2023,328
2023-11-25,,,-0.6,Y,-0.6,Hoburg A 68560,Y,2023,329
2023-11-26,,,0.3,Y,0.3,Hoburg A 68560,Y,2023,330
2023-11-27,,,-1.5,Y,-1.5,Hoburg A 68560,Y,2023,331
2023-11-28,,,-2.1,Y,-2.1,Hoburg A 68560,Y,2023,332
2023-11-29,,,-4,Y,-4,Hoburg A 68560,Y,2023,333
2023-11-30,,,-1.5,Y,-1.5,Hoburg A 68560,Y,2023,334
2023-12-01,,,0.2,Y,0.2,Hoburg A 68560,Y,2023,335
2023-12-02,,,-0.9,Y,-0.9,Hoburg A 68560,Y,2023,336
2023-12-03,,,-0.8,Y,-0.8,Hoburg A 68560,Y,2023,337
2023-12-04,,,-2.1,Y,-2.1,Hoburg A 68560,Y,2023,338
2023-12-05,,,-1.9,Y,-1.9,Hoburg A 68560,Y,2023,339
2023-12-06,,,0.5,Y,0.5,Hoburg A 68560,Y,2023,340
2023-12-07,,,1.5,Y,1.5,Hoburg A 68560,Y,2023,341
2023-12-08,,,2.5,Y,2.5,Hoburg A 68560,Y,2023,342
2023-12-09,,,1.3,Y,1.3,Hoburg A 68560,Y,2023,343
2023-12-10,,,2.4,Y,2.4,Hoburg A 68560,Y,2023,344
2023-12-11,,,1.6,Y,1.6,Hoburg A 68560,Y,2023,345
2023-12-12,,,0.7,Y,0.7,Hoburg A 68560,Y,2023,346
2023-12-13,,,-0.2,Y,-0.2,Hoburg A 68560,Y,2023,347
2023-12-14,,,-1.1,Y,-1.1,Hoburg A 68560,Y,2023,348
2023-12-15,,,1.1,Y,1.1,Hoburg A 68560,Y,2023,349
2023-12-16,,,5.1,Y,5.1,Hoburg A 68560,Y,2023,350
2023-12-17,,,6.4,Y,6.4,Hoburg A 68560,Y,2023,351
2023-12-18,,,6.7,Y,6.7,Hoburg A 68560,Y,2023,352
2023-12-19,,,5.8,Y,5.8,Hoburg A 68560,Y,2023,353
2023-12-20,,,3.9,Y,3.9,Hoburg A 68560,Y,2023,354
2023-12-21,,,3.8,Y,3.8,Hoburg A 68560,Y,2023,355
2023-12-22,,,1.8,Y,1.8,Hoburg A 68560,Y,2023,356
2023-12-23,,,-0.5,Y,-0.5,Hoburg A 68560,Y,2023,357
2023-12-24,,,0,Y,0,Hoburg A 68560,Y,2023,358
2023-12-25,,,4.4,Y,4.4,Hoburg A 68560,Y,2023,359
2023-12-26,,,2.3,Y,2.3,Hoburg A 68560,Y,2023,360
2023-12-27,,,1.1,Y,1.1,Hoburg A 68560,Y,2023,361
2023-12-28,,,3.8,Y,3.8,Hoburg A 68560,Y,2023,362
2023-12-29,,,5.2,Y,5.2,Hoburg A 68560,Y,2023,363
2023-12-30,,,4,Y,4,Hoburg A 68560,Y,2023,364
2023-12-31,,,0.9,Y,0.9,Hoburg A 68560,Y,2023,365
2024-01-01,,,0.4,Y,0.4,Hoburg A 68560,Y,2024,1
2024-01-02,,,-2.8,Y,-2.8,Hoburg A 68560,Y,2024,2
2024-01-03,,,-4.3,Y,-4.3,Hoburg A 68560,Y,2024,3
2024-01-04,,,-4.9,Y,-4.9,Hoburg A 68560,Y,2024,4
2024-01-05,,,-4.5,Y,-4.5,Hoburg A 68560,Y,2024,5
2024-01-06,,,-4.1,Y,-4.1,Hoburg A 68560,Y,2024,6
2024-01-07,,,-3.8,Y,-3.8,Hoburg A 68560,Y,2024,7
2024-01-08,,,-3.6,Y,-3.6,Hoburg A 68560,Y,2024,8
2024-01-09,,,0.4,Y,0.4,Hoburg A 68560,Y,2024,9
2024-01-10,,,1.6,Y,1.6,Hoburg A 68560,Y,2024,10
2024-01-11,,,1.3,Y,1.3,Hoburg A 68560,Y,2024,11
2024-01-12,,,1.9,Y,1.9,Hoburg A 68560,Y,2024,12
2024-01-13,,,0.7,Y,0.7,Hoburg A 68560,Y,2024,13
2024-01-14,,,0.7,Y,0.7,Hoburg A 68560,Y,2024,14
2024-01-15,,,-1.3,Y,-1.3,Hoburg A 68560,Y,2024,15
2024-01-16,,,-5.8,Y,-5.8,Hoburg A 68560,Y,2024,16
2024-01-17,,,-0.8,Y,-0.8,Hoburg A 68560,Y,2024,17
2024-01-18,,,-1.4,Y,-1.4,Hoburg A 68560,Y,2024,18
2024-01-19,,,-0.2,Y,-0.2,Hoburg A 68560,Y,2024,19
2024-01-20,,,-0.8,Y,-0.8,Hoburg A 68560,Y,2024,20
2024-01-21,,,1.8,Y,1.8,Hoburg A 68560,Y,2024,21
2024-01-22,,,3.3,Y,3.3,Hoburg A 68560,Y,2024,22
2024-01-23,,,3.7,Y,3.7,Hoburg A 68560,Y,2024,23
2024-01-24,,,3.8,Y,3.8,Hoburg A 68560,Y,2024,24
2024-01-25,,,1.6,Y,1.6,Hoburg A 68560,Y,2024,25
2024-01-26,,,0.6,Y,0.6,Hoburg A 68560,Y,2024,26
2024-01-27,,,2.2,Y,2.2,Hoburg A 68560,Y,2024,27
2024-01-28,,,2.9,Y,2.9,Hoburg A 68560,Y,2024,28
2024-01-29,,,3,Y,3,Hoburg A 68560,Y,2024,29
2024-01-30,,,2.8,Y,2.8,Hoburg A 68560,Y,2024,30
2024-01-31,,,3.1,Y,3.1,Hoburg A 68560,Y,2024,31
2024-02-01,,,3.7,Y,3.7,Hoburg A 68560,Y,2024,32
2024-02-02,,,2.6,Y,2.6,Hoburg A 68560,Y,2024,33
2024-02-03,,,5.1,Y,5.1,Hoburg A 68560,Y,2024,34
2024-02-04,,,3.3,Y,3.3,Hoburg A 68560,Y,2024,35
2024-02-05,,,2.1,Y,2.1,Hoburg A 68560,Y,2024,36
2024-02-06,,,-0.3,Y,-0.3,Hoburg A 68560,Y,2024,37
2024-02-07,,,-1.4,Y,-1.4,Hoburg A 68560,Y,2024,38
2024-02-08,,,-2.5,Y,-2.5,Hoburg A 68560,Y,2024,39
2024-02-09,,,-2.3,Y,-2.3,Hoburg A 68560,Y,2024,40
2024-02-10,,,-0.5,Y,-0.5,Hoburg A 68560,Y,2024,41
2024-02-11,,,0.4,Y,0.4,Hoburg A 68560,Y,2024,42
2024-02-12,,,1.4,Y,1.4,Hoburg A 68560,Y,2024,43
2024-02-13,,,1.4,Y,1.4,Hoburg A 68560,Y,2024,44
2024-02-14,,,2.2,Y,2.2,Hoburg A 68560,Y,2024,45
2024-02-15,,,3,Y,3,Hoburg A 68560,Y,2024,46
2024-02-16,,,4.6,Y,4.6,Hoburg A 68560,Y,2024,47
2024-02-17,,,2.8,Y,2.8,Hoburg A 68560,Y,2024,48
2024-02-18,,,0.7,Y,0.7,Hoburg A 68560,Y,2024,49
2024-02-19,,,1.5,Y,1.5,Hoburg A 68560,Y,2024,50
2024-02-20,,,1.3,Y,1.3,Hoburg A 68560,Y,2024,51
2024-02-21,,,2.8,Y,2.8,Hoburg A 68560,Y,2024,52
2024-02-22,,,2.8,Y,2.8,Hoburg A 68560,Y,2024,53
2024-02-23,,,4,Y,4,Hoburg A 68560,Y,2024,54
2024-02-24,,,2.4,Y,2.4,Hoburg A 68560,Y,2024,55
2024-02-25,,,3.3,Y,3.3,Hoburg A 68560,Y,2024,56
2024-02-26,,,2.4,Y,2.4,Hoburg A 68560,Y,2024,57
2024-02-27,,,1.6,Y,1.6,Hoburg A 68560,Y,2024,58
2024-02-28,,,1,Y,1,Hoburg A 68560,Y,2024,59
2024-02-29,,,2.1,Y,2.1,Hoburg A 68560,Y,2024,60
2024-03-01,,,3.5,Y,3.5,Hoburg A 68560,Y,2024,61
2024-03-02,,,3.9,Y,3.9,Hoburg A 68560,Y,2024,62
2024-03-03,,,4.5,Y,4.5,Hoburg A 68560,Y,2024,63
2024-03-04,,,3.1,Y,3.1,Hoburg A 68560,Y,2024,64
2024-03-05,,,2.5,Y,2.5,Hoburg A 68560,Y,2024,65
2024-03-06,,,1.6,Y,1.6,Hoburg A 68560,Y,2024,66
2024-03-07,,,-0.3,Y,-0.3,Hoburg A 68560,Y,2024,67
2024-03-08,,,0,Y,0,Hoburg A 68560,Y,2024,68
2024-03-09,,,-0.8,Y,-0.8,Hoburg A 68560,Y,2024,69
2024-03-10,,,0.9,Y,0.9,Hoburg A 68560,Y,2024,70
2024-03-11,,,3.2,Y,3.2,Hoburg A 68560,Y,2024,71
2024-03-12,,,2,Y,2,Hoburg A 68560,Y,2024,72
2024-03-13,,,2.4,Y,2.4,Hoburg A 68560,Y,2024,73
2024-03-14,,,3.7,Y,3.7,Hoburg A 68560,Y,2024,74
2024-03-15,,,4.9,Y,4.9,Hoburg A 68560,Y,2024,75
2024-03-16,,,4.9,Y,4.9,Hoburg A 68560,Y,2024,76
2024-03-17,,,0.4,Y,0.4,Hoburg A 68560,Y,2024,77
2024-03-18,,,0,Y,0,Hoburg A 68560,Y,2024,78
2024-03-19,,,0.3,Y,0.3,Hoburg A 68560,Y,2024,79
2024-03-20,,,2.6,Y,2.6,Hoburg A 68560,Y,2024,80
2024-03-21,,,3.3,Y,3.3,Hoburg A 68560,Y,2024,81
2024-03-22,,,3.6,Y,3.6,Hoburg A 68560,Y,2024,82
2024-03-23,,,3.5,Y,3.5,Hoburg A 68560,Y,2024,83
2024-03-24,,,3,Y,3,Hoburg A 68560,Y,2024,84
2024-03-25,,,3.4,Y,3.4,Hoburg A 68560,Y,2024,85
2024-03-26,,,2.7,Y,2.7,Hoburg A 68560,Y,2024,86
2024-03-27,,,4.9,Y,4.9,Hoburg A 68560,Y,2024,87
2024-03-28,,,5.6,Y,5.6,Hoburg A 68560,Y,2024,88
2024-03-29,,,4.9,Y,4.9,Hoburg A 68560,Y,2024,89
2024-03-30,,,5.2,Y,5.2,Hoburg A 68560,Y,2024,90
2024-03-31,,,6.3,Y,6.3,Hoburg A 68560,Y,2024,91
2024-04-01,,,4.4,Y,4.4,Hoburg A 68560,Y,2024,92
2024-04-02,,,3.3,Y,3.3,Hoburg A 68560,Y,2024,93
2024-04-03,,,-0.1,Y,-0.1,Hoburg A 68560,Y,2024,94
2024-04-04,,,0.5,Y,0.5,Hoburg A 68560,Y,2024,95
2024-04-05,,,4,Y,4,Hoburg A 68560,Y,2024,96
2024-04-06,,,4.9,Y,4.9,Hoburg A 68560,Y,2024,97
2024-04-07,,,6,Y,6,Hoburg A 68560,Y,2024,98
2024-04-08,,,6.8,Y,6.8,Hoburg A 68560,Y,2024,99
2024-04-09,,,9.9,Y,9.9,Hoburg A 68560,Y,2024,100
2024-04-10,,,6.6,Y,6.6,Hoburg A 68560,Y,2024,101
2024-04-11,,,5.4,Y,5.4,Hoburg A 68560,Y,2024,102
2024-04-12,,,6.5,Y,6.5,Hoburg A 68560,Y,2024,103
2024-04-13,,,6.4,Y,6.4,Hoburg A 68560,Y,2024,104
2024-04-14,,,7.1,Y,7.1,Hoburg A 68560,Y,2024,105
2024-04-15,,,5.2,Y,5.2,Hoburg A 68560,Y,2024,106
2024-04-16,,,4.2,Y,4.2,Hoburg A 68560,Y,2024,107
2024-04-17,,,3.9,Y,3.9,Hoburg A 68560,Y,2024,108
2024-04-18,,,2.4,Y,2.4,Hoburg A 68560,Y,2024,109
2024-04-19,,,2.6,Y,2.6,Hoburg A 68560,Y,2024,110
2024-04-20,,,1.6,Y,1.6,Hoburg A 68560,Y,2024,111
2024-04-21,,,0.9,Y,0.9,Hoburg A 68560,Y,2024,112
2024-04-22,,,1.4,Y,1.4,Hoburg A 68560,Y,2024,113
2024-04-23,,,2.8,Y,2.8,Hoburg A 68560,Y,2024,114
2024-04-24,,,3.8,Y,3.8,Hoburg A 68560,Y,2024,115
2024-04-25,,,3.3,Y,3.3,Hoburg A 68560,Y,2024,116
2024-04-26,,,4.3,Y,4.3,Hoburg A 68560,Y,2024,117
2024-04-27,,,7.1,Y,7.1,Hoburg A 68560,Y,2024,118
2024-04-28,,,8.3,Y,8.3,Hoburg A 68560,Y,2024,119
2024-04-29,,,8.5,Y,8.5,Hoburg A 68560,Y,2024,120
2024-04-30,,,10.8,Y,10.8,Hoburg A 68560,Y,2024,121
2024-05-01,,,10.9,Y,10.9,Hoburg A 68560,Y,2024,122
2024-05-02,,,11.6,Y,11.6,Hoburg A 68560,Y,2024,123
2024-05-03,,,12.3,Y,12.3,Hoburg A 68560,Y,2024,124
2024-05-04,,,13.4,Y,13.4,Hoburg A 68560,Y,2024,125
2024-05-05,,,10.3,Y,10.3,Hoburg A 68560,Y,2024,126
2024-05-06,,,7.7,Y,7.7,Hoburg A 68560,Y,2024,127
2024-05-07,,,6.1,Y,6.1,Hoburg A 68560,Y,2024,128
2024-05-08,,,6.6,Y,6.6,Hoburg A 68560,Y,2024,129
2024-05-09,,,8.5,Y,8.5,Hoburg A 68560,Y,2024,130
2024-05-10,,,8.3,Y,8.3,Hoburg A 68560,Y,2024,131
2024-05-11,,,8,Y,8,Hoburg A 68560,Y,2024,132
2024-05-12,,,9.5,Y,9.5,Hoburg A 68560,Y,2024,133
2024-05-13,,,11.7,Y,11.7,Hoburg A 68560,Y,2024,134
2024-05-14,,,11.8,Y,11.8,Hoburg A 68560,Y,2024,135
2024-05-15,,,12.8,Y,12.8,Hoburg A 68560,Y,2024,136
2024-05-16,,,13.3,Y,13.3,Hoburg A 68560,Y,2024,137
2024-05-17,,,14.6,Y,14.6,Hoburg A 68560,Y,2024,138
2024-05-18,,,16.6,Y,16.6,Hoburg A 68560,Y,2024,139
2024-05-19,,,16,Y,16,Hoburg A 68560,Y,2024,140
2024-05-20,,,15.2,Y,15.2,Hoburg A 68560,Y,2024,141
2024-05-21,,,14.9,Y,14.9,Hoburg A 68560,Y,2024,142
2024-05-22,,,16.4,Y,16.4,Hoburg A 68560,Y,2024,143
2024-05-23,,,16.8,Y,16.8,Hoburg A 68560,Y,2024,144
2024-05-24,,,12.4,Y,12.4,Hoburg A 68560,Y,2024,145
2024-05-25,,,16.1,Y,16.1,Hoburg A 68560,Y,2024,146
2024-05-26,,,16.6,Y,16.6,Hoburg A 68560,Y,2024,147
2024-05-27,,,17,Y,17,Hoburg A 68560,Y,2024,148
2024-05-28,,,17.8,Y,17.8,Hoburg A 68560,Y,2024,149
2024-05-29,,,14.1,Y,14.1,Hoburg A 68560,Y,2024,150
2024-05-30,,,16.5,Y,16.5,Hoburg A 68560,Y,2024,151
2024-05-31,,,19.6,Y,19.6,Hoburg A 68560,Y,2024,152
2024-06-01,,,18.7,Y,18.7,Hoburg A 68560,Y,2024,153
2024-06-02,,,17.5,Y,17.5,Hoburg A 68560,Y,2024,154
2024-06-03,,,17.4,Y,17.4,Hoburg A 68560,Y,2024,155
2024-06-04,,,15.9,Y,15.9,Hoburg A 68560,Y,2024,156
2024-06-05,,,15.6,Y,15.6,Hoburg A 68560,Y,2024,157
2024-06-06,,,14.7,Y,14.7,Hoburg A 68560,Y,2024,158
2024-06-07,,,13.7,Y,13.7,Hoburg A 68560,Y,2024,159
2024-06-08,,,14.6,Y,14.6,Hoburg A 68560,Y,2024,160
2024-06-09,,,12.5,Y,12.5,Hoburg A 68560,Y,2024,161
2024-06-10,,,12.3,Y,12.3,Hoburg A 68560,Y,2024,162
2024-06-11,,,12.4,Y,12.4,Hoburg A 68560,Y,2024,163
2024-06-12,,,12.7,Y,12.7,Hoburg A 68560,Y,2024,164
2024-06-13,,,12.7,Y,12.7,Hoburg A 68560,Y,2024,165
2024-06-14,,,13.2,Y,13.2,Hoburg A 68560,Y,2024,166
2024-06-15,,,13.8,Y,13.8,Hoburg A 68560,Y,2024,167
2024-06-16,,,15,Y,15,Hoburg A 68560,Y,2024,168
2024-06-17,,,13.2,Y,13.2,Hoburg A 68560,Y,2024,169
2024-06-18,,,15.3,Y,15.3,Hoburg A 68560,Y,2024,170
2024-06-19,,,13.8,Y,13.8,Hoburg A 68560,Y,2024,171
2024-06-20,,,14.7,Y,14.7,Hoburg A 68560,Y,2024,172
2024-06-21,,,15.2,Y,15.2,Hoburg A 68560,Y,2024,173
2024-06-22,,,13.7,Y,13.7,Hoburg A 68560,Y,2024,174
2024-06-23,,,13.9,Y,13.9,Hoburg A 68560,Y,2024,175
2024-06-24,,,16.2,Y,16.2,Hoburg A 68560,Y,2024,176
2024-06-25,,,17.5,Y,17.5,Hoburg A 68560,Y,2024,177
2024-06-26,,,19,Y,19,Hoburg A 68560,Y,2024,178
2024-06-27,,,20.8,Y,20.8,Hoburg A 68560,Y,2024,179
2024-06-28,,,19.6,Y,19.6,Hoburg A 68560,Y,2024,180
2024-06-29,,,17,Y,17,Hoburg A 68560,Y,2024,181
2024-06-30,,,16.9,Y,16.9,Hoburg A 68560,Y,2024,182
2024-07-01,,,16.3,Y,16.3,Hoburg A 68560,Y,2024,183
2024-07-02,,,16.3,Y,16.3,Hoburg A 68560,Y,2024,184
2024-07-03,,,15.9,Y,15.9,Hoburg A 68560,Y,2024,185
2024-07-04,,,15.1,Y,15.1,Hoburg A 68560,Y,2024,186
2024-07-05,,,14.8,Y,14.8,Hoburg A 68560,Y,2024,187
2024-07-06,,,15.8,Y,15.8,Hoburg A 68560,Y,2024,188
2024-07-07,,,15.9,Y,15.9,Hoburg A 68560,Y,2024,189
2024-07-08,,,15.7,Y,15.7,Hoburg A 68560,Y,2024,190
2024-07-09,,,16.4,Y,16.4,Hoburg A 68560,Y,2024,191
2024-07-10,,,18.7,Y,18.7,Hoburg A 68560,Y,2024,192
2024-07-11,,,17,Y,17,Hoburg A 68560,Y,2024,193
2024-07-12,,,18.2,Y,18.2,Hoburg A 68560,Y,2024,194
2024-07-13,,,15.9,Y,15.9,Hoburg A 68560,Y,2024,195
2024-07-14,,,16.1,Y,16.1,Hoburg A 68560,Y,2024,196
2024-07-15,,,17,Y,17,Hoburg A 68560,Y,2024,197
2024-07-16,,,19.2,Y,19.2,Hoburg A 68560,Y,2024,198
2024-07-17,,,17.4,Y,17.4,Hoburg A 68560,Y,2024,199
2024-07-18,,,17.7,Y,17.7,Hoburg A 68560,Y,2024,200
2024-07-19,,,16.7,Y,16.7,Hoburg A 68560,Y,2024,201
2024-07-20,,,19.9,Y,19.9,Hoburg A 68560,Y,2024,202
2024-07-21,,,18.4,Y,18.4,Hoburg A 68560,Y,2024,203
2024-07-22,,,18.7,Y,18.7,Hoburg A 68560,Y,2024,204
2024-07-23,,,18.3,Y,18.3,Hoburg A 68560,Y,2024,205
2024-07-24,,,18.9,Y,18.9,Hoburg A 68560,Y,2024,206
2024-07-25,,,18.5,Y,18.5,Hoburg A 68560,Y,2024,207
2024-07-26,,,18.6,Y,18.6,Hoburg A 68560,Y,2024,208
2024-07-27,,,18.3,Y,18.3,Hoburg A 68560,Y,2024,209
2024-07-28,,,17.6,Y,17.6,Hoburg A 68560,Y,2024,210
2024-07-29,,,18.4,Y,18.4,Hoburg A 68560,Y,2024,211
2024-07-30,,,18,Y,18,Hoburg A 68560,Y,2024,212
2024-07-31,,,19.1,Y,19.1,Hoburg A 68560,Y,2024,213
2024-08-01,,,18.1,Y,18.1,Hoburg A 68560,Y,2024,214
2024-08-02,,,18.6,Y,18.6,Hoburg A 68560,Y,2024,215
2024-08-03,,,19,Y,19,Hoburg A 68560,Y,2024,216
2024-08-04,,,19.5,Y,19.5,Hoburg A 68560,Y,2024,217
2024-08-05,,,19.9,Y,19.9,Hoburg A 68560,Y,2024,218
2024-08-06,,,19.6,Y,19.6,Hoburg A 68560,Y,2024,219
2024-08-07,,,20.1,Y,20.1,Hoburg A 68560,Y,2024,220
2024-08-08,,,20.7,Y,20.7,Hoburg A 68560,Y,2024,221
2024-08-09,,,19.5,Y,19.5,Hoburg A 68560,Y,2024,222
2024-08-10,,,18.3,Y,18.3,Hoburg A 68560,Y,2024,223
2024-08-11,,,18.2,Y,18.2,Hoburg A 68560,Y,2024,224
2024-08-12,,,17.2,Y,17.2,Hoburg A 68560,Y,2024,225
2024-08-13,,,18.7,Y,18.7,Hoburg A 68560,Y,2024,226
2024-08-14,,,17.8,Y,17.8,Hoburg A 68560,Y,2024,227
2024-08-15,,,19.7,Y,19.7,Hoburg A 68560,Y,2024,228
2024-08-16,,,19.8,Y,19.8,Hoburg A 68560,Y,2024,229
2024-08-17,,,17.5,Y,17.5,Hoburg A 68560,Y,2024,230
2024-08-18,,,17.4,Y,17.4,Hoburg A 68560,Y,2024,231
2024-08-19,,,18,Y,18,Hoburg A 68560,Y,2024,232
2024-08-20,,,18.1,Y,18.1,Hoburg A 68560,Y,2024,233
2024-08-21,,,17.2,Y,17.2,Hoburg A 68560,Y,2024,234
2024-08-22,,,16.9,Y,16.9,Hoburg A 68560,Y,2024,235
2024-08-23,,,18,Y,18,Hoburg A 68560,Y,2024,236
2024-08-24,,,17.3,Y,17.3,Hoburg A 68560,Y,2024,237
2024-08-25,,,18.7,Y,18.7,Hoburg A 68560,Y,2024,238
2024-08-26,,,17.4,Y,17.4,Hoburg A 68560,Y,2024,239
2024-08-27,,,18.1,Y,18.1,Hoburg A 68560,Y,2024,240
2024-08-28,,,17.5,Y,17.5,Hoburg A 68560,Y,2024,241
2024-08-29,,,18.7,Y,18.7,Hoburg A 68560,Y,2024,242
2024-08-30,,,19.5,Y,19.5,Hoburg A 68560,Y,2024,243
2024-08-31,,,16.8,Y,16.8,Hoburg A 68560,Y,2024,244
2024-09-01,,,16.2,Y,16.2,Hoburg A 68560,Y,2024,245
2024-09-02,,,15.4,Y,15.4,Hoburg A 68560,Y,2024,246
2024-09-03,,,17.5,Y,17.5,Hoburg A 68560,Y,2024,247
2024-09-04,,,20.9,Y,20.9,Hoburg A 68560,Y,2024,248
2024-09-05,,,21.6,Y,21.6,Hoburg A 68560,Y,2024,249
2024-09-06,,,20,Y,20,Hoburg A 68560,Y,2024,250
2024-09-07,,,20.4,Y,20.4,Hoburg A 68560,Y,2024,251
2024-09-08,,,20.6,Y,20.6,Hoburg A 68560,Y,2024,252
2024-09-09,,,19.4,Y,19.4,Hoburg A 68560,Y,2024,253
2024-09-10,,,16.7,Y,16.7,Hoburg A 68560,Y,2024,254
2024-09-11,,,15.1,Y,15.1,Hoburg A 68560,Y,2024,255
2024-09-12,,,13,Y,13,Hoburg A 68560,Y,2024,256
2024-09-13,,,13.7,Y,13.7,Hoburg A 68560,Y,2024,257
2024-09-14,,,14.4,Y,14.4,Hoburg A 68560,Y,2024,258
2024-09-15,,,14.5,Y,14.5,Hoburg A 68560,Y,2024,259
2024-09-16,,,15.9,Y,15.9,Hoburg A 68560,Y,2024,260
2024-09-17,,,16.1,Y,16.1,Hoburg A 68560,Y,2024,261
2024-09-18,,,15.4,Y,15.4,Hoburg A 68560,Y,2024,262
2024-09-19,,,14.9,Y,14.9,Hoburg A 68560,Y,2024,263
2024-09-20,,,16.6,Y,16.6,Hoburg A 68560,Y,2024,264
2024-09-21,,,16.6,Y,16.6,Hoburg A 68560,Y,2024,265
2024-09-22,,,15.1,Y,15.1,Hoburg A 68560,Y,2024,266
2024-09-23,,,16.1,Y,16.1,Hoburg A 68560,Y,2024,267
2024-09-24,,,17,Y,17,Hoburg A 68560,Y,2024,268
2024-09-25,,,16,Y,16,Hoburg A 68560,Y,2024,269
2024-09-26,,,15.5,Y,15.5,Hoburg A 68560,Y,2024,270
2024-09-27,,,15.1,Y,15.1,Hoburg A 68560,Y,2024,271
2024-09-28,,,11.7,Y,11.7,Hoburg A 68560,Y,2024,272
2024-09-29,,,10.6,Y,10.6,Hoburg A 68560,Y,2024,273
2024-09-30,,,10.8,Y,10.8,Hoburg A 68560,Y,2024,274
2024-10-01,,,11.3,Y,11.3,Hoburg A 68560,Y,2024,275
2024-10-02,,,9.3,Y,9.3,Hoburg A 68560,Y,2024,276
2024-10-03,,,10.9,Y,10.9,Hoburg A 68560,Y,2024,277
2024-10-04,,,10.2,Y,10.2,Hoburg A 68560,Y,2024,278
2024-10-05,,,11,Y,11,Hoburg A 68560,Y,2024,279
2024-10-06,,,10.8,Y,10.8,Hoburg A 68560,Y,2024,280
2024-10-07,,,11.3,Y,11.3,Hoburg A 68560,Y,2024,281
2024-10-08,,,13.4,Y,13.4,Hoburg A 68560,Y,2024,282
2024-10-09,,,13.3,Y,13.3,Hoburg A 68560,Y,2024,283
2024-10-10,,,13.9,Y,13.9,Hoburg A 68560,Y,2024,284
2024-10-11,,,10.9,Y,10.9,Hoburg A 68560,Y,2024,285
2024-10-12,,,10.7,Y,10.7,Hoburg A 68560,Y,2024,286
2024-10-13,,,10.4,Y,10.4,Hoburg A 68560,Y,2024,287
2024-10-14,,,10.7,Y,10.7,Hoburg A 68560,Y,2024,288
2024-10-15,,,8.8,Y,8.8,Hoburg A 68560,Y,2024,289
2024-10-16,,,9.6,Y,9.6,Hoburg A 68560,Y,2024,290
2024-10-17,,,11.4,Y,11.4,Hoburg A 68560,Y,2024,291
2024-10-18,,,11.5,Y,11.5,Hoburg A 68560,Y,2024,292
2024-10-19,,,11.8,Y,11.8,Hoburg A 68560,Y,2024,293
2024-10-20,,,11.3,Y,11.3,Hoburg A 68560,Y,2024,294
2024-10-21,,,12.6,Y,12.6,Hoburg A 68560,Y,2024,295
2024-10-22,,,11,Y,11,Hoburg A 68560,Y,2024,296
2024-10-23,,,11,Y,11,Hoburg A 68560,Y,2024,297
2024-10-24,,,10.9,Y,10.9,Hoburg A 68560,Y,2024,298
2024-10-25,,,10.3,Y,10.3,Hoburg A 68560,Y,2024,299
2024-10-26,,,10.6,Y,10.6,Hoburg A 68560,Y,2024,300
2024-10-27,,,10.4,Y,10.4,Hoburg A 68560,Y,2024,301
2024-10-28,,,9.6,Y,9.6,Hoburg A 68560,Y,2024,302
2024-10-29,,,10.2,Y,10.2,Hoburg A 68560,Y,2024,303
2024-10-30,,,11,Y,11,Hoburg A 68560,Y,2024,304
2024-10-31,,,10.3,Y,10.3,Hoburg A 68560,Y,2024,305
2024-11-01,,,11.4,Y,11.4,Hoburg A 68560,Y,2024,306
2024-11-02,,,6.1,Y,6.1,Hoburg A 68560,Y,2024,307
2024-11-03,,,8.9,Y,8.9,Hoburg A 68560,Y,2024,308
2024-11-04,,,6.2,Y,6.2,Hoburg A 68560,Y,2024,309
2024-11-05,,,8.4,Y,8.4,Hoburg A 68560,Y,2024,310
2024-11-06,,,6.2,Y,6.2,Hoburg A 68560,Y,2024,311
2024-11-07,,,7.6,Y,7.6,Hoburg A 68560,Y,2024,312
2024-11-08,,,7,Y,7,Hoburg A 68560,Y,2024,313
2024-11-09,,,7.3,Y,7.3,Hoburg A 68560,Y,2024,314
2024-11-10,,,6.5,Y,6.5,Hoburg A 68560,Y,2024,315
2024-11-11,,,7.3,Y,7.3,Hoburg A 68560,Y,2024,316
2024-11-12,,,6.9,Y,6.9,Hoburg A 68560,Y,2024,317
2024-11-13,,,6.1,Y,6.1,Hoburg A 68560,Y,2024,318
2024-11-14,,,7.2,Y,7.2,Hoburg A 68560,Y,2024,319
2024-11-15,,,7.4,Y,7.4,Hoburg A 68560,Y,2024,320
2024-11-16,,,8.8,Y,8.8,Hoburg A 68560,Y,2024,321
2024-11-17,,,7,Y,7,Hoburg A 68560,Y,2024,322
2024-11-18,,,5.3,Y,5.3,Hoburg A 68560,Y,2024,323
2024-11-19,,,2.8,Y,2.8,Hoburg A 68560,Y,2024,324
2024-11-20,,,2.6,Y,2.6,Hoburg A 68560,Y,2024,325
2024-11-21,,,0.9,Y,0.9,Hoburg A 68560,Y,2024,326
2024-11-22,,,-1.1,Y,-1.1,Hoburg A 68560,Y,2024,327
2024-11-23,,,2.2,Y,2.2,Hoburg A 68560,Y,2024,328
2024-11-24,,,5.2,Y,5.2,Hoburg A 68560,Y,2024,329
2024-11-25,,,8.9,Y,8.9,Hoburg A 68560,Y,2024,330
2024-11-26,,,7.6,Y,7.6,Hoburg A 68560,Y,2024,331
2024-11-27,,,6.3,Y,6.3,Hoburg A 68560,Y,2024,332
2024-11-28,,,5.3,Y,5.3,Hoburg A 68560,Y,2024,333
2024-11-29,,,2.6,Y,2.6,Hoburg A 68560,Y,2024,334
2024-11-30,,,5.5,Y,5.5,Hoburg A 68560,Y,2024,335
2024-12-01,,,5.7,Y,5.7,Hoburg A 68560,Y,2024,336
2024-12-02,,,5.8,Y,5.8,Hoburg A 68560,Y,2024,337
2024-12-03,,,4.3,Y,4.3,Hoburg A 68560,Y,2024,338
2024-12-04,,,2.5,Y,2.5,Hoburg A 68560,Y,2024,339
2024-12-05,,,2.7,Y,2.7,Hoburg A 68560,Y,2024,340
2024-12-06,,,4.4,Y,4.4,Hoburg A 68560,Y,2024,341
2024-12-07,,,3.8,Y,3.8,Hoburg A 68560,Y,2024,342
2024-12-08,,,4,Y,4,Hoburg A 68560,Y,2024,343
2024-12-09,,,3.6,Y,3.6,Hoburg A 68560,Y,2024,344
2024-12-10,,,1.6,Y,1.6,Hoburg A 68560,Y,2024,345
2024-12-11,,,2.8,Y,2.8,Hoburg A 68560,Y,2024,346
2024-12-12,,,1.5,Y,1.5,Hoburg A 68560,Y,2024,347
2024-12-13,,,1.8,Y,1.8,Hoburg A 68560,Y,2024,348
2024-12-14,,,3.2,Y,3.2,Hoburg A 68560,Y,2024,349
2024-12-15,,,2.9,Y,2.9,Hoburg A 68560,Y,2024,350
2024-12-16,,,6.9,Y,6.9,Hoburg A 68560,Y,2024,351
2024-12-17,,,5.3,Y,5.3,Hoburg A 68560,Y,2024,352
2024-12-18,,,5,Y,5,Hoburg A 68560,Y,2024,353
2024-12-19,,,5.9,Y,5.9,Hoburg A 68560,Y,2024,354
2024-12-20,,,4.3,Y,4.3,Hoburg A 68560,Y,2024,355
2024-12-21,,,5.1,Y,5.1,Hoburg A 68560,Y,2024,356
2024-12-22,,,5,Y,5,Hoburg A 68560,Y,2024,357
2024-12-23,,,4.3,Y,4.3,Hoburg A 68560,Y,2024,358
2024-12-24,,,4,Y,4,Hoburg A 68560,Y,2024,359
2024-12-25,,,5.2,Y,5.2,Hoburg A 68560,Y,2024,360
2024-12-26,,,6,Y,6,Hoburg A 68560,Y,2024,361
2024-12-27,,,4,Y,4,Hoburg A 68560,Y,2024,362
2024-12-28,,,3.1,Y,3.1,Hoburg A 68560,Y,2024,363
2024-12-29,,,4.4,Y,4.4,Hoburg A 68560,Y,2024,364
2024-12-30,,,4.3,Y,4.3,Hoburg A 68560,Y,2024,365
2024-12-31,,,1.7,Y,1.7,Hoburg A 68560,Y,2024,366
2025-01-01,,,5.5,Y,5.5,Hoburg A 68560,Y,2025,1
2025-01-02,,,0.1,Y,0.1,Hoburg A 68560,Y,2025,2
2025-01-03,,,-0.9,Y,-0.9,Hoburg A 68560,Y,2025,3
2025-01-04,,,-0.5,Y,-0.5,Hoburg A 68560,Y,2025,4
2025-01-05,,,-0.9,Y,-0.9,Hoburg A 68560,Y,2025,5
2025-01-06,,,1.7,Y,1.7,Hoburg A 68560,Y,2025,6
2025-01-07,,,4.7,Y,4.7,Hoburg A 68560,Y,2025,7
2025-01-08,,,3.4,Y,3.4,Hoburg A 68560,Y,2025,8
2025-01-09,,,3.1,Y,3.1,Hoburg A 68560,Y,2025,9
2025-01-10,,,0.8,Y,0.8,Hoburg A 68560,Y,2025,10
2025-01-11,,,0.8,Y,0.8,Hoburg A 68560,Y,2025,11
2025-01-12,,,1.3,Y,1.3,Hoburg A 68560,Y,2025,12
2025-01-13,,,1.5,Y,1.5,Hoburg A 68560,Y,2025,13
2025-01-14,,,4.4,Y,4.4,Hoburg A 68560,Y,2025,14
2025-01-15,,,2.8,Y,2.8,Hoburg A 68560,Y,2025,15
2025-01-16,,,4.5,Y,4.5,Hoburg A 68560,Y,2025,16
2025-01-17,,,3.8,Y,3.8,Hoburg A 68560,Y,2025,17
2025-01-18,,,4.8,Y,4.8,Hoburg A 68560,Y,2025,18
2025-01-19,,,2.7,Y,2.7,Hoburg A 68560,Y,2025,19
2025-01-20,,,1.6,Y,1.6,Hoburg A 68560,Y,2025,20
2025-01-21,,,3,Y,3,Hoburg A 68560,Y,2025,21
2025-01-22,,,2.8,Y,2.8,Hoburg A 68560,Y,2025,22
2025-01-23,,,2,Y,2,Hoburg A 68560,Y,2025,23
2025-01-24,,,3.4,Y,3.4,Hoburg A 68560,Y,2025,24
2025-01-25,,,4.1,Y,4.1,Hoburg A 68560,Y,2025,25
2025-01-26,,,2.7,Y,2.7,Hoburg A 68560,Y,2025,26
2025-01-27,,,3.3,Y,3.3,Hoburg A 68560,Y,2025,27
2025-01-28,,,4.8,Y,4.8,Hoburg A 68560,Y,2025,28
2025-01-29,,,4.4,Y,4.4,Hoburg A 68560,Y,2025,29
2025-01-30,,,4.4,Y,4.4,Hoburg A 68560,Y,2025,30
2025-01-31,,,3.3,Y,3.3,Hoburg A 68560,Y,2025,31
2025-02-01,,,1.7,Y,1.7,Hoburg A 68560,Y,2025,32
2025-02-02,,,0.7,Y,0.7,Hoburg A 68560,Y,2025,33
2025-02-03,,,0.5,Y,0.5,Hoburg A 68560,Y,2025,34
2025-02-04,,,2.2,Y,2.2,Hoburg A 68560,Y,2025,35
2025-02-05,,,3.5,Y,3.5,Hoburg A 68560,Y,2025,36
2025-02-06,,,2.9,Y,2.9,Hoburg A 68560,Y,2025,37
2025-02-07,,,2.4,Y,2.4,Hoburg A 68560,Y,2025,38
2025-02-08,,,0.7,Y,0.7,Hoburg A 68560,Y,2025,39
2025-02-09,,,0.7,Y,0.7,Hoburg A 68560,Y,2025,40
2025-02-10,,,0.1,Y,0.1,Hoburg A 68560,Y,2025,41
2025-02-11,,,-0.6,Y,-0.6,Hoburg A 68560,Y,2025,42
2025-02-12,,,-1.8,Y,-1.8,Hoburg A 68560,Y,2025,43
2025-02-13,,,-1.3,Y,-1.3,Hoburg A 68560,Y,2025,44
2025-02-14,,,-1.5,Y,-1.5,Hoburg A 68560,Y,2025,45
2025-02-15,,,-2.5,Y,-2.5,Hoburg A 68560,Y,2025,46
2025-02-16,,,-3.4,Y,-3.4,Hoburg A 68560,Y,2025,47
2025-02-17,,,-1.3,Y,-1.3,Hoburg A 68560,Y,2025,48
2025-02-18,,,0,Y,0,Hoburg A 68560,Y,2025,49
2025-02-19,,,-0.2,Y,-0.2,Hoburg A 68560,Y,2025,50
2025-02-20,,,1.1,Y,1.1,Hoburg A 68560,Y,2025,51
2025-02-21,,,1.3,Y,1.3,Hoburg A 68560,Y,2025,52
2025-02-22,,,2.8,Y,2.8,Hoburg A 68560,Y,2025,53
2025-02-23,,,3.4,Y,3.4,Hoburg A 68560,Y,2025,54
2025-02-24,,,1.8,Y,1.8,Hoburg A 68560,Y,2025,55
2025-02-25,,,3.5,Y,3.5,Hoburg A 68560,Y,2025,56
2025-02-26,,,3.5,Y,3.5,Hoburg A 68560,Y,2025,57
2025-02-27,,,3,Y,3,Hoburg A 68560,Y,2025,58
2025-02-28,,,2.7,Y,2.7,Hoburg A 68560,Y,2025,59
2025-03-01,,,0.7,Y,0.7,Hoburg A 68560,Y,2025,60
2025-03-02,,,4.5,Y,4.5,Hoburg A 68560,Y,2025,61
2025-03-03,,,4.8,Y,4.8,Hoburg A 68560,Y,2025,62
2025-03-04,,,5.4,Y,5.4,Hoburg A 68560,Y,2025,63
2025-03-05,,,5,Y,5,Hoburg A 68560,Y,2025,64
2025-03-06,,,5.6,Y,5.6,Hoburg A 68560,Y,2025,65
2025-03-07,,,5.1,Y,5.1,Hoburg A 68560,Y,2025,66
2025-03-08,,,5,Y,5,Hoburg A 68560,Y,2025,67
2025-03-09,,,1.6,Y,1.6,Hoburg A 68560,Y,2025,68
2025-03-10,,,5.1,Y,5.1,Hoburg A 68560,Y,2025,69
2025-03-11,,,2.4,Y,2.4,Hoburg A 68560,Y,2025,70
2025-03-12,,,1.7,Y,1.7,Hoburg A 68560,Y,2025,71
2025-03-13,,,2.1,Y,2.1,Hoburg A 68560,Y,2025,72
2025-03-14,,,-0.1,Y,-0.1,Hoburg A 68560,Y,2025,73
2025-03-15,,,2.1,Y,2.1,Hoburg A 68560,Y,2025,74
2025-03-16,,,3.1,Y,3.1,Hoburg A 68560,Y,2025,75
2025-03-17,,,1.3,Y,1.3,Hoburg A 68560,Y,2025,76
2025-03-18,,,4.3,Y,4.3,Hoburg A 68560,Y,2025,77
2025-03-19,,,3.7,Y,3.7,Hoburg A 68560,Y,2025,78
2025-03-20,,,3.5,Y,3.5,Hoburg A 68560,Y,2025,79
2025-03-21,,,3.8,Y,3.8,Hoburg A 68560,Y,2025,80
2025-03-22,,,4.5,Y,4.5,Hoburg A 68560,Y,2025,81
2025-03-23,,,5,Y,5,Hoburg A 68560,Y,2025,82
2025-03-24,,,3.7,Y,3.7,Hoburg A 68560,Y,2025,83
2025-03-25,,,4.4,Y,4.4,Hoburg A 68560,Y,2025,84
2025-03-26,,,4.8,Y,4.8,Hoburg A 68560,Y,2025,85
2025-03-27,,,2.8,Y,2.8,Hoburg A 68560,Y,2025,86
2025-03-28,,,5.1,Y,5.1,Hoburg A 68560,Y,2025,87
2025-03-29,,,5.8,Y,5.8,Hoburg A 68560,Y,2025,88
2025-03-30,,,5.2,Y,5.2,Hoburg A 68560,Y,2025,89
2025-03-31,,,5.2,Y,5.2,Hoburg A 68560,Y,2025,90
2025-04-01,,,5.8,Y,5.8,Hoburg A 68560,Y,2025,91
2025-04-02,,,6.9,Y,6.9,Hoburg A 68560,Y,2025,92
2025-04-03,,,9.2,Y,9.2,Hoburg A 68560,Y,2025,93
2025-04-04,,,5.1,Y,5.1,Hoburg A 68560,Y,2025,94
2025-04-05,,,2.3,Y,2.3,Hoburg A 68560,Y,2025,95
2025-04-06,,,2.4,Y,2.4,Hoburg A 68560,Y,2025,96
2025-04-07,,,4.3,Y,4.3,Hoburg A 68560,Y,2025,97
2025-04-08,,,4.2,Y,4.2,Hoburg A 68560,Y,2025,98
2025-04-09,,,4.2,Y,4.2,Hoburg A 68560,Y,2025,99
2025-04-10,,,3.3,Y,3.3,Hoburg A 68560,Y,2025,100
2025-04-11,,,5.4,Y,5.4,Hoburg A 68560,Y,2025,101
2025-04-12,,,5.9,Y,5.9,Hoburg A 68560,Y,2025,102
2025-04-13,,,5.8,Y,5.8,Hoburg A 68560,Y,2025,103
2025-04-14,,,7.2,Y,7.2,Hoburg A 68560,Y,2025,104
2025-04-15,,,10.2,Y,10.2,Hoburg A 68560,Y,2025,105
2025-04-16,,,8,Y,8,Hoburg A 68560,Y,2025,106
2025-04-17,,,10.3,Y,10.3,Hoburg A 68560,Y,2025,107
2025-04-18,,,10.4,Y,10.4,Hoburg A 68560,Y,2025,108
2025-04-19,,,8.9,Y,8.9,Hoburg A 68560,Y,2025,109
2025-04-20,,,6.8,Y,6.8,Hoburg A 68560,Y,2025,110
2025-04-21,,,7.7,Y,7.7,Hoburg A 68560,Y,2025,111
2025-04-22,,,6.8,Y,6.8,Hoburg A 68560,Y,2025,112
2025-04-23,,,9.4,Y,9.4,Hoburg A 68560,Y,2025,113
2025-04-24,,,5.6,Y,5.6,Hoburg A 68560,Y,2025,114
2025-04-25,,,4.3,Y,4.3,Hoburg A 68560,Y,2025,115
2025-04-26,,,5.8,Y,5.8,Hoburg A 68560,Y,2025,116
2025-04-27,,,6.7,Y,6.7,Hoburg A 68560,Y,2025,117
2025-04-28,,,8.7,Y,8.7,Hoburg A 68560,Y,2025,118
2025-04-29,,,10.8,Y,10.8,Hoburg A 68560,Y,2025,119
2025-04-30,,,10,Y,10,Hoburg A 68560,Y,2025,120
2025-05-01,,,7.1,Y,7.1,Hoburg A 68560,Y,2025,121
2025-05-02,,,9.7,Y,9.7,Hoburg A 68560,Y,2025,122
2025-05-03,,,8.7,Y,8.7,Hoburg A 68560,Y,2025,123
2025-05-04,,,5.5,Y,5.5,Hoburg A 68560,Y,2025,124
2025-05-05,,,6.4,Y,6.4,Hoburg A 68560,Y,2025,125
2025-05-06,,,7.6,Y,7.6,Hoburg A 68560,Y,2025,126
2025-05-07,,,5.6,Y,5.6,Hoburg A 68560,Y,2025,127
2025-05-08,,,5.1,Y,5.1,Hoburg A 68560,Y,2025,128
2025-05-09,,,5.7,Y,5.7,Hoburg A 68560,Y,2025,129
2025-05-10,,,6.3,Y,6.3,Hoburg A 68560,Y,2025,130
2025-05-11,,,6.9,Y,6.9,Hoburg A 68560,Y,2025,131
2025-05-12,,,8.2,Y,8.2,Hoburg A 68560,Y,2025,132
2025-05-13,,,9.2,Y,9.2,Hoburg A 68560,Y,2025,133
2025-05-14,,,7.8,Y,7.8,Hoburg A 68560,Y,2025,134
2025-05-15,,,6.9,Y,6.9,Hoburg A 68560,Y,2025,135
2025-05-16,,,10.9,Y,10.9,Hoburg A 68560,Y,2025,136
2025-05-17,,,8.6,Y,8.6,Hoburg A 68560,Y,2025,137
2025-05-18,,,8.5,Y,8.5,Hoburg A 68560,Y,2025,138
2025-05-19,,,11.4,Y,11.4,Hoburg A 68560,Y,2025,139
2025-05-20,,,11.2,Y,11.2,Hoburg A 68560,Y,2025,140
2025-05-21,,,9.3,Y,9.3,Hoburg A 68560,Y,2025,141
2025-05-22,,,8.5,Y,8.5,Hoburg A 68560,Y,2025,142
2025-05-23,,,8.3,Y,8.3,Hoburg A 68560,Y,2025,143
2025-05-24,,,9.2,Y,9.2,Hoburg A 68560,Y,2025,144
2025-05-25,,,10.2,Y,10.2,Hoburg A 68560,Y,2025,145
2025-05-26,,,11.2,Y,11.2,Hoburg A 68560,Y,2025,146
2025-05-27,,,10.9,Y,10.9,Hoburg A 68560,Y,2025,147
2025-05-28,,,10.2,Y,10.2,Hoburg A 68560,Y,2025,148
2025-05-29,,,12,Y,12,Hoburg A 68560,Y,2025,149
2025-05-30,,,11.4,Y,11.4,Hoburg A 68560,Y,2025,150
2025-05-31,,,12.9,Y,12.9,Hoburg A 68560,Y,2025,151
2025-06-01,,,11.1,Y,11.1,Hoburg A 68560,Y,2025,152
2025-06-02,,,13,Y,13,Hoburg A 68560,Y,2025,153
2025-06-03,,,12,Y,12,Hoburg A 68560,Y,2025,154
2025-06-04,,,12.9,Y,12.9,Hoburg A 68560,Y,2025,155
2025-06-05,,,13.3,Y,13.3,Hoburg A 68560,Y,2025,156
2025-06-06,,,12.5,Y,12.5,Hoburg A 68560,Y,2025,157
2025-06-07,,,12.6,Y,12.6,Hoburg A 68560,Y,2025,158
2025-06-08,,,11.9,Y,11.9,Hoburg A 68560,Y,2025,159
2025-06-09,,,12.7,Y,12.7,Hoburg A 68560,Y,2025,160
2025-06-10,,,11.8,Y,11.8,Hoburg A 68560,Y,2025,161
2025-06-11,,,12.5,Y,12.5,Hoburg A 68560,Y,2025,162
2025-06-12,,,12.8,Y,12.8,Hoburg A 68560,Y,2025,163
2025-06-13,,,13.3,Y,13.3,Hoburg A 68560,Y,2025,164
2025-06-14,,,13.5,Y,13.5,Hoburg A 68560,Y,2025,165
2025-06-15,,,14.6,Y,14.6,Hoburg A 68560,Y,2025,166
2025-06-16,,,15.3,Y,15.3,Hoburg A 68560,Y,2025,167
2025-06-17,,,15.9,Y,15.9,Hoburg A 68560,Y,2025,168
2025-06-18,,,16.7,Y,16.7,Hoburg A 68560,Y,2025,169
2025-06-19,,,14,Y,14,Hoburg A 68560,Y,2025,170
2025-06-20,,,15.3,Y,15.3,Hoburg A 68560,Y,2025,171
2025-06-21,,,15.5,Y,15.5,Hoburg A 68560,Y,2025,172
2025-06-22,,,14.4,Y,14.4,Hoburg A 68560,Y,2025,173
2025-06-23,,,14.8,Y,14.8,Hoburg A 68560,Y,2025,174
2025-06-24,,,14.1,Y,14.1,Hoburg A 68560,Y,2025,175
2025-06-25,,,15.3,Y,15.3,Hoburg A 68560,Y,2025,176
2025-06-26,,,15.6,Y,15.6,Hoburg A 68560,Y,2025,177
2025-06-27,,,15.7,Y,15.7,Hoburg A 68560,Y,2025,178
2025-06-28,,,15.5,Y,15.5,Hoburg A 68560,Y,2025,179
2025-06-29,,,17.2,Y,17.2,Hoburg A 68560,Y,2025,180
2025-06-30,,,16.5,Y,16.5,Hoburg A 68560,Y,2025,181
2025-07-01,,,17.9,Y,17.9,Hoburg A 68560,Y,2025,182
2025-07-02,,,18.3,Y,18.3,Hoburg A 68560,Y,2025,183
2025-07-03,,,18.4,Y,18.4,Hoburg A 68560,Y,2025,184
2025-07-04,,,16.1,Y,16.1,Hoburg A 68560,Y,2025,185
2025-07-05,,,15.2,Y,15.2,Hoburg A 68560,Y,2025,186
2025-07-06,,,16.5,Y,16.5,Hoburg A 68560,Y,2025,187
2025-07-07,,,17,Y,17,Hoburg A 68560,Y,2025,188
2025-07-08,,,16,Y,16,Hoburg A 68560,Y,2025,189
2025-07-09,,,16.8,Y,16.8,Hoburg A 68560,Y,2025,190
2025-07-10,,,17.4,Y,17.4,Hoburg A 68560,Y,2025,191
2025-07-11,,,14.8,Y,14.8,Hoburg A 68560,Y,2025,192
2025-07-12,,,17,Y,17,Hoburg A 68560,Y,2025,193
2025-07-13,,,18.7,Y,18.7,Hoburg A 68560,Y,2025,194
2025-07-14,,,19,Y,19,Hoburg A 68560,Y,2025,195
2025-07-15,,,19.2,Y,19.2,Hoburg A 68560,Y,2025,196
2025-07-16,,,17.4,Y,17.4,Hoburg A 68560,Y,2025,197
2025-07-17,,,20.5,Y,20.5,Hoburg A 68560,Y,2025,198
2025-07-18,,,21.6,Y,21.6,Hoburg A 68560,Y,2025,199
2025-07-19,,,23.1,Y,23.1,Hoburg A 68560,Y,2025,200
2025-07-20,,,22,Y,22,Hoburg A 68560,Y,2025,201
2025-07-21,,,21.6,Y,21.6,Hoburg A 68560,Y,2025,202
2025-07-22,,,21.8,Y,21.8,Hoburg A 68560,Y,2025,203
2025-07-23,,,19.3,Y,19.3,Hoburg A 68560,Y,2025,204
2025-07-24,,,20.2,Y,20.2,Hoburg A 68560,Y,2025,205
2025-07-25,,,20.1,Y,20.1,Hoburg A 68560,Y,2025,206
2025-07-26,,,20.7,Y,20.7,Hoburg A 68560,Y,2025,207
2025-07-27,,,20.9,Y,20.9,Hoburg A 68560,Y,2025,208
2025-07-28,,,20,Y,20,Hoburg A 68560,Y,2025,209
2025-07-29,,,19.4,Y,19.4,Hoburg A 68560,Y,2025,210
2025-07-30,,,18.3,Y,18.3,Hoburg A 68560,Y,2025,211
2025-07-31,,,18.7,Y,18.7,Hoburg A 68560,Y,2025,212
2025-08-01,,,18.4,Y,18.4,Hoburg A 68560,Y,2025,213
2025-08-02,,,19.1,Y,19.1,Hoburg A 68560,Y,2025,214
2025-08-03,,,18.9,Y,18.9,Hoburg A 68560,Y,2025,215
2025-08-04,,,18.8,Y,18.8,Hoburg A 68560,Y,2025,216
2025-08-05,,,18.2,Y,18.2,Hoburg A 68560,Y,2025,217
2025-08-06,,,17.2,Y,17.2,Hoburg A 68560,Y,2025,218
2025-08-07,,,17.3,Y,17.3,Hoburg A 68560,Y,2025,219
2025-08-08,,,18.2,Y,18.2,Hoburg A 68560,Y,2025,220
2025-08-09,,,18.4,Y,18.4,Hoburg A 68560,Y,2025,221
2025-08-10,,,18.5,Y,18.5,Hoburg A 68560,Y,2025,222
2025-08-11,,,17.2,Y,17.2,Hoburg A 68560,Y,2025,223
2025-08-12,,,18,Y,18,Hoburg A 68560,Y,2025,224
2025-08-13,,,18.1,Y,18.1,Hoburg A 68560,Y,2025,225
2025-08-14,,,18.2,Y,18.2,Hoburg A 68560,Y,2025,226
2025-08-15,,,19.8,Y,19.8,Hoburg A 68560,Y,2025,227
2025-08-16,,,17.8,Y,17.8,Hoburg A 68560,Y,2025,228
2025-08-17,,,16,Y,16,Hoburg A 68560,Y,2025,229
2025-08-18,,,17.7,Y,17.7,Hoburg A 68560,Y,2025,230
2025-08-19,,,18.6,Y,18.6,Hoburg A 68560,Y,2025,231
2025-08-20,,,14.9,Y,14.9,Hoburg A 68560,Y,2025,232
2025-08-21,,,14.7,Y,14.7,Hoburg A 68560,Y,2025,233
2025-08-22,,,14.3,Y,14.3,Hoburg A 68560,Y,2025,234
2025-08-23,,,13.3,Y,13.3,Hoburg A 68560,Y,2025,235
2025-08-24,,,15.5,Y,15.5,Hoburg A 68560,Y,2025,236
2025-08-25,,,14.3,Y,14.3,Hoburg A 68560,Y,2025,237
2025-08-26,,,13.8,Y,13.8,Hoburg A 68560,Y,2025,238
2025-08-27,,,15.7,Y,15.7,Hoburg A 68560,Y,2025,239
2025-08-28,,,17.2,Y,17.2,Hoburg A 68560,Y,2025,240
2025-08-29,,,16.9,Y,16.9,Hoburg A 68560,Y,2025,241
2025-08-30,,,16.7,Y,16.7,Hoburg A 68560,Y,2025,242
2025-08-31,,,17.4,Y,17.4,Hoburg A 68560,Y,2025,243
2025-09-01,,,16.6,Y,16.6,Hoburg A 68560,Y,2025,244
2025-09-02,,,17.5,Y,17.5,Hoburg A 68560,Y,2025,245
2025-09-03,,,17.6,Y,17.6,Hoburg A 68560,Y,2025,246
2025-09-04,,,19.2,Y,19.2,Hoburg A 68560,Y,2025,247
2025-09-05,,,19.1,Y,19.1,Hoburg A 68560,Y,2025,248
2025-09-06,,,17.5,Y,17.5,Hoburg A 68560,Y,2025,249
2025-09-07,,,17.5,Y,17.5,Hoburg A 68560,Y,2025,250
2025-09-08,,,19.4,Y,19.4,Hoburg A 68560,Y,2025,251
2025-09-09,,,18.6,Y,18.6,Hoburg A 68560,Y,2025,252
2025-09-10,,,18.6,Y,18.6,Hoburg A 68560,Y,2025,253
2025-09-11,,,17.7,Y,17.7,Hoburg A 68560,Y,2025,254
2025-09-12,,,17.7,Y,17.7,Hoburg A 68560,Y,2025,255
2025-09-13,,,17,Y,17,Hoburg A 68560,Y,2025,256
2025-09-14,,,17,Y,17,Hoburg A 68560,Y,2025,257
2025-09-15,,,16.1,Y,16.1,Hoburg A 68560,Y,2025,258
2025-09-16,,,15.8,Y,15.8,Hoburg A 68560,Y,2025,259
2025-09-17,,,15.6,Y,15.6,Hoburg A 68560,Y,2025,260
2025-09-18,,,15.6,Y,15.6,Hoburg A 68560,Y,2025,261
2025-09-19,,,16.4,Y,16.4,Hoburg A 68560,Y,2025,262
2025-09-20,,,17.2,Y,17.2,Hoburg A 68560,Y,2025,263
2025-09-21,,,17.8,Y,17.8,Hoburg A 68560,Y,2025,264
2025-09-22,,,13.6,Y,13.6,Hoburg A 68560,Y,2025,265
2025-09-23,,,11.1,Y,11.1,Hoburg A 68560,Y,2025,266
2025-09-24,,,11.8,Y,11.8,Hoburg A 68560,Y,2025,267
2025-09-25,,,12.2,Y,12.2,Hoburg A 68560,Y,2025,268
2025-09-26,,,12.7,Y,12.7,Hoburg A 68560,Y,2025,269
2025-09-27,,,12.5,Y,12.5,Hoburg A 68560,Y,2025,270
2025-09-28,,,13.5,Y,13.5,Hoburg A 68560,Y,2025,271
2025-09-29,,,10.7,Y,10.7,Hoburg A 68560,Y,2025,272
2025-09-30,,,10.8,Y,10.8,Hoburg A 68560,Y,2025,273
2025-10-01,,,11.1,Y,11.1,Hoburg A 68560,Y,2025,274
2025-10-02,,,9.9,Y,9.9,Hoburg A 68560,Y,2025,275
2025-10-03,,,10.2,Y,10.2,Hoburg A 68560,Y,2025,276
2025-10-04,,,10.7,Y,10.7,Hoburg A 68560,Y,2025,277
2025-10-05,,,12.3,Y,12.3,Hoburg A 68560,Y,2025,278
2025-10-06,,,12.9,Y,12.9,Hoburg A 68560,Y,2025,279
2025-10-07,,,13.1,Y,13.1,Hoburg A 68560,Y,2025,280
2025-10-08,,,13.4,Y,13.4,Hoburg A 68560,Y,2025,281
2025-10-09,,,12.6,Y,12.6,Hoburg A 68560,Y,2025,282
2025-10-10,,,12.3,Y,12.3,Hoburg A 68560,Y,2025,283
2025-10-11,,,13.8,Y,13.8,Hoburg A 68560,Y,2025,284
2025-10-12,,,11.9,Y,11.9,Hoburg A 68560,Y,2025,285
2025-10-13,,,9.6,Y,9.6,Hoburg A 68560,Y,2025,286
2025-10-14,,,8.7,Y,8.7,Hoburg A 68560,Y,2025,287
2025-10-15,,,11.1,Y,11.1,Hoburg A 68560,Y,2025,288
2025-10-16,,,10.8,Y,10.8,Hoburg A 68560,Y,2025,289
2025-10-17,,,7.2,Y,7.2,Hoburg A 68560,Y,2025,290
2025-10-18,,,7.7,Y,7.7,Hoburg A 68560,Y,2025,291
2025-10-19,,,8.6,Y,8.6,Hoburg A 68560,Y,2025,292
2025-10-20,,,9.6,Y,9.6,Hoburg A 68560,Y,2025,293
2025-10-21,,,10.9,Y,10.9,Hoburg A 68560,Y,2025,294
2025-10-22,,,11.5,Y,11.5,Hoburg A 68560,Y,2025,295
2025-10-23,,,11.7,Y,11.7,Hoburg A 68560,Y,2025,296
2025-10-24,,,11.1,Y,11.1,Hoburg A 68560,Y,2025,297
2025-10-25,,,10.3,Y,10.3,Hoburg A 68560,Y,2025,298
2025-10-26,,,9.3,Y,9.3,Hoburg A 68560,Y,2025,299
2025-10-27,,,8.5,Y,8.5,Hoburg A 68560,Y,2025,300
2025-10-28,,,8.7,Y,8.7,Hoburg A 68560,Y,2025,301
2025-10-29,,,8.7,Y,8.7,Hoburg A 68560,Y,2025,302
2025-10-30,,,10.1,Y,10.1,Hoburg A 68560,Y,2025,303
2025-10-31,,,7.6,Y,7.6,Hoburg A 68560,Y,2025,304
2025-11-01,,,9.5,Y,9.5,Hoburg A 68560,Y,2025,305
2025-11-02,,,10.6,Y,10.6,Hoburg A 68560,Y,2025,306
2025-11-03,,,10.2,Y,10.2,Hoburg A 68560,Y,2025,307
2025-11-04,,,11,Y,11,Hoburg A 68560,Y,2025,308
2025-11-05,,,11.1,Y,11.1,Hoburg A 68560,Y,2025,309
2025-11-06,,,10.7,Y,10.7,Hoburg A 68560,Y,2025,310
2025-11-07,,,9.7,Y,9.7,Hoburg A 68560,Y,2025,311
2025-11-08,,,9.3,Y,9.3,Hoburg A 68560,Y,2025,312
2025-11-09,,,9.1,Y,9.1,Hoburg A 68560,Y,2025,313
2025-11-10,,,8.3,Y,8.3,Hoburg A 68560,Y,2025,314
2025-11-11,,,8.7,Y,8.7,Hoburg A 68560,Y,2025,315
2025-11-12,,,10,Y,10,Hoburg A 68560,Y,2025,316
2025-11-13,,,10.7,Y,10.7,Hoburg A 68560,Y,2025,317
2025-11-14,,,5.8,Y,5.8,Hoburg A 68560,Y,2025,318
2025-11-15,,,3.5,Y,3.5,Hoburg A 68560,Y,2025,319
2025-11-16,,,5.4,Y,5.4,Hoburg A 68560,Y,2025,320
2025-11-17,,,4.1,Y,4.1,Hoburg A 68560,Y,2025,321
2025-11-18,,,3.1,Y,3.1,Hoburg A 68560,Y,2025,322
2025-11-19,,,2.3,Y,2.3,Hoburg A 68560,Y,2025,323
2025-11-20,,,4.5,Y,4.5,Hoburg A 68560,Y,2025,324
2025-11-21,,,2.8,Y,2.8,Hoburg A 68560,Y,2025,325
2025-11-22,,,4.3,Y,4.3,Hoburg A 68560,Y,2025,326
2025-11-23,,,5.2,Y,5.2,Hoburg A 68560,Y,2025,327
2025-11-24,,,2.6,Y,2.6,Hoburg A 68560,Y,2025,328
2025-11-25,,,3.3,Y,3.3,Hoburg A 68560,Y,2025,329
2025-11-26,,,3,Y,3,Hoburg A 68560,Y,2025,330
2025-11-27,,,3.6,Y,3.6,Hoburg A 68560,Y,2025,331
2025-11-28,,,7.5,Y,7.5,Hoburg A 68560,Y,2025,332
2025-11-29,,,7.7,Y,7.7,Hoburg A 68560,Y,2025,333
2025-11-30,,,6.3,Y,6.3,Hoburg A 68560,Y,2025,334
2025-12-01,,,6.9,Y,6.9,Hoburg A 68560,Y,2025,335
2025-12-02,,,6.1,Y,6.1,Hoburg A 68560,Y,2025,336
2025-12-03,,,5.4,Y,5.4,Hoburg A 68560,Y,2025,337
2025-12-04,,,5.7,Y,5.7,Hoburg A 68560,Y,2025,338
2025-12-05,,,6.1,Y,6.1,Hoburg A 68560,Y,2025,339
2025-12-06,,,6.7,Y,6.7,Hoburg A 68560,Y,2025,340
2025-12-07,,,6.8,Y,6.8,Hoburg A 68560,Y,2025,341
2025-12-08,,,7.6,Y,7.6,Hoburg A 68560,Y,2025,342
2025-12-09,,,7.9,Y,7.9,Hoburg A 68560,Y,2025,343
2025-12-10,,,8.2,Y,8.2,Hoburg A 68560,Y,2025,344
2025-12-11,,,7.9,Y,7.9,Hoburg A 68560,Y,2025,345
2025-12-12,,,5.6,Y,5.6,Hoburg A 68560,Y,2025,346
2025-12-13,,,5.7,Y,5.7,Hoburg A 68560,Y,2025,347
2025-12-14,,,6.7,Y,6.7,Hoburg A 68560,Y,2025,348
2025-12-15,,,6.5,Y,6.5,Hoburg A 68560,Y,2025,349
2025-12-16,,,6.3,Y,6.3,Hoburg A 68560,Y,2025,350
2025-12-17,,,6.9,Y,6.9,Hoburg A 68560,Y,2025,351
2025-12-18,,,6.8,Y,6.8,Hoburg A 68560,Y,2025,352
2025-12-19,,,7.4,Y,7.4,Hoburg A 68560,Y,2025,353
2025-12-20,,,6.8,Y,6.8,Hoburg A 68560,Y,2025,354
2025-12-21,,,5.7,Y,5.7,Hoburg A 68560,Y,2025,355
2025-12-22,,,3.3,Y,3.3,Hoburg A 68560,Y,2025,356
2025-12-23,,,0.5,Y,0.5,Hoburg A 68560,Y,2025,357
2025-12-24,,,0.3,Y,0.3,Hoburg A 68560,Y,2025,358
2025-12-25,,,1,Y,1,Hoburg A 68560,Y,2025,359
2025-12-26,,,5.6,Y,5.6,Hoburg A 68560,Y,2025,360
2025-12-27,,,5.5,Y,5.5,Hoburg A 68560,Y,2025,361
2025-12-28,,,3,Y,3,Hoburg A 68560,Y,2025,362
2025-12-29,,,2.6,Y,2.6,Hoburg A 68560,Y,2025,363
2025-12-30,,,0.3,Y,0.3,Hoburg A 68560,Y,2025,364
2025-12-31,,,-2.3,Y,-2.3,Hoburg A 68560,Y,2025,365
